time,open,high,low,close,Volume
2025-12-02 04:00:00,23783.38,23790.3,23782.22,23787.22,0
2025-12-02 04:05:00,23788.76,23793.0,23786.46,23786.46,0
2025-12-02 04:10:00,23789.15,23802.62,23789.15,23798.39,0
2025-12-02 04:15:00,23795.31,23802.62,23794.54,23799.16,0
2025-12-02 04:20:00,23796.08,23800.7,23791.84,23800.7,0
2025-12-02 04:25:00,23801.47,23809.94,23801.09,23804.55,0
2025-12-02 04:30:00,23803.4,23803.4,23791.08,23793.38,0
2025-12-02 04:35:00,23791.08,23795.31,23787.22,23788.38,0
2025-12-02 04:40:00,23792.62,23795.7,23787.22,23795.31,0
2025-12-02 04:45:00,23791.08,23799.16,23786.84,23798.0,0
2025-12-02 04:50:00,23799.54,23809.17,23799.54,23806.09,0
2025-12-02 04:55:00,23809.17,23809.17,23800.32,23800.32,0
2025-12-02 05:00:00,23804.55,23804.55,23801.09,23802.24,0
2025-12-02 05:05:00,23802.24,23816.1,23801.86,23816.1,0
2025-12-02 05:10:00,23816.48,23816.48,23804.55,23806.48,0
2025-12-02 05:15:00,23804.94,23807.24,23799.93,23806.86,0
2025-12-02 05:20:00,23808.02,23808.02,23798.39,23800.7,0
2025-12-02 05:25:00,23801.86,23814.95,23799.16,23814.18,0
2025-12-02 05:30:00,23816.1,23824.18,23814.95,23818.8,0
2025-12-02 05:35:00,23818.02,23820.72,23813.79,23819.18,0
2025-12-02 05:40:00,23819.95,23831.5,23819.95,23830.34,0
2025-12-02 05:45:00,23831.5,23838.43,23831.5,23833.42,0
2025-12-02 05:50:00,23834.96,23849.6,23833.04,23848.82,0
2025-12-02 05:55:00,23848.05,23854.6,23844.2,23844.98,0
2025-12-02 06:00:00,23848.82,23848.82,23838.43,23838.43,0
2025-12-02 06:05:00,23837.66,23849.98,23837.66,23845.74,0
2025-12-02 06:10:00,23850.36,23852.29,23843.05,23846.9,0
2025-12-02 06:15:00,23847.67,23848.82,23843.05,23847.67,0
2025-12-02 06:20:00,23848.82,23852.68,23846.9,23852.68,0
2025-12-02 06:25:00,23853.06,23857.68,23842.28,23857.68,0
2025-12-02 06:30:00,23854.6,23863.07,23852.68,23853.45,0
2025-12-02 06:35:00,23853.06,23854.6,23841.12,23853.83,0
2025-12-02 06:40:00,23851.52,23853.06,23843.44,23846.9,0
2025-12-02 06:45:00,23848.82,23850.75,23845.36,23848.82,0
2025-12-02 06:50:00,23848.82,23851.52,23846.13,23848.05,0
2025-12-02 06:55:00,23847.67,23848.44,23836.5,23838.43,0
2025-12-02 07:00:00,23839.2,23846.9,23837.28,23843.05,0
2025-12-02 07:05:00,23846.52,23851.9,23836.89,23838.04,0
2025-12-02 07:10:00,23836.89,23836.89,23823.03,23831.88,0
2025-12-02 07:15:00,23835.35,23839.2,23830.34,23838.04,0
2025-12-02 07:20:00,23843.05,23846.9,23837.28,23844.59,0
2025-12-02 07:25:00,23841.9,23845.36,23836.5,23844.2,0
2025-12-02 07:30:00,23841.12,23841.12,23819.95,23821.1,0
2025-12-02 07:35:00,23821.49,23825.72,23817.26,23825.72,0
2025-12-02 07:40:00,23821.88,23827.65,23820.72,23824.57,0
2025-12-02 07:45:00,23824.96,23828.77,23821.88,23827.26,0
2025-12-02 07:50:00,23825.34,23839.59,23825.34,23836.89,0
2025-12-02 07:55:00,23837.66,23856.14,23836.89,23855.37,0
2025-12-02 08:00:00,23838.43,23863.46,23697.18,23848.05,0
2025-12-02 08:05:00,23849.4,23851.14,23761.04,23849.21,0
2025-12-02 08:10:00,23849.98,23855.37,23845.94,23854.22,0
2025-12-02 08:15:00,23854.98,23860.38,23848.25,23849.6,0
2025-12-02 08:20:00,23850.36,23858.02,23843.82,23855.76,0
2025-12-02 08:25:00,23855.76,23858.04,23851.14,23851.14,0
2025-12-02 08:30:00,23852.87,23853.83,23840.36,23844.98,0
2025-12-02 08:35:00,23844.98,23855.37,23841.12,23855.02,0
2025-12-02 08:40:00,23858.45,23869.23,23857.3,23862.68,0
2025-12-02 08:45:00,23863.07,23863.07,23761.04,23849.6,0
2025-12-02 08:50:00,23851.14,23852.66,23838.04,23848.82,0
2025-12-02 08:55:00,23848.82,23861.55,23842.66,23861.55,0
2025-12-02 09:00:00,23864.22,23876.16,23859.6,23871.35,0
2025-12-02 09:05:00,23873.08,23876.93,23862.68,23863.07,0
2025-12-02 09:10:00,23862.3,23868.08,23858.45,23864.22,0
2025-12-02 09:15:00,23865.37,23868.84,23861.14,23865.38,0
2025-12-02 09:20:00,23865.76,23870.77,23860.38,23865.38,0
2025-12-02 09:25:00,23865.38,23865.38,23841.9,23847.67,0
2025-12-02 09:30:00,23849.21,23881.55,23830.73,23880.7,1464761
2025-12-02 09:35:00,23880.97,23957.01,23875.78,23947.39,1153184
2025-12-02 09:40:00,23947.39,23961.07,23927.05,23944.69,679512
2025-12-02 09:45:00,23945.46,23952.39,23918.51,23933.91,607076
2025-12-02 09:50:00,23933.91,23957.78,23913.89,23920.36,846209
2025-12-02 09:55:00,23920.82,23953.97,23915.82,23946.61,524019
2025-12-02 10:00:00,23947.0,23990.89,23944.69,23980.11,790801
2025-12-02 10:05:00,23981.65,23998.59,23975.49,23983.58,543819
2025-12-02 10:10:00,23983.96,23985.49,23952.01,23980.69,574003
2025-12-02 10:15:00,23980.88,23989.35,23964.33,23974.34,433448
2025-12-02 10:20:00,23974.72,23985.5,23953.93,23984.34,464134
2025-12-02 10:25:00,23984.73,23992.04,23917.74,23923.76,526596
2025-12-02 10:30:00,23923.52,23930.06,23885.4,23902.34,847109
2025-12-02 10:35:00,23903.88,23922.74,23891.56,23910.42,464201
2025-12-02 10:40:00,23910.81,23974.72,23907.34,23970.1,563809
2025-12-02 10:45:00,23970.1,23995.51,23963.17,23995.51,459332
2025-12-02 10:50:00,23997.43,24014.38,23992.04,23997.43,418357
2025-12-02 10:55:00,23997.43,24005.14,23984.73,23993.2,320383
2025-12-02 11:00:00,23993.97,24007.83,23967.79,23992.82,689443
2025-12-02 11:05:00,23992.43,23993.2,23935.07,23941.99,652663
2025-12-02 11:10:00,23942.38,23952.78,23878.47,23893.48,748553
2025-12-02 11:15:00,23893.1,23906.19,23870.39,23885.02,706412
2025-12-02 11:20:00,23884.44,23896.18,23817.64,23820.72,734578
2025-12-02 11:25:00,23819.95,23841.51,23803.4,23819.18,612420
2025-12-02 11:30:00,23818.41,23838.82,23777.22,23808.78,803843
2025-12-02 11:35:00,23808.21,23859.6,23804.93,23858.84,691593
2025-12-02 11:40:00,23859.22,23880.4,23846.13,23846.13,556296
2025-12-02 11:45:00,23845.36,23866.53,23836.51,23851.91,331208
2025-12-02 11:50:00,23852.67,23875.78,23847.67,23872.7,300360
2025-12-02 11:55:00,23872.7,23888.86,23858.64,23864.61,345749
2025-12-02 12:00:00,23864.61,23906.96,23860.76,23890.6,346610
2025-12-02 12:05:00,23890.02,23899.26,23871.92,23873.47,244874
2025-12-02 12:10:00,23872.7,23903.88,23870.39,23903.3,238709
2025-12-02 12:15:00,23903.49,23949.31,23900.03,23944.69,562643
2025-12-02 12:20:00,23944.69,23956.24,23930.45,23935.07,350198
2025-12-02 12:25:00,23934.68,23962.59,23930.84,23954.32,233519
2025-12-02 12:30:00,23954.32,23970.87,23954.32,23960.09,239902
2025-12-02 12:35:00,23960.47,23960.86,23937.06,23946.23,11203034
2025-12-02 12:40:00,23946.42,23952.01,23935.45,23947.39,0
2025-12-02 12:45:00,23947.39,23956.62,23941.75,23951.45,160792
2025-12-02 12:50:00,23951.59,23954.32,23905.8,23914.28,329320
2025-12-02 12:55:00,23913.89,23916.97,23861.74,23861.74,460826
2025-12-02 13:00:00,23861.53,23901.63,23853.64,23889.64,12017143
2025-12-02 13:05:00,23889.64,23929.43,23886.94,23910.81,0
2025-12-02 13:10:00,23910.04,23914.66,23893.48,23905.03,254008
2025-12-02 13:15:00,23904.27,23919.66,23894.64,23916.59,233531
2025-12-02 13:20:00,23915.82,23936.6,23912.35,23922.36,245470
2025-12-02 13:25:00,23922.47,23924.46,23897.34,23915.43,272856
2025-12-02 13:30:00,23913.51,23927.75,23899.65,23906.58,241920
2025-12-02 13:35:00,23906.19,23907.92,23886.55,23890.79,279798
2025-12-02 13:40:00,23890.79,23915.43,23884.63,23910.42,261087
2025-12-02 13:45:00,23909.66,23919.28,23896.18,23915.43,215842
2025-12-02 13:50:00,23914.47,23937.38,23905.8,23936.6,247656
2025-12-02 13:55:00,23936.6,23937.76,23910.81,23928.52,263500
2025-12-02 14:00:00,23927.36,23950.08,23916.97,23945.84,280592
2025-12-02 14:05:00,23945.08,23958.55,23941.61,23945.65,238406
2025-12-02 14:10:00,23945.84,23958.55,23939.3,23953.23,245415
2025-12-02 14:15:00,23952.97,23959.32,23945.08,23947.19,158914
2025-12-02 14:20:00,23947.77,23948.92,23916.2,23923.52,285568
2025-12-02 14:25:00,23923.9,23937.38,23917.91,23936.22,248000
2025-12-02 14:30:00,23935.84,23956.24,23931.98,23954.32,331446
2025-12-02 14:35:00,23953.93,23959.71,23945.84,23952.78,220598
2025-12-02 14:40:00,23953.16,23956.24,23930.45,23938.15,209506
2025-12-02 14:45:00,23938.53,23960.86,23933.91,23952.78,200167
2025-12-02 14:50:00,23952.78,23982.42,23949.31,23972.79,315615
2025-12-02 14:55:00,23972.79,23989.73,23970.13,23980.49,240751
2025-12-02 15:00:00,23980.88,23985.89,23963.55,23970.48,283653
2025-12-02 15:05:00,23970.48,23976.26,23965.63,23975.49,163904
2025-12-02 15:10:00,23975.49,23984.73,23966.25,23977.41,132077
2025-12-02 15:15:00,23977.41,23978.96,23969.25,23975.88,542113
2025-12-02 15:20:00,23975.88,23984.34,23974.34,23977.8,146410
2025-12-02 15:25:00,23977.61,23985.89,23973.95,23981.07,157797
2025-12-02 15:30:00,23981.07,23993.97,23978.57,23983.19,235664
2025-12-02 15:35:00,23983.58,23984.34,23961.24,23962.78,280785
2025-12-02 15:40:00,23963.17,23971.64,23955.85,23968.95,331543
2025-12-02 15:45:00,23969.14,23983.58,23965.86,23972.41,373734
2025-12-02 15:50:00,23972.03,23980.69,23941.61,23943.15,1147035
2025-12-02 15:55:00,23943.15,23961.63,23943.15,23949.7,1186546
2025-12-02 16:00:00,23948.54,23954.7,23942.19,23947.77,0
2025-12-02 16:05:00,23947.38,23952.78,23761.04,23946.62,0
2025-12-02 16:10:00,23945.08,23948.89,23940.84,23945.27,0
2025-12-02 16:15:00,23946.23,23949.65,23927.43,23944.3,0
2025-12-02 16:20:00,23947.0,23948.92,23939.3,23947.77,0
2025-12-02 16:25:00,23948.35,23949.7,23945.84,23948.92,0
2025-12-02 16:30:00,23948.54,23949.7,23945.08,23947.58,0
2025-12-02 16:35:00,23947.0,23947.77,23942.0,23945.84,0
2025-12-02 16:40:00,23945.46,23947.0,23939.69,23940.83,0
2025-12-02 16:45:00,23940.26,23945.08,23939.28,23942.0,0
2025-12-02 16:50:00,23941.96,23948.54,23940.84,23948.54,0
2025-12-02 16:55:00,23948.54,23955.09,23946.62,23954.32,0
2025-12-02 17:00:00,23952.0,23953.54,23947.0,23950.46,0
2025-12-02 17:05:00,23951.67,23957.8,23951.62,23957.8,0
2025-12-02 17:10:00,23958.16,23958.16,23952.39,23958.16,0
2025-12-02 17:15:00,23955.86,23958.94,23952.78,23954.7,0
2025-12-02 17:20:00,23955.45,23963.94,23954.7,23958.16,0
2025-12-02 17:25:00,23957.01,23961.94,23957.01,23961.44,0
2025-12-02 17:30:00,23961.64,23965.29,23961.63,23963.36,0
2025-12-02 17:35:00,23966.18,23966.25,23962.02,23962.78,0
2025-12-02 17:40:00,23963.55,23964.32,23962.02,23962.21,0
2025-12-02 17:45:00,23962.4,23964.32,23962.02,23962.76,0
2025-12-02 17:50:00,23962.78,23966.25,23947.0,23964.71,0
2025-12-02 17:55:00,23965.48,23966.25,23962.02,23963.94,0
2025-12-02 18:00:00,23966.25,23973.96,23963.94,23963.94,0
2025-12-02 18:05:00,23964.94,23967.02,23960.48,23967.02,0
2025-12-02 18:10:00,23963.94,23966.64,23960.86,23962.98,0
2025-12-02 18:15:00,23962.02,23970.1,23960.54,23970.1,0
2025-12-02 18:20:00,23970.68,23979.72,23968.56,23973.37,0
2025-12-02 18:25:00,23975.09,23975.49,23969.14,23974.64,0
2025-12-02 18:30:00,23975.49,23976.45,23972.02,23974.3,0
2025-12-02 18:35:00,23973.76,23975.1,23971.45,23971.95,0
2025-12-02 18:40:00,23972.32,23973.56,23967.02,23969.14,0
2025-12-02 18:45:00,23973.56,23974.72,23967.02,23969.33,0
2025-12-02 18:50:00,23969.52,23971.64,23968.37,23968.95,0
2025-12-02 18:55:00,23969.33,23977.22,23969.14,23972.36,0
2025-12-03 04:00:00,24008.6,24008.6,23988.2,23993.59,0
2025-12-03 04:05:00,23992.43,23995.51,23973.95,23973.95,0
2025-12-03 04:10:00,23975.49,23985.5,23974.72,23983.96,0
2025-12-03 04:15:00,23981.26,23981.26,23970.48,23974.72,0
2025-12-03 04:20:00,23975.1,23975.49,23970.1,23971.26,0
2025-12-03 04:25:00,23969.33,23974.34,23968.95,23972.41,0
2025-12-03 04:30:00,23970.1,23977.8,23966.64,23977.8,0
2025-12-03 04:35:00,23977.03,23989.35,23973.18,23984.34,0
2025-12-03 04:40:00,23983.19,23983.19,23971.26,23979.72,0
2025-12-03 04:45:00,23976.64,23986.66,23975.49,23982.42,0
2025-12-03 04:50:00,23980.5,23984.73,23979.72,23984.73,0
2025-12-03 04:55:00,23983.58,23990.5,23983.58,23988.58,0
2025-12-03 05:00:00,23988.96,23990.12,23987.04,23987.42,0
2025-12-03 05:05:00,23991.66,23995.12,23990.89,23994.74,0
2025-12-03 05:10:00,23995.12,24000.52,23989.35,23990.89,0
2025-12-03 05:15:00,23990.12,23993.97,23990.12,23993.2,0
2025-12-03 05:20:00,23993.59,23994.74,23990.5,23990.5,0
2025-12-03 05:25:00,23993.97,23996.28,23993.97,23995.9,0
2025-12-03 05:30:00,23995.12,23995.12,23981.65,23987.04,0
2025-12-03 05:35:00,23983.96,23985.12,23973.95,23980.5,0
2025-12-03 05:40:00,23978.96,23983.96,23977.8,23982.04,0
2025-12-03 05:45:00,23979.34,23979.72,23967.79,23968.18,0
2025-12-03 05:50:00,23966.25,23971.64,23959.7,23965.1,0
2025-12-03 05:55:00,23972.8,23976.26,23972.02,23976.26,0
2025-12-03 06:00:00,23969.72,23972.41,23969.72,23970.87,0
2025-12-03 06:05:00,23973.18,23979.34,23964.71,23966.25,0
2025-12-03 06:10:00,23966.25,23975.88,23966.25,23975.88,0
2025-12-03 06:15:00,23977.8,23979.34,23976.26,23976.26,0
2025-12-03 06:20:00,23975.49,23980.88,23973.18,23980.88,0
2025-12-03 06:25:00,23981.65,23992.04,23981.65,23990.12,0
2025-12-03 06:30:00,23989.35,23990.89,23988.58,23988.96,0
2025-12-03 06:35:00,23985.88,23988.2,23983.96,23985.5,0
2025-12-03 06:40:00,23988.2,23989.35,23985.5,23988.2,0
2025-12-03 06:45:00,23987.04,23988.2,23985.88,23986.27,0
2025-12-03 06:50:00,23989.35,23995.12,23989.35,23989.74,0
2025-12-03 06:55:00,23993.97,23993.97,23983.96,23985.5,0
2025-12-03 07:00:00,23982.8,23989.35,23967.79,23980.5,0
2025-12-03 07:05:00,23980.88,23995.12,23980.88,23994.32,0
2025-12-03 07:10:00,23994.74,23997.78,23992.82,23995.9,0
2025-12-03 07:15:00,23996.24,23998.2,23990.12,23996.28,0
2025-12-03 07:20:00,23995.09,24002.82,23989.35,24002.05,0
2025-12-03 07:25:00,24002.44,24002.44,23995.51,23997.01,0
2025-12-03 07:30:00,23999.36,24002.82,23996.63,24002.82,0
2025-12-03 07:35:00,24003.21,24010.52,24003.21,24008.98,0
2025-12-03 07:40:00,24008.98,24009.76,24007.06,24008.6,0
2025-12-03 07:45:00,24008.95,24011.68,24007.45,24011.64,0
2025-12-03 07:50:00,24012.03,24013.22,24007.06,24008.6,0
2025-12-03 07:55:00,24008.6,24010.14,24004.75,24005.52,0
2025-12-03 08:00:00,24008.94,24022.84,23961.63,24010.91,0
2025-12-03 08:05:00,24010.49,24012.45,23947.0,24010.49,0
2025-12-03 08:10:00,24011.66,24024.79,24011.3,24022.84,0
2025-12-03 08:15:00,24020.15,24024.0,23997.05,24002.82,0
2025-12-03 08:20:00,24002.05,24009.37,23990.89,24006.29,0
2025-12-03 08:25:00,24006.29,24013.6,24005.14,24010.52,0
2025-12-03 08:30:00,24009.76,24010.33,24000.9,24004.75,0
2025-12-03 08:35:00,24004.94,24016.3,24003.98,24012.84,0
2025-12-03 08:40:00,24013.6,24013.6,24004.36,24004.36,0
2025-12-03 08:45:00,24005.9,24005.9,23929.06,24005.52,0
2025-12-03 08:50:00,24005.52,24017.07,24003.21,24009.37,0
2025-12-03 08:55:00,24008.22,24009.56,23997.05,23998.22,0
2025-12-03 09:00:00,23998.59,24002.05,23872.31,23879.62,0
2025-12-03 09:05:00,23878.47,23891.18,23789.15,23803.01,0
2025-12-03 09:10:00,23801.86,23836.12,23785.3,23796.08,0
2025-12-03 09:15:00,23799.1,23843.82,23787.61,23814.37,0
2025-12-03 09:20:00,23813.4,23841.12,23809.17,23830.34,0
2025-12-03 09:25:00,23826.88,23858.45,23826.88,23855.76,0
2025-12-03 09:30:00,23854.6,23895.03,23820.34,23834.97,2560373
2025-12-03 09:35:00,23835.35,23876.96,23814.68,23823.41,535583
2025-12-03 09:40:00,23823.41,23874.62,23819.95,23836.89,423692
2025-12-03 09:45:00,23835.73,23863.07,23824.38,23827.65,462123
2025-12-03 09:50:00,23827.27,23852.44,23794.54,23848.83,625267
2025-12-03 09:55:00,23848.05,23860.76,23836.89,23857.29,334997
2025-12-03 10:00:00,23859.99,23927.75,23846.13,23925.83,656151
2025-12-03 10:05:00,23926.59,23928.91,23872.31,23872.31,499028
2025-12-03 10:10:00,23871.16,23896.57,23858.07,23873.08,413162
2025-12-03 10:15:00,23875.39,23917.74,23869.23,23892.33,417620
2025-12-03 10:20:00,23892.72,23908.11,23859.6,23905.42,520259
2025-12-03 10:25:00,23905.8,23910.42,23881.55,23885.78,358336
2025-12-03 10:30:00,23885.02,23934.68,23860.38,23932.37,895845
2025-12-03 10:35:00,23933.14,23955.09,23911.58,23925.44,763953
2025-12-03 10:40:00,23926.21,23952.78,23921.82,23948.92,637625
2025-12-03 10:45:00,23948.92,23957.78,23935.64,23941.99,426870
2025-12-03 10:50:00,23940.46,23949.7,23915.82,23915.82,330843
2025-12-03 10:55:00,23916.2,23931.6,23907.73,23918.7,361807
2025-12-03 11:00:00,23918.51,23952.39,23917.35,23950.08,389596
2025-12-03 11:05:00,23950.08,23950.47,23908.89,23909.66,298172
2025-12-03 11:10:00,23909.05,23913.12,23880.01,23897.72,477416
2025-12-03 11:15:00,23897.34,23934.68,23891.56,23934.68,280314
2025-12-03 11:20:00,23935.45,23939.85,23894.26,23908.5,384839
2025-12-03 11:25:00,23907.73,23922.74,23901.96,23921.59,259996
2025-12-03 11:30:00,23922.36,23965.67,23916.59,23964.33,522480
2025-12-03 11:35:00,23963.94,23972.22,23949.91,23962.78,436805
2025-12-03 11:40:00,23963.17,23967.41,23954.7,23964.71,218358
2025-12-03 11:45:00,23964.71,23967.79,23947.39,23950.47,251740
2025-12-03 11:50:00,23950.61,23950.61,23923.13,23923.52,325978
2025-12-03 11:55:00,23923.9,23924.84,23888.09,23916.2,454178
2025-12-03 12:00:00,23916.59,23947.0,23913.89,23945.08,383861
2025-12-03 12:05:00,23945.46,23950.85,23911.58,23921.21,317635
2025-12-03 12:10:00,23920.43,23953.93,23915.04,23950.46,217690
2025-12-03 12:15:00,23951.23,23957.97,23939.3,23956.43,258525
2025-12-03 12:20:00,23955.85,23982.42,23955.47,23975.1,361592
2025-12-03 12:25:00,23975.49,23977.8,23964.33,23971.26,322225
2025-12-03 12:30:00,23971.26,23977.8,23958.16,23958.55,205228
2025-12-03 12:35:00,23958.93,23970.1,23951.23,23968.95,156781
2025-12-03 12:40:00,23969.67,23971.98,23960.47,23970.87,110805
2025-12-03 12:45:00,23971.26,23979.72,23963.17,23976.26,155867
2025-12-03 12:50:00,23976.26,23977.03,23959.32,23972.41,177379
2025-12-03 12:55:00,23971.64,23987.04,23968.95,23977.03,204587
2025-12-03 13:00:00,23976.26,23988.58,23975.1,23979.72,242445
2025-12-03 13:05:00,23979.72,23983.58,23970.87,23972.79,140930
2025-12-03 13:10:00,23972.41,23984.34,23970.1,23983.96,409358
2025-12-03 13:15:00,23984.15,23985.89,23972.03,23972.41,121657
2025-12-03 13:20:00,23972.79,23977.8,23960.86,23969.33,190949
2025-12-03 13:25:00,23969.72,23978.96,23969.33,23978.18,126648
2025-12-03 13:30:00,23978.96,23989.35,23978.96,23984.34,206358
2025-12-03 13:35:00,23984.34,23991.66,23983.58,23989.35,12447989
2025-12-03 13:40:00,23989.35,24003.21,23988.39,24001.67,0
2025-12-03 13:45:00,24002.83,24003.59,23992.43,23998.59,263263
2025-12-03 13:50:00,23998.21,24002.83,23988.58,23996.66,164058
2025-12-03 13:55:00,23997.05,23997.82,23974.34,23980.49,245309
2025-12-03 14:00:00,23978.97,23998.97,23977.22,23992.82,479014
2025-12-03 14:05:00,23993.2,24000.13,23988.0,23995.12,144464
2025-12-03 14:10:00,23995.12,24001.28,23987.81,23999.36,147002
2025-12-03 14:15:00,23999.66,24000.9,23989.73,23994.35,165270
2025-12-03 14:20:00,23994.35,24001.28,23990.31,24000.13,110894
2025-12-03 14:25:00,24000.71,24006.29,23996.66,23998.97,134913
2025-12-03 14:30:00,23998.59,24001.28,23991.66,23995.9,190875
2025-12-03 14:35:00,23996.47,24002.83,23992.82,24000.52,165165
2025-12-03 14:40:00,24000.52,24008.41,23998.21,24007.64,156739
2025-12-03 14:45:00,24007.83,24007.83,23999.74,24005.91,231751
2025-12-03 14:50:00,24005.91,24017.65,24005.52,24014.38,192929
2025-12-03 14:55:00,24014.38,24020.53,24013.99,24018.22,177831
2025-12-03 15:00:00,24018.22,24023.61,24013.41,24013.99,221947
2025-12-03 15:05:00,24014.38,24019.38,24008.79,24016.81,368796
2025-12-03 15:10:00,24016.68,24029.39,24016.68,24026.31,220267
2025-12-03 15:15:00,24026.12,24032.47,24023.23,24024.77,180441
2025-12-03 15:20:00,24025.92,24029.0,24020.92,24025.6,221875
2025-12-03 15:25:00,24025.92,24032.47,24017.07,24029.89,274304
2025-12-03 15:30:00,24029.39,24029.78,24017.84,24017.84,192256
2025-12-03 15:35:00,24017.46,24024.96,24015.53,24021.69,194067
2025-12-03 15:40:00,24021.69,24026.31,24017.46,24025.16,240145
2025-12-03 15:45:00,24024.77,24030.16,24019.83,24023.23,485866
2025-12-03 15:50:00,24022.84,24024.77,23995.12,23998.1,731044
2025-12-03 15:55:00,23998.21,24010.53,23991.28,24005.91,1254417
2025-12-03 16:00:00,24005.9,24007.83,23996.47,24003.21,0
2025-12-03 16:05:00,24003.6,24005.52,23992.04,23997.05,0
2025-12-03 16:10:00,23997.05,24005.52,23992.07,23998.2,0
2025-12-03 16:15:00,23995.12,24005.52,23994.74,23998.2,0
2025-12-03 16:20:00,23996.66,24000.9,23994.74,23997.44,0
2025-12-03 16:25:00,23996.28,23997.43,23990.89,23990.89,0
2025-12-03 16:30:00,23990.89,24005.52,23987.81,23995.12,0
2025-12-03 16:35:00,23995.12,23998.59,23994.36,23995.12,0
2025-12-03 16:40:00,23996.12,23996.12,23988.77,23989.74,0
2025-12-03 16:45:00,23989.74,23990.89,23985.5,23986.08,0
2025-12-03 16:50:00,23985.88,23993.97,23985.88,23993.97,0
2025-12-03 16:55:00,23993.97,23996.28,23993.2,23993.59,0
2025-12-03 17:00:00,23994.36,24005.52,23986.27,23992.82,0
2025-12-03 17:05:00,23992.82,23993.59,23990.5,23992.82,0
2025-12-03 17:10:00,23993.59,23996.66,23992.43,23994.01,0
2025-12-03 17:15:00,23993.97,23996.28,23991.58,23992.82,0
2025-12-03 17:20:00,23995.12,23995.89,23991.28,23991.28,0
2025-12-03 17:25:00,23991.28,23995.12,23990.5,23993.15,0
2025-12-03 17:30:00,23991.28,23993.2,23387.72,23991.29,0
2025-12-03 17:35:00,23992.24,23993.2,23991.28,23993.01,0
2025-12-03 17:40:00,23993.2,23993.97,23989.35,23989.35,0
2025-12-03 17:45:00,23988.95,23990.31,23987.04,23987.04,0
2025-12-03 17:50:00,23989.35,23992.04,23987.42,23991.28,0
2025-12-03 17:55:00,23992.04,23993.25,23989.93,23990.12,0
2025-12-03 18:00:00,23993.97,24004.36,23985.5,23996.47,0
2025-12-03 18:05:00,23996.28,24005.52,23988.61,23989.35,0
2025-12-03 18:10:00,23989.93,24003.6,23988.58,23994.36,0
2025-12-03 18:15:00,23995.9,24002.73,23995.51,24002.73,0
2025-12-03 18:20:00,24001.09,24003.98,23998.59,23998.59,0
2025-12-03 18:25:00,23999.55,23999.74,23995.9,23998.59,0
2025-12-03 18:30:00,23998.71,24003.17,23998.71,24000.32,0
2025-12-03 18:35:00,24000.52,24002.82,23998.98,24000.13,0
2025-12-03 18:40:00,24002.05,24004.75,23999.36,24000.9,0
2025-12-03 18:45:00,24000.9,24001.28,23995.12,23996.63,0
2025-12-03 18:50:00,23995.12,24000.9,23993.01,23995.12,0
2025-12-03 18:55:00,23994.36,23997.01,23994.36,23997.0,0
2025-12-04 04:00:00,23988.96,24002.82,23985.5,24002.82,0
2025-12-04 04:05:00,24000.52,24002.82,23988.96,23991.28,0
2025-12-04 04:10:00,23995.12,23995.12,23989.35,23989.35,0
2025-12-04 04:15:00,23987.42,23987.42,23969.33,23976.26,0
2025-12-04 04:20:00,23975.88,23995.12,23974.34,23995.12,0
2025-12-04 04:25:00,23994.36,23998.2,23994.36,23996.66,0
2025-12-04 04:30:00,23999.74,24018.61,23998.98,24015.91,0
2025-12-04 04:35:00,24015.91,24026.7,24014.76,24026.7,0
2025-12-04 04:40:00,24027.85,24039.4,24027.85,24032.09,0
2025-12-04 04:45:00,24033.24,24034.78,24024.38,24028.62,0
2025-12-04 04:50:00,24033.62,24039.02,24031.7,24039.02,0
2025-12-04 04:55:00,24038.24,24038.24,24034.4,24037.09,0
2025-12-04 05:00:00,24034.01,24037.86,24031.7,24035.55,0
2025-12-04 05:05:00,24036.7,24039.02,24026.31,24031.7,0
2025-12-04 05:10:00,24033.62,24033.62,24024.38,24027.08,0
2025-12-04 05:15:00,24024.77,24029.0,24023.23,24028.24,0
2025-12-04 05:20:00,24027.85,24029.78,24027.08,24029.78,0
2025-12-04 05:25:00,24027.85,24030.16,24024.38,24030.16,0
2025-12-04 05:30:00,24025.92,24025.92,24015.14,24016.3,0
2025-12-04 05:35:00,24014.38,24014.38,24008.22,24012.06,0
2025-12-04 05:40:00,24011.3,24013.99,24008.6,24009.76,0
2025-12-04 05:45:00,24008.22,24011.3,24001.67,24004.36,0
2025-12-04 05:50:00,24003.21,24003.21,23994.36,24001.67,0
2025-12-04 05:55:00,24000.9,24006.29,23996.66,23996.66,0
2025-12-04 06:00:00,23995.12,24004.75,23990.5,24004.75,0
2025-12-04 06:05:00,24006.29,24006.29,23986.27,23992.43,0
2025-12-04 06:10:00,23998.2,23998.2,23993.2,23993.2,0
2025-12-04 06:15:00,23990.12,23994.36,23982.42,23987.04,0
2025-12-04 06:20:00,23985.12,23993.2,23983.58,23986.66,0
2025-12-04 06:25:00,23988.58,23993.2,23988.58,23992.82,0
2025-12-04 06:30:00,23992.43,24004.75,23992.04,23997.05,0
2025-12-04 06:35:00,23998.2,24005.9,23995.12,23995.12,0
2025-12-04 06:40:00,23993.2,23995.9,23987.81,23995.9,0
2025-12-04 06:45:00,23994.74,24001.67,23993.59,24001.67,0
2025-12-04 06:50:00,24002.44,24008.6,24002.44,24005.9,0
2025-12-04 06:55:00,24002.44,24008.6,23998.2,24007.83,0
2025-12-04 07:00:00,24006.68,24016.3,24004.75,24015.14,0
2025-12-04 07:05:00,24013.22,24015.91,24006.68,24011.68,0
2025-12-04 07:10:00,24013.99,24016.3,24011.68,24014.76,0
2025-12-04 07:15:00,24016.68,24016.68,24009.37,24015.14,0
2025-12-04 07:20:00,24011.68,24020.15,24011.68,24017.84,0
2025-12-04 07:25:00,24014.76,24015.53,24012.84,24012.84,0
2025-12-04 07:30:00,24014.38,24020.15,24008.6,24008.6,0
2025-12-04 07:35:00,24012.45,24014.76,24012.45,24014.76,0
2025-12-04 07:40:00,24013.99,24020.15,24010.91,24019.38,0
2025-12-04 07:45:00,24019.42,24019.42,24012.45,24013.22,0
2025-12-04 07:50:00,24012.45,24024.77,24012.45,24017.07,0
2025-12-04 07:55:00,24015.53,24016.3,24008.6,24010.14,0
2025-12-04 08:00:00,23987.86,24041.32,23966.2,24003.21,0
2025-12-04 08:05:00,24002.44,24008.98,24000.52,24008.02,0
2025-12-04 08:10:00,24007.92,24007.92,23990.5,23991.28,0
2025-12-04 08:15:00,23991.66,23999.36,23988.8,23998.98,0
2025-12-04 08:20:00,23998.98,24005.14,23996.28,24004.81,0
2025-12-04 08:25:00,24004.63,24008.22,24002.7,24006.1,0
2025-12-04 08:30:00,24012.45,24015.53,23983.19,23998.98,0
2025-12-04 08:35:00,23998.98,24003.6,23991.3,23997.44,0
2025-12-04 08:40:00,23995.12,23998.98,23981.65,23993.01,0
2025-12-04 08:45:00,23992.43,24005.52,23981.65,23988.96,0
2025-12-04 08:50:00,23990.12,23990.12,23972.02,23983.19,0
2025-12-04 08:55:00,23984.15,23987.81,23981.23,23985.5,0
2025-12-04 09:00:00,23989.35,24025.92,23989.35,24017.84,0
2025-12-04 09:05:00,24017.07,24063.27,24016.3,24058.65,0
2025-12-04 09:10:00,24058.65,24079.05,24054.03,24071.16,0
2025-12-04 09:15:00,24071.36,24074.44,24045.95,24054.8,0
2025-12-04 09:20:00,24053.64,24054.78,24043.64,24043.64,0
2025-12-04 09:25:00,24043.44,24059.04,24042.86,24058.28,0
2025-12-04 09:30:00,24054.8,24054.8,23919.28,23926.21,1837458
2025-12-04 09:35:00,23925.83,23990.89,23910.42,23970.87,1043784
2025-12-04 09:40:00,23972.6,23995.51,23935.45,23947.39,676660
2025-12-04 09:45:00,23947.77,23963.17,23928.52,23942.77,521696
2025-12-04 09:50:00,23942.38,23960.86,23920.82,23941.99,660808
2025-12-04 09:55:00,23940.07,23958.93,23900.41,23916.59,462195
2025-12-04 10:00:00,23914.66,23934.29,23909.27,23926.21,411447
2025-12-04 10:05:00,23924.67,23948.74,23916.2,23933.53,707327
2025-12-04 10:10:00,23932.76,23936.99,23905.42,23925.83,438085
2025-12-04 10:15:00,23925.83,23945.84,23909.66,23928.91,449678
2025-12-04 10:20:00,23927.75,23953.71,23916.59,23920.05,433664
2025-12-04 10:25:00,23919.66,23950.46,23882.32,23947.0,883207
2025-12-04 10:30:00,23947.77,23960.47,23937.76,23952.78,406588
2025-12-04 10:35:00,23953.16,23985.89,23950.39,23982.8,421374
2025-12-04 10:40:00,23983.19,23992.82,23970.29,23984.36,341797
2025-12-04 10:45:00,23984.34,23989.35,23940.07,23953.93,427281
2025-12-04 10:50:00,23954.32,23955.09,23925.22,23945.08,434753
2025-12-04 10:55:00,23944.3,23950.08,23926.59,23927.75,263925
2025-12-04 11:00:00,23927.36,23940.84,23889.25,23894.26,464344
2025-12-04 11:05:00,23893.87,23908.89,23868.46,23908.5,617039
2025-12-04 11:10:00,23908.89,23920.43,23884.24,23910.42,376045
2025-12-04 11:15:00,23911.58,23932.76,23899.26,23930.83,352842
2025-12-04 11:20:00,23930.83,23953.73,23926.21,23949.31,372725
2025-12-04 11:25:00,23950.08,23950.47,23923.52,23940.07,354028
2025-12-04 11:30:00,23939.68,23956.24,23928.14,23933.91,375568
2025-12-04 11:35:00,23935.07,23954.7,23927.75,23937.57,306169
2025-12-04 11:40:00,23938.08,23939.3,23923.14,23927.75,320419
2025-12-04 11:45:00,23928.14,23973.95,23928.14,23972.03,310509
2025-12-04 11:50:00,23972.79,23989.35,23966.64,23983.41,551331
2025-12-04 11:55:00,23983.19,24002.25,23978.18,23994.74,281339
2025-12-04 12:00:00,23994.35,24003.59,23988.11,23991.28,362513
2025-12-04 12:05:00,23990.89,23990.89,23960.47,23970.1,334434
2025-12-04 12:10:00,23970.48,23987.04,23955.66,23985.5,292656
2025-12-04 12:15:00,23986.27,23988.2,23968.95,23976.65,165605
2025-12-04 12:20:00,23976.07,23979.34,23953.93,23957.01,188156
2025-12-04 12:25:00,23957.78,23972.03,23954.7,23957.39,178229
2025-12-04 12:30:00,23957.4,23960.47,23943.53,23956.62,558807
2025-12-04 12:35:00,23956.26,23979.15,23955.85,23958.93,203568
2025-12-04 12:40:00,23958.16,23969.72,23948.92,23968.56,292077
2025-12-04 12:45:00,23968.56,23971.64,23955.28,23956.62,131779
2025-12-04 12:50:00,23955.47,23973.18,23955.47,23972.79,167749
2025-12-04 12:55:00,23972.79,23977.03,23964.71,23973.11,130080
2025-12-04 13:00:00,23972.41,23975.49,23962.02,23966.44,123491
2025-12-04 13:05:00,23965.86,23965.86,23932.76,23947.77,258543
2025-12-04 13:10:00,23948.54,23961.24,23936.6,23959.13,215859
2025-12-04 13:15:00,23959.32,23973.95,23954.32,23957.78,203872
2025-12-04 13:20:00,23958.16,23970.48,23957.01,23970.1,134215
2025-12-04 13:25:00,23969.72,23980.88,23964.33,23976.45,161136
2025-12-04 13:30:00,23976.26,23986.27,23973.57,23976.26,352178
2025-12-04 13:35:00,23977.03,23977.03,23964.71,23971.64,144499
2025-12-04 13:40:00,23971.26,23974.72,23952.01,23956.24,212258
2025-12-04 13:45:00,23956.56,23964.13,23949.7,23954.7,175610
2025-12-04 13:50:00,23953.93,23966.95,23952.01,23963.17,184837
2025-12-04 13:55:00,23962.98,23966.64,23954.32,23960.09,130884
2025-12-04 14:00:00,23959.71,23963.17,23952.01,23956.24,162289
2025-12-04 14:05:00,23956.94,23967.4,23949.7,23959.32,182745
2025-12-04 14:10:00,23958.55,23960.09,23940.46,23948.92,187020
2025-12-04 14:15:00,23948.54,23948.54,23902.72,23905.03,365583
2025-12-04 14:20:00,23904.65,23908.1,23852.29,23874.23,12323279
2025-12-04 14:25:00,23874.62,23911.0,23870.77,23892.88,0
2025-12-04 14:30:00,23893.1,23930.83,23885.78,23930.83,371176
2025-12-04 14:35:00,23930.45,23965.86,23929.29,23945.84,553026
2025-12-04 14:40:00,23945.84,23953.16,23933.14,23948.22,361228
2025-12-04 14:45:00,23948.54,23962.78,23943.53,23956.24,249913
2025-12-04 14:50:00,23956.62,23960.86,23944.5,23950.08,300992
2025-12-04 14:55:00,23949.31,23960.47,23937.38,23945.46,207364
2025-12-04 15:00:00,23945.08,23949.7,23929.29,23929.29,264074
2025-12-04 15:05:00,23928.91,23936.99,23910.04,23932.0,363773
2025-12-04 15:10:00,23931.6,23948.54,23928.91,23943.53,218921
2025-12-04 15:15:00,23943.92,23944.3,23923.52,23935.07,245122
2025-12-04 15:20:00,23935.84,23937.38,23924.28,23925.44,205264
2025-12-04 15:25:00,23925.44,23935.84,23920.05,23920.82,208116
2025-12-04 15:30:00,23921.58,23939.3,23918.9,23933.91,193779
2025-12-04 15:35:00,23934.29,23936.22,23921.97,23934.68,207735
2025-12-04 15:40:00,23934.68,23936.41,23920.82,23927.36,168875
2025-12-04 15:45:00,23927.36,23940.84,23921.59,23940.07,235904
2025-12-04 15:50:00,23940.84,23970.87,23939.94,23953.54,709207
2025-12-04 15:55:00,23953.16,23985.5,23950.47,23980.11,15781760
2025-12-04 16:00:00,23980.88,24005.52,23974.34,23974.72,0
2025-12-04 16:05:00,23983.19,23987.42,23971.26,23986.78,0
2025-12-04 16:10:00,23986.29,23987.04,23981.65,23985.5,0
2025-12-04 16:15:00,23985.12,23988.2,23983.19,23987.81,0
2025-12-04 16:20:00,23987.42,23989.74,23985.88,23987.7,0
2025-12-04 16:25:00,23987.23,23989.74,23985.88,23986.27,0
2025-12-04 16:30:00,23985.5,23986.15,23983.77,23985.12,0
2025-12-04 16:35:00,23985.5,23986.27,23981.65,23984.34,0
2025-12-04 16:40:00,23983.77,23984.34,23980.88,23981.65,0
2025-12-04 16:45:00,23981.26,23982.54,23979.34,23980.88,0
2025-12-04 16:50:00,23980.11,23982.42,23978.59,23980.5,0
2025-12-04 16:55:00,23980.88,23985.5,23979.2,23985.5,0
2025-12-04 17:00:00,23985.34,23985.5,23979.72,23979.72,0
2025-12-04 17:05:00,23980.11,23983.19,23977.84,23978.18,0
2025-12-04 17:10:00,23980.99,23983.19,23978.18,23978.96,0
2025-12-04 17:15:00,23979.65,23979.72,23977.8,23978.76,0
2025-12-04 17:20:00,23978.76,23979.72,23974.72,23977.8,0
2025-12-04 17:25:00,23977.8,23979.72,23974.34,23979.72,0
2025-12-04 17:30:00,23978.96,23979.72,23975.88,23976.45,0
2025-12-04 17:35:00,23977.61,23978.18,23974.34,23976.07,0
2025-12-04 17:40:00,23976.07,23977.8,23974.34,23974.34,0
2025-12-04 17:45:00,23974.72,23975.49,23972.8,23973.2,0
2025-12-04 17:50:00,23973.56,23977.8,23973.18,23975.49,0
2025-12-04 17:55:00,23977.8,23977.8,23973.95,23975.88,0
2025-12-04 18:00:00,23977.03,23998.59,23977.03,23996.47,0
2025-12-04 18:05:00,23997.05,23997.05,23986.1,23987.42,0
2025-12-04 18:10:00,23987.62,23990.89,23981.84,23984.73,0
2025-12-04 18:15:00,23985.12,23987.37,23983.77,23985.12,0
2025-12-04 18:20:00,23985.12,23987.04,23981.65,23983.38,0
2025-12-04 18:25:00,23984.29,23987.81,23982.8,23984.92,0
2025-12-04 18:30:00,23985.5,23985.5,23967.79,23967.79,0
2025-12-04 18:35:00,23968.52,23974.72,23968.37,23972.8,0
2025-12-04 18:40:00,23972.76,23975.26,23970.1,23971.45,0
2025-12-04 18:45:00,23971.64,23972.41,23963.75,23971.27,0
2025-12-04 18:50:00,23972.81,23979.34,23972.81,23977.77,0
2025-12-04 18:55:00,23977.61,23977.8,23972.02,23973.6,0
2025-12-05 04:00:00,24082.14,24088.68,24074.44,24088.68,0
2025-12-05 04:05:00,24089.45,24090.22,24080.6,24084.06,0
2025-12-05 04:10:00,24077.13,24079.82,24069.04,24071.74,0
2025-12-05 04:15:00,24072.12,24078.28,24070.59,24070.59,0
2025-12-05 04:20:00,24075.2,24077.13,24073.66,24075.98,0
2025-12-05 04:25:00,24077.52,24084.83,24077.52,24084.45,0
2025-12-05 04:30:00,24085.22,24085.22,24077.9,24077.9,0
2025-12-05 04:35:00,24075.98,24077.52,24070.2,24070.59,0
2025-12-05 04:40:00,24068.28,24069.43,24064.81,24066.74,0
2025-12-05 04:45:00,24069.43,24072.9,24069.04,24069.04,0
2025-12-05 04:50:00,24070.59,24072.12,24070.59,24070.97,0
2025-12-05 04:55:00,24069.82,24077.13,24069.43,24077.13,0
2025-12-05 05:00:00,24075.2,24080.98,24070.97,24073.28,0
2025-12-05 05:05:00,24075.2,24078.67,24072.12,24078.67,0
2025-12-05 05:10:00,24079.44,24088.68,24078.67,24078.67,0
2025-12-05 05:15:00,24077.9,24082.9,24076.36,24082.52,0
2025-12-05 05:20:00,24083.29,24083.29,24080.6,24081.36,0
2025-12-05 05:25:00,24081.36,24082.14,24077.13,24082.14,0
2025-12-05 05:30:00,24082.52,24082.52,24078.67,24080.21,0
2025-12-05 05:35:00,24083.29,24083.29,24079.82,24081.75,0
2025-12-05 05:40:00,24085.6,24087.52,24082.52,24087.14,0
2025-12-05 05:45:00,24085.6,24085.6,24080.98,24081.75,0
2025-12-05 05:50:00,24083.29,24083.68,24077.13,24077.13,0
2025-12-05 05:55:00,24078.28,24078.67,24071.74,24074.05,0
2025-12-05 06:00:00,24071.74,24076.36,24063.27,24073.28,0
2025-12-05 06:05:00,24072.12,24080.98,24070.2,24075.59,0
2025-12-05 06:10:00,24075.59,24076.36,24074.44,24075.59,0
2025-12-05 06:15:00,24078.28,24078.67,24069.82,24072.9,0
2025-12-05 06:20:00,24077.9,24083.68,24076.36,24076.36,0
2025-12-05 06:25:00,24075.2,24082.14,24075.2,24080.6,0
2025-12-05 06:30:00,24074.05,24078.28,24073.66,24078.28,0
2025-12-05 06:35:00,24077.13,24077.52,24074.05,24074.05,0
2025-12-05 06:40:00,24074.82,24076.74,24072.51,24076.74,0
2025-12-05 06:45:00,24075.59,24077.9,24075.59,24077.52,0
2025-12-05 06:50:00,24077.52,24077.52,24075.98,24075.98,0
2025-12-05 06:55:00,24077.9,24077.9,24075.59,24075.59,0
2025-12-05 07:00:00,24075.59,24088.3,24071.36,24083.29,0
2025-12-05 07:05:00,24084.45,24085.98,24077.13,24079.05,0
2025-12-05 07:10:00,24077.52,24077.52,24070.59,24070.59,0
2025-12-05 07:15:00,24070.2,24072.12,24062.12,24063.27,0
2025-12-05 07:20:00,24062.12,24062.88,24049.02,24060.58,0
2025-12-05 07:25:00,24058.26,24066.35,24055.57,24065.58,0
2025-12-05 07:30:00,24069.43,24072.12,24065.96,24069.04,0
2025-12-05 07:35:00,24071.74,24072.9,24067.5,24070.62,0
2025-12-05 07:40:00,24070.97,24071.36,24062.5,24062.5,0
2025-12-05 07:45:00,24062.5,24064.42,24056.72,24056.72,0
2025-12-05 07:50:00,24057.11,24057.88,24052.88,24055.96,0
2025-12-05 07:55:00,24055.57,24061.73,24055.57,24060.58,0
2025-12-05 08:00:00,24082.09,24106.39,23965.21,24064.07,0
2025-12-05 08:05:00,24064.42,24065.96,23983.19,24064.04,0
2025-12-05 08:10:00,24064.04,24065.2,24058.65,24061.83,0
2025-12-05 08:15:00,24061.73,24061.73,24051.72,24051.72,0
2025-12-05 08:20:00,24050.95,24052.1,24039.39,24042.29,0
2025-12-05 08:25:00,24041.75,24047.1,24035.55,24047.1,0
2025-12-05 08:30:00,24044.4,24047.48,24020.92,24023.2,0
2025-12-05 08:35:00,24022.46,24022.46,23987.81,23989.35,0
2025-12-05 08:40:00,23988.96,23998.2,23971.64,23977.99,0
2025-12-05 08:45:00,23977.8,23983.19,23949.31,23954.28,0
2025-12-05 08:50:00,23952.78,23983.97,23946.62,23983.96,0
2025-12-05 08:55:00,23983.98,23988.96,23971.26,23978.18,0
2025-12-05 09:00:00,23977.41,23993.74,23975.88,23991.66,0
2025-12-05 09:05:00,23991.66,24004.75,23988.58,24000.52,0
2025-12-05 09:10:00,24000.52,24012.84,24000.13,24012.84,0
2025-12-05 09:15:00,24013.6,24016.3,24004.75,24009.95,0
2025-12-05 09:20:00,24008.98,24016.3,24006.29,24009.76,0
2025-12-05 09:25:00,24010.52,24042.1,24010.52,24038.24,0
2025-12-05 09:30:00,24038.24,24126.79,24037.97,24111.27,2191947
2025-12-05 09:35:00,24111.4,24128.34,24085.22,24085.72,1020023
2025-12-05 09:40:00,24085.98,24095.22,24033.24,24065.97,796742
2025-12-05 09:45:00,24065.97,24107.16,24065.2,24107.16,607112
2025-12-05 09:50:00,24107.93,24153.74,24095.99,24145.84,771958
2025-12-05 09:55:00,24146.43,24149.9,24121.02,24142.58,571270
2025-12-05 10:00:00,24142.58,24167.22,24120.64,24162.98,599572
2025-12-05 10:05:00,24162.98,24185.32,24160.29,24178.39,550257
2025-12-05 10:10:00,24179.54,24207.26,24178.0,24204.95,469980
2025-12-05 10:15:00,24204.95,24213.42,24186.47,24188.01,533113
2025-12-05 10:20:00,24188.4,24204.95,24177.23,24202.64,498150
2025-12-05 10:25:00,24202.64,24203.03,24176.08,24184.93,536304
2025-12-05 10:30:00,24184.93,24207.45,24183.78,24201.48,459336
2025-12-05 10:35:00,24202.26,24204.57,24177.81,24186.47,358607
2025-12-05 10:40:00,24186.85,24189.16,24159.14,24169.53,410588
2025-12-05 10:45:00,24168.38,24181.01,24144.89,24171.07,528406
2025-12-05 10:50:00,24170.69,24170.69,24110.62,24121.21,785301
2025-12-05 10:55:00,24121.02,24121.41,24073.86,24098.3,883710
2025-12-05 11:00:00,24098.3,24121.41,24091.37,24098.01,620858
2025-12-05 11:05:00,24096.77,24113.32,24080.59,24087.72,435881
2025-12-05 11:10:00,24088.29,24093.68,24064.81,24065.58,480045
2025-12-05 11:15:00,24064.42,24067.89,24043.25,24054.41,903307
2025-12-05 11:20:00,24054.41,24090.22,24043.25,24071.74,559013
2025-12-05 11:25:00,24071.74,24096.38,24052.49,24056.34,435192
2025-12-05 11:30:00,24056.34,24056.34,24012.84,24037.47,682785
2025-12-05 11:35:00,24037.47,24054.41,24027.04,24044.02,328676
2025-12-05 11:40:00,24044.41,24062.5,24031.32,24049.41,351644
2025-12-05 11:45:00,24048.64,24067.51,24039.78,24063.62,570521
2025-12-05 11:50:00,24063.66,24093.3,24051.72,24090.99,390634
2025-12-05 11:55:00,24090.8,24114.86,24084.25,24085.22,477052
2025-12-05 12:00:00,24084.83,24093.3,24061.73,24075.59,459288
2025-12-05 12:05:00,24074.82,24086.95,24067.89,24077.52,316195
2025-12-05 12:10:00,24077.9,24078.67,24051.34,24054.99,298881
2025-12-05 12:15:00,24054.41,24065.2,24050.57,24055.96,214662
2025-12-05 12:20:00,24056.72,24065.85,24047.87,24063.27,198510
2025-12-05 12:25:00,24063.44,24067.89,24051.34,24053.26,166784
2025-12-05 12:30:00,24053.65,24057.88,24041.33,24042.46,454099
2025-12-05 12:35:00,24042.09,24055.57,24024.77,24054.41,357949
2025-12-05 12:40:00,24054.41,24056.01,24039.4,24052.49,193554
2025-12-05 12:45:00,24052.3,24068.28,24046.33,24058.65,291321
2025-12-05 12:50:00,24057.11,24095.61,24055.18,24091.18,11719503
2025-12-05 12:55:00,24091.18,24094.07,24075.59,24085.98,0
2025-12-05 13:00:00,24085.6,24090.01,24075.21,24085.22,241669
2025-12-05 13:05:00,24084.83,24094.07,24080.21,24093.3,213957
2025-12-05 13:10:00,24092.91,24093.68,24079.05,24080.02,201935
2025-12-05 13:15:00,24081.17,24085.41,24071.35,24079.05,198061
2025-12-05 13:20:00,24079.41,24079.83,24057.88,24074.82,263132
2025-12-05 13:25:00,24074.05,24101.77,24070.97,24099.08,291431
2025-12-05 13:30:00,24098.91,24111.78,24094.84,24107.54,364931
2025-12-05 13:35:00,24107.93,24110.64,24095.99,24106.2,13307618
2025-12-05 13:40:00,24106.39,24106.97,24079.49,24090.99,0
2025-12-05 13:45:00,24090.8,24093.68,24081.36,24092.85,129756
2025-12-05 13:50:00,24092.91,24095.42,24077.52,24090.22,169616
2025-12-05 13:55:00,24089.45,24091.18,24081.36,24082.91,129496
2025-12-05 14:00:00,24083.29,24085.98,24072.12,24077.13,223204
2025-12-05 14:05:00,24077.34,24085.6,24071.35,24082.91,177093
2025-12-05 14:10:00,24082.91,24095.61,24079.05,24094.26,162421
2025-12-05 14:15:00,24094.26,24096.38,24065.58,24075.42,239414
2025-12-05 14:20:00,24074.82,24083.29,24064.81,24070.01,183842
2025-12-05 14:25:00,24070.01,24089.07,24066.79,24078.67,204792
2025-12-05 14:30:00,24079.05,24085.04,24066.73,24080.4,192816
2025-12-05 14:35:00,24079.44,24081.36,24070.2,24081.36,134967
2025-12-05 14:40:00,24081.36,24084.45,24063.27,24069.04,194233
2025-12-05 14:45:00,24069.24,24069.82,24060.58,24069.04,134321
2025-12-05 14:50:00,24068.66,24086.18,24067.12,24084.82,200967
2025-12-05 14:55:00,24084.83,24098.69,24081.36,24092.6,222000
2025-12-05 15:00:00,24092.91,24095.22,24079.83,24083.29,194822
2025-12-05 15:05:00,24082.91,24087.14,24076.74,24078.09,161169
2025-12-05 15:10:00,24077.9,24082.52,24069.04,24080.6,159730
2025-12-05 15:15:00,24080.59,24094.84,24080.59,24092.15,294622
2025-12-05 15:20:00,24092.53,24092.78,24077.13,24081.27,171521
2025-12-05 15:25:00,24081.56,24082.14,24071.37,24081.75,207564
2025-12-05 15:30:00,24081.36,24084.06,24070.2,24082.52,228739
2025-12-05 15:35:00,24081.75,24082.52,24072.12,24072.51,192849
2025-12-05 15:40:00,24072.51,24078.86,24064.42,24077.9,197084
2025-12-05 15:45:00,24077.9,24078.48,24046.16,24050.57,584328
2025-12-05 15:50:00,24050.18,24077.9,24036.32,24064.23,757964
2025-12-05 15:55:00,24064.81,24094.65,24064.04,24082.91,1156025
2025-12-05 16:00:00,24080.98,24093.68,23983.19,24090.6,0
2025-12-05 16:05:00,24090.34,24097.92,24080.98,24091.76,0
2025-12-05 16:10:00,24092.14,24095.21,24080.98,24090.99,0
2025-12-05 16:15:00,24090.22,24093.35,24080.98,24090.22,0
2025-12-05 16:20:00,24090.41,24093.3,24080.98,24091.38,0
2025-12-05 16:25:00,24091.38,24093.12,24089.06,24089.06,0
2025-12-05 16:30:00,24087.91,24091.61,24087.33,24089.45,0
2025-12-05 16:35:00,24088.68,24094.84,24088.68,24094.84,0
2025-12-05 16:40:00,24094.46,24094.84,24091.79,24092.14,0
2025-12-05 16:45:00,24091.76,24096.38,24091.76,24093.3,0
2025-12-05 16:50:00,24093.69,24094.33,24090.8,24090.99,0
2025-12-05 16:55:00,24090.99,24094.07,24090.33,24090.99,0
2025-12-05 17:00:00,24093.68,24094.84,24080.98,24091.38,0
2025-12-05 17:05:00,24091.38,24093.68,24088.68,24090.8,0
2025-12-05 17:10:00,24090.41,24090.99,24080.98,24089.64,0
2025-12-05 17:15:00,24089.64,24090.99,24088.68,24089.45,0
2025-12-05 17:20:00,24089.64,24090.6,24086.76,24088.68,0
2025-12-05 17:25:00,24089.06,24089.84,24088.68,24089.06,0
2025-12-05 17:30:00,24089.06,24089.45,24088.68,24088.87,0
2025-12-05 17:35:00,24088.87,25144.77,24083.68,24086.76,0
2025-12-05 17:40:00,24088.3,24088.68,24084.5,24087.15,0
2025-12-05 17:45:00,24087.72,24089.45,24085.55,24089.45,0
2025-12-05 17:50:00,24089.84,24090.22,24080.98,24089.45,0
2025-12-05 17:55:00,24089.45,24090.99,24089.45,24090.99,0
2025-12-05 18:00:00,24089.94,24090.99,24089.45,24090.03,0
2025-12-05 18:05:00,24089.45,24090.99,24089.45,24089.45,0
2025-12-05 18:10:00,24089.84,24091.38,24089.64,24089.8,0
2025-12-05 18:15:00,24089.83,24089.84,24089.45,24089.64,0
2025-12-05 18:20:00,24090.22,24091.38,24089.45,24090.59,0
2025-12-05 18:25:00,24090.22,24090.6,24089.45,24090.03,0
2025-12-05 18:30:00,24090.6,24090.6,24089.45,24090.6,0
2025-12-05 18:35:00,24090.6,24090.6,24089.45,24090.22,0
2025-12-05 18:40:00,24090.22,24090.57,24089.45,24089.84,0
2025-12-05 18:45:00,24089.45,24090.6,24089.45,24089.45,0
2025-12-05 18:50:00,24089.47,24090.22,24089.45,24089.84,0
2025-12-05 18:55:00,24089.45,24089.84,24086.03,24087.33,0
2025-12-08 04:00:00,24132.18,24135.65,24129.49,24134.5,0
2025-12-08 04:05:00,24133.72,24143.74,24133.72,24141.42,0
2025-12-08 04:10:00,24142.96,24146.43,24138.73,24144.12,0
2025-12-08 04:15:00,24142.58,24142.58,24134.5,24139.88,0
2025-12-08 04:20:00,24143.74,24146.43,24141.42,24144.12,0
2025-12-08 04:25:00,24147.97,24151.44,24146.04,24149.9,0
2025-12-08 04:30:00,24149.51,24152.2,24147.2,24148.74,0
2025-12-08 04:35:00,24150.28,24152.2,24141.42,24145.66,0
2025-12-08 04:40:00,24145.66,24145.66,24135.65,24136.8,0
2025-12-08 04:45:00,24133.34,24134.5,24127.56,24131.41,0
2025-12-08 04:50:00,24132.57,24136.8,24131.8,24134.88,0
2025-12-08 04:55:00,24136.42,24136.42,24128.34,24129.1,0
2025-12-08 05:00:00,24133.72,24133.72,24122.56,24126.02,0
2025-12-08 05:05:00,24122.56,24128.34,24120.25,24121.79,0
2025-12-08 05:10:00,24126.41,24135.65,24126.41,24131.8,0
2025-12-08 05:15:00,24132.57,24132.57,24125.26,24126.8,0
2025-12-08 05:20:00,24126.8,24133.72,24126.8,24132.96,0
2025-12-08 05:25:00,24132.18,24144.12,24131.8,24143.74,0
2025-12-08 05:30:00,24144.5,24151.05,24142.2,24148.74,0
2025-12-08 05:35:00,24152.2,24152.2,24146.43,24148.74,0
2025-12-08 05:40:00,24146.43,24147.2,24143.35,24146.04,0
2025-12-08 05:45:00,24145.66,24149.51,24144.12,24148.74,0
2025-12-08 05:50:00,24147.97,24149.51,24147.97,24149.51,0
2025-12-08 05:55:00,24149.51,24150.66,24147.2,24147.97,0
2025-12-08 06:00:00,24147.97,24147.97,24137.96,24140.27,0
2025-12-08 06:05:00,24141.04,24146.04,24136.42,24146.04,0
2025-12-08 06:10:00,24143.35,24149.12,24140.66,24149.12,0
2025-12-08 06:15:00,24144.5,24149.12,24144.5,24146.43,0
2025-12-08 06:20:00,24144.5,24144.5,24134.5,24134.5,0
2025-12-08 06:25:00,24132.96,24136.04,24128.72,24128.72,0
2025-12-08 06:30:00,24131.41,24131.8,24129.49,24131.03,0
2025-12-08 06:35:00,24129.1,24133.72,24128.72,24133.72,0
2025-12-08 06:40:00,24135.26,24136.42,24134.11,24135.65,0
2025-12-08 06:45:00,24134.5,24137.58,24133.34,24136.8,0
2025-12-08 06:50:00,24134.5,24141.04,24133.34,24133.34,0
2025-12-08 06:55:00,24131.41,24134.5,24131.41,24133.72,0
2025-12-08 07:00:00,24129.88,24142.2,24122.56,24142.2,0
2025-12-08 07:05:00,24137.96,24141.04,24137.58,24140.27,0
2025-12-08 07:10:00,24139.88,24139.88,24134.88,24138.73,0
2025-12-08 07:15:00,24140.66,24143.35,24140.66,24141.04,0
2025-12-08 07:20:00,24140.66,24145.28,24139.15,24144.93,0
2025-12-08 07:25:00,24146.43,24146.43,24141.42,24142.58,0
2025-12-08 07:30:00,24140.66,24147.55,24140.27,24146.39,0
2025-12-08 07:35:00,24146.43,24148.74,24141.81,24147.97,0
2025-12-08 07:40:00,24145.28,24156.82,24145.28,24156.4,0
2025-12-08 07:45:00,24154.9,24164.91,24154.09,24164.91,0
2025-12-08 07:50:00,24163.37,24165.3,24156.82,24159.52,0
2025-12-08 07:55:00,24158.75,24160.29,24152.59,24158.36,0
2025-12-08 08:00:00,24157.98,24173.0,24099.04,24161.07,0
2025-12-08 08:05:00,24161.06,24162.98,24080.98,24162.6,0
2025-12-08 08:10:00,24162.98,24168.76,24158.43,24167.22,0
2025-12-08 08:15:00,24167.6,24171.84,24165.3,24169.91,0
2025-12-08 08:20:00,24170.49,24185.32,24154.13,24157.4,0
2025-12-08 08:25:00,24159.14,24164.72,24155.28,24162.79,0
2025-12-08 08:30:00,24163.76,24163.76,24141.04,24146.04,0
2025-12-08 08:35:00,24145.66,24151.03,24143.35,24147.22,0
2025-12-08 08:40:00,24147.59,24160.27,24144.7,24160.27,0
2025-12-08 08:45:00,24159.92,24163.37,24080.98,24159.52,0
2025-12-08 08:50:00,24159.9,24164.91,24153.36,24164.14,0
2025-12-08 08:55:00,24163.0,24168.38,24157.98,24164.14,0
2025-12-08 09:00:00,24164.91,24176.46,24161.45,24175.69,0
2025-12-08 09:05:00,24175.88,24176.84,24170.68,24171.46,0
2025-12-08 09:10:00,24171.84,24173.76,24166.84,24172.97,0
2025-12-08 09:15:00,24172.61,24173.0,24158.75,24167.21,0
2025-12-08 09:20:00,24167.62,24171.65,24156.82,24158.36,0
2025-12-08 09:25:00,24156.44,24158.36,24139.11,24147.97,0
2025-12-08 09:30:00,24145.28,24210.34,24134.88,24181.66,1593196
2025-12-08 09:35:00,24182.23,24185.32,24156.05,24157.21,636570
2025-12-08 09:40:00,24158.75,24167.99,24127.95,24158.75,615377
2025-12-08 09:45:00,24159.52,24161.06,24081.75,24116.78,665173
2025-12-08 09:50:00,24115.24,24136.42,24103.7,24126.55,430269
2025-12-08 09:55:00,24124.48,24129.49,24093.3,24102.16,334961
2025-12-08 10:00:00,24101.77,24132.18,24096.38,24123.33,350421
2025-12-08 10:05:00,24123.72,24133.34,24104.27,24112.55,242989
2025-12-08 10:10:00,24112.55,24112.55,24089.07,24099.27,347776
2025-12-08 10:15:00,24099.84,24106.01,24080.21,24090.6,364149
2025-12-08 10:20:00,24090.99,24094.46,24059.73,24065.2,516288
2025-12-08 10:25:00,24065.58,24066.35,24021.69,24062.11,669274
2025-12-08 10:30:00,24062.11,24083.67,24046.72,24076.36,441373
2025-12-08 10:35:00,24076.74,24082.14,24064.04,24065.97,310156
2025-12-08 10:40:00,24066.35,24069.43,24047.48,24049.41,297988
2025-12-08 10:45:00,24049.03,24063.66,24047.48,24054.41,209216
2025-12-08 10:50:00,24056.72,24057.49,24029.39,24038.24,507304
2025-12-08 10:55:00,24037.86,24046.33,24013.99,24026.31,387199
2025-12-08 11:00:00,24026.31,24026.31,23994.74,24008.98,467547
2025-12-08 11:05:00,24008.6,24020.53,23993.97,24017.46,400657
2025-12-08 11:10:00,24018.61,24029.39,23997.43,24002.83,390043
2025-12-08 11:15:00,24003.21,24010.91,23993.59,24007.83,297250
2025-12-08 11:20:00,24007.45,24034.01,24007.04,24025.54,458518
2025-12-08 11:25:00,24025.16,24028.23,24004.75,24026.7,360420
2025-12-08 11:30:00,24026.31,24033.62,24003.98,24007.45,297138
2025-12-08 11:35:00,24007.45,24019.77,24002.44,24008.22,217651
2025-12-08 11:40:00,24009.76,24020.92,24007.06,24017.07,203554
2025-12-08 11:45:00,24017.07,24019.77,24004.75,24004.75,174815
2025-12-08 11:50:00,24004.75,24019.57,23997.05,24008.98,244826
2025-12-08 11:55:00,24009.37,24012.84,24001.8,24004.75,240857
2025-12-08 12:00:00,24004.75,24005.14,23969.72,23981.27,393733
2025-12-08 12:05:00,23980.49,24011.29,23978.96,24006.29,229393
2025-12-08 12:10:00,24005.91,24008.6,23981.27,23989.73,209076
2025-12-08 12:15:00,23990.31,24003.21,23986.82,23992.43,182145
2025-12-08 12:20:00,23992.04,23994.35,23979.34,23984.34,180545
2025-12-08 12:25:00,23984.73,23985.5,23961.24,23984.11,7394654
2025-12-08 12:30:00,23984.15,23997.82,23980.88,23987.81,0
2025-12-08 12:35:00,23987.42,23993.97,23984.34,23988.2,7340412
2025-12-08 12:40:00,23987.81,24005.52,23986.66,23989.54,0
2025-12-08 12:45:00,23988.97,24007.06,23979.27,24005.52,167336
2025-12-08 12:50:00,24004.36,24015.15,24000.52,24012.26,183249
2025-12-08 12:55:00,24012.84,24052.1,24003.21,24042.86,662058
2025-12-08 13:00:00,24042.86,24057.49,24021.3,24030.54,350049
2025-12-08 13:05:00,24032.09,24050.57,24027.85,24049.41,284529
2025-12-08 13:10:00,24049.41,24053.65,24037.47,24039.78,247204
2025-12-08 13:15:00,24039.78,24050.18,24029.78,24035.87,225838
2025-12-08 13:20:00,24036.71,24046.33,24032.85,24038.44,201630
2025-12-08 13:25:00,24038.63,24040.17,23994.35,23995.9,341022
2025-12-08 13:30:00,23994.35,23998.97,23972.03,23978.57,387001
2025-12-08 13:35:00,23978.96,24006.29,23970.1,24000.32,293351
2025-12-08 13:40:00,24000.52,24000.9,23979.34,23992.64,160590
2025-12-08 13:45:00,23993.2,23999.74,23983.58,23985.5,194877
2025-12-08 13:50:00,23984.73,23991.28,23978.57,23986.27,157040
2025-12-08 13:55:00,23985.5,23986.27,23935.07,23960.47,521547
2025-12-08 14:00:00,23960.86,23965.09,23937.38,23953.54,362905
2025-12-08 14:05:00,23954.7,23962.4,23947.0,23955.09,259134
2025-12-08 14:10:00,23956.24,23959.32,23943.15,23948.92,199021
2025-12-08 14:15:00,23948.92,23968.17,23948.54,23967.41,254155
2025-12-08 14:20:00,23967.41,23976.26,23958.16,23960.47,239304
2025-12-08 14:25:00,23960.47,23971.64,23958.16,23965.7,158163
2025-12-08 14:30:00,23965.48,23977.61,23961.24,23975.68,158038
2025-12-08 14:35:00,23975.88,23985.5,23972.79,23974.72,164869
2025-12-08 14:40:00,23973.57,23978.96,23965.67,23972.34,211851
2025-12-08 14:45:00,23972.41,23974.91,23960.47,23974.65,174898
2025-12-08 14:50:00,23974.34,23987.81,23972.18,23979.15,217231
2025-12-08 14:55:00,23979.34,23979.72,23954.32,23960.09,211277
2025-12-08 15:00:00,23960.09,23968.95,23955.47,23956.24,178202
2025-12-08 15:05:00,23956.24,23964.32,23950.85,23963.75,205987
2025-12-08 15:10:00,23963.75,23970.1,23958.93,23970.1,158848
2025-12-08 15:15:00,23970.1,23976.64,23962.02,23970.29,221877
2025-12-08 15:20:00,23970.48,23979.72,23967.02,23971.45,163555
2025-12-08 15:25:00,23970.87,23982.8,23964.33,23981.27,210879
2025-12-08 15:30:00,23981.65,23982.42,23964.33,23966.25,218298
2025-12-08 15:35:00,23966.25,23974.72,23957.78,23968.01,232645
2025-12-08 15:40:00,23967.41,23981.84,23965.86,23979.34,313198
2025-12-08 15:45:00,23979.34,23981.65,23968.95,23972.03,231956
2025-12-08 15:50:00,23972.41,23993.2,23972.41,23979.34,563063
2025-12-08 15:55:00,23979.34,24034.4,23978.96,24030.93,1060629
2025-12-08 16:00:00,24032.09,24034.78,23981.86,24029.39,0
2025-12-08 16:05:00,24029.39,24080.98,24022.84,24027.85,0
2025-12-08 16:10:00,24026.12,24034.78,24020.92,24024.0,0
2025-12-08 16:15:00,24024.58,24034.78,24020.34,24025.92,0
2025-12-08 16:20:00,24025.89,24027.85,24023.62,24026.12,0
2025-12-08 16:25:00,24026.31,24047.1,24025.94,24043.64,0
2025-12-08 16:30:00,24047.48,24057.5,24034.78,24047.48,0
2025-12-08 16:35:00,24047.39,24050.95,24034.78,24047.03,0
2025-12-08 16:40:00,24047.29,24063.27,24045.94,24063.27,0
2025-12-08 16:45:00,24062.5,24065.58,24056.34,24062.12,0
2025-12-08 16:50:00,24062.12,24063.27,24050.95,24059.23,0
2025-12-08 16:55:00,24059.42,24066.74,24059.42,24066.16,0
2025-12-08 17:00:00,24065.2,24066.74,24034.78,24063.27,0
2025-12-08 17:05:00,24063.31,24065.96,24062.5,24063.62,0
2025-12-08 17:10:00,24062.84,24063.66,24062.5,24062.5,0
2025-12-08 17:15:00,24063.66,24070.2,24062.5,24065.77,0
2025-12-08 17:20:00,24066.35,24067.12,24064.04,24066.74,0
2025-12-08 17:25:00,24065.58,24068.47,24064.04,24066.16,0
2025-12-08 17:30:00,24064.42,24067.89,24064.42,24066.54,0
2025-12-08 17:35:00,24067.89,24067.89,24065.26,24066.93,0
2025-12-08 17:40:00,24067.5,24067.89,24063.27,24063.66,0
2025-12-08 17:45:00,24064.23,24066.35,24063.66,24065.96,0
2025-12-08 17:50:00,24065.96,24066.74,24065.2,24066.74,0
2025-12-08 17:55:00,24065.96,24067.89,24065.96,24067.12,0
2025-12-08 18:00:00,24067.89,24082.14,24060.58,24076.41,0
2025-12-08 18:05:00,24076.94,24080.98,24065.96,24069.24,0
2025-12-08 18:10:00,24068.6,24068.6,24058.65,24060.96,0
2025-12-08 18:15:00,24062.12,24064.81,24034.78,24060.96,0
2025-12-08 18:20:00,24060.87,24064.08,24059.04,24059.23,0
2025-12-08 18:25:00,24059.8,24060.96,24055.21,24058.26,0
2025-12-08 18:30:00,24057.5,24059.04,24053.64,24054.8,0
2025-12-08 18:35:00,24055.57,24063.27,24054.03,24062.31,0
2025-12-08 18:40:00,24064.42,24066.35,24060.8,24061.73,0
2025-12-08 18:45:00,24061.73,24070.2,24061.73,24067.5,0
2025-12-08 18:50:00,24068.66,24085.98,24068.66,24082.15,0
2025-12-08 18:55:00,24083.48,24085.22,24081.01,24085.22,0
2025-12-09 04:00:00,24054.8,24055.96,24043.25,24048.26,0
2025-12-09 04:05:00,24050.95,24052.1,24038.63,24040.55,0
2025-12-09 04:10:00,24039.78,24046.72,24039.78,24043.64,0
2025-12-09 04:15:00,24043.64,24043.64,24037.09,24037.09,0
2025-12-09 04:20:00,24033.62,24037.09,24032.09,24033.24,0
2025-12-09 04:25:00,24035.94,24035.94,24025.54,24032.09,0
2025-12-09 04:30:00,24031.7,24037.09,24031.7,24034.78,28963
2025-12-09 04:35:00,24034.01,24034.01,24023.62,24023.62,0
2025-12-09 04:40:00,24020.54,24027.08,24017.46,24022.08,0
2025-12-09 04:45:00,24026.31,24030.54,24024.0,24030.54,0
2025-12-09 04:50:00,24030.54,24031.7,24027.08,24029.39,0
2025-12-09 04:55:00,24027.46,24027.46,24020.15,24022.08,0
2025-12-09 05:00:00,24021.69,24026.31,24021.3,24025.16,0
2025-12-09 05:05:00,24023.62,24027.85,24020.92,24027.08,0
2025-12-09 05:10:00,24030.93,24040.17,24030.93,24038.63,0
2025-12-09 05:15:00,24038.63,24042.48,24038.63,24039.78,0
2025-12-09 05:20:00,24043.25,24046.72,24035.16,24045.95,0
2025-12-09 05:25:00,24051.34,24053.26,24050.56,24050.56,0
2025-12-09 05:30:00,24050.95,24050.95,24049.41,24050.95,0
2025-12-09 05:35:00,24052.88,24055.57,23973.18,24003.6,0
2025-12-09 05:40:00,24000.13,24030.16,23992.82,24023.62,0
2025-12-09 05:45:00,24024.38,24024.77,24005.9,24013.22,0
2025-12-09 05:50:00,24013.22,24028.62,24013.22,24028.62,0
2025-12-09 05:55:00,24031.7,24039.4,24024.0,24035.55,0
2025-12-09 06:00:00,24034.4,24034.4,24012.45,24031.7,0
2025-12-09 06:05:00,24027.46,24027.85,24017.46,24021.3,0
2025-12-09 06:10:00,24019.76,24021.3,24005.14,24012.45,0
2025-12-09 06:15:00,24012.45,24013.6,24000.9,24012.45,0
2025-12-09 06:20:00,24015.91,24024.38,24015.91,24019.0,0
2025-12-09 06:25:00,24015.91,24033.24,24013.99,24033.24,0
2025-12-09 06:30:00,24031.7,24031.7,24024.38,24027.85,0
2025-12-09 06:35:00,24029.39,24030.54,24025.92,24030.54,0
2025-12-09 06:40:00,24028.62,24043.64,24028.62,24039.78,0
2025-12-09 06:45:00,24039.4,24044.02,24036.32,24036.32,0
2025-12-09 06:50:00,24041.32,24041.71,24035.16,24037.48,0
2025-12-09 06:55:00,24038.24,24039.4,24034.01,24035.55,0
2025-12-09 07:00:00,24037.09,24039.78,24027.85,24035.16,0
2025-12-09 07:05:00,24034.01,24037.09,24031.7,24034.78,0
2025-12-09 07:10:00,24031.7,24038.63,24030.16,24033.62,0
2025-12-09 07:15:00,24029.78,24030.16,24027.08,24027.08,0
2025-12-09 07:20:00,24025.16,24033.62,24024.77,24029.78,0
2025-12-09 07:25:00,24028.62,24031.7,24024.0,24029.39,0
2025-12-09 07:30:00,24030.93,24032.09,24025.54,24030.54,0
2025-12-09 07:35:00,24030.54,24030.54,24025.92,24027.81,0
2025-12-09 07:40:00,24024.38,24027.46,24016.3,24018.22,0
2025-12-09 07:45:00,24016.3,24029.0,24012.84,24027.46,0
2025-12-09 07:50:00,24026.31,24036.7,24024.0,24032.09,0
2025-12-09 07:55:00,24033.62,24037.09,24027.46,24027.46,0
2025-12-09 08:00:00,24060.53,24072.97,23980.11,24023.62,0
2025-12-09 08:05:00,24023.58,24034.78,24021.33,24028.62,0
2025-12-09 08:10:00,24029.0,24029.0,24020.54,24022.84,0
2025-12-09 08:15:00,24022.08,24023.62,24012.84,24023.23,0
2025-12-09 08:20:00,24021.69,24022.84,24006.29,24009.37,0
2025-12-09 08:25:00,24008.6,24034.78,24006.68,24017.07,0
2025-12-09 08:30:00,24015.91,24018.19,23990.12,23991.85,0
2025-12-09 08:35:00,23991.85,23999.74,23977.03,23999.36,0
2025-12-09 08:40:00,23999.36,23999.36,23990.52,23993.2,0
2025-12-09 08:45:00,23994.36,24034.78,23989.35,23992.42,0
2025-12-09 08:50:00,23990.12,23991.28,23978.57,23978.57,0
2025-12-09 08:55:00,23980.88,23987.81,23979.34,23986.24,0
2025-12-09 09:00:00,23985.12,23993.97,23982.42,23983.58,0
2025-12-09 09:05:00,23983.58,23986.27,23973.56,23976.26,0
2025-12-09 09:10:00,23975.88,23986.85,23970.1,23976.07,0
2025-12-09 09:15:00,23975.88,23982.25,23974.72,23975.88,0
2025-12-09 09:20:00,23975.88,23982.8,23963.94,23971.26,0
2025-12-09 09:25:00,23972.02,23989.35,23960.46,23986.27,0
2025-12-09 09:30:00,24034.78,24034.78,23932.37,23951.81,1333116
2025-12-09 09:35:00,23952.39,24012.07,23947.39,24007.45,747244
2025-12-09 09:40:00,24007.45,24018.99,23975.88,23981.28,646795
2025-12-09 09:45:00,23982.03,24002.83,23967.02,23986.66,452379
2025-12-09 09:50:00,23988.58,24000.9,23970.1,23980.11,425141
2025-12-09 09:55:00,23982.03,24002.05,23971.26,23997.43,362746
2025-12-09 10:00:00,23998.97,24034.78,23985.5,24005.91,404916
2025-12-09 10:05:00,24005.91,24013.22,23987.42,24005.52,256383
2025-12-09 10:10:00,24006.29,24017.07,23997.82,24004.36,218999
2025-12-09 10:15:00,24004.36,24015.9,23993.39,24002.83,262406
2025-12-09 10:20:00,24002.83,24017.46,23996.28,24015.15,195146
2025-12-09 10:25:00,24015.15,24028.7,23996.66,24022.84,3829799
2025-12-09 10:30:00,24024.0,24033.24,24007.06,24022.46,0
2025-12-09 10:35:00,24022.46,24023.23,24008.22,24019.38,212293
2025-12-09 10:40:00,24019.38,24045.37,24014.57,24044.79,316343
2025-12-09 10:45:00,24045.17,24047.1,24003.98,24018.99,368746
2025-12-09 10:50:00,24018.99,24043.64,24015.91,24037.86,285998
2025-12-09 10:55:00,24038.24,24049.79,24038.24,24048.83,279950
2025-12-09 11:00:00,24048.26,24066.35,24045.95,24054.8,405037
2025-12-09 11:05:00,24054.8,24065.58,24044.02,24050.57,313036
2025-12-09 11:10:00,24050.57,24059.42,24049.35,24055.96,4982405
2025-12-09 11:15:00,24055.96,24072.51,24055.29,24064.81,0
2025-12-09 11:20:00,24064.81,24066.35,24054.22,24062.11,186013
2025-12-09 11:25:00,24062.11,24064.81,24052.49,24053.65,194933
2025-12-09 11:30:00,24054.8,24070.78,24049.03,24070.39,271443
2025-12-09 11:35:00,24070.39,24075.97,24058.65,24061.73,299630
2025-12-09 11:40:00,24061.73,24064.04,24034.4,24039.4,6058538
2025-12-09 11:45:00,24039.4,24062.69,24039.4,24058.27,0
2025-12-09 11:50:00,24058.27,24075.97,24057.88,24074.82,288232
2025-12-09 11:55:00,24075.21,24077.32,24068.28,24071.35,282179
2025-12-09 12:00:00,24071.35,24089.07,24064.04,24086.37,281411
2025-12-09 12:05:00,24086.37,24093.68,24079.41,24085.79,224656
2025-12-09 12:10:00,24085.79,24086.95,24077.13,24082.14,165032
2025-12-09 12:15:00,24082.14,24083.29,24069.34,24069.43,138627
2025-12-09 12:20:00,24069.43,24069.68,24054.03,24065.97,256148
2025-12-09 12:25:00,24066.35,24075.97,24065.19,24070.78,187452
2025-12-09 12:30:00,24070.78,24078.86,24064.42,24067.7,174458
2025-12-09 12:35:00,24067.7,24076.94,24057.49,24073.09,218745
2025-12-09 12:40:00,24073.28,24077.9,24060.96,24066.59,230526
2025-12-09 12:45:00,24066.59,24067.51,24054.03,24055.96,128149
2025-12-09 12:50:00,24055.96,24070.2,24054.8,24070.2,142116
2025-12-09 12:55:00,24070.2,24080.59,24061.54,24079.44,239605
2025-12-09 13:00:00,24079.44,24089.45,24072.7,24084.06,170049
2025-12-09 13:05:00,24084.06,24085.6,24075.78,24076.55,155156
2025-12-09 13:10:00,24076.55,24081.36,24067.12,24079.44,152658
2025-12-09 13:15:00,24079.44,24092.53,24079.05,24088.68,210854
2025-12-09 13:20:00,24089.07,24089.26,24078.28,24084.83,131977
2025-12-09 13:25:00,24085.02,24092.53,24078.67,24087.53,106938
2025-12-09 13:30:00,24087.14,24090.6,24081.56,24082.14,139876
2025-12-09 13:35:00,24082.14,24082.14,24069.43,24075.59,158584
2025-12-09 13:40:00,24075.59,24078.28,24065.97,24067.51,157181
2025-12-09 13:45:00,24067.12,24079.54,24055.18,24076.82,276929
2025-12-09 13:50:00,24076.82,24095.99,24072.51,24092.09,277737
2025-12-09 13:55:00,24092.09,24095.42,24083.1,24083.29,215598
2025-12-09 14:00:00,24083.29,24085.6,24069.43,24074.43,188163
2025-12-09 14:05:00,24074.82,24078.28,24062.69,24070.59,186867
2025-12-09 14:10:00,24070.59,24075.59,24061.34,24067.89,211851
2025-12-09 14:15:00,24067.89,24079.05,24064.42,24076.36,146505
2025-12-09 14:20:00,24076.36,24079.44,24070.2,24073.28,133759
2025-12-09 14:25:00,24072.9,24078.69,24071.35,24073.28,100428
2025-12-09 14:30:00,24073.28,24078.67,24070.59,24073.28,121201
2025-12-09 14:35:00,24072.7,24073.25,24063.66,24066.73,11080609
2025-12-09 14:40:00,24066.73,24068.28,24048.26,24055.57,0
2025-12-09 14:45:00,24055.57,24061.8,24052.49,24059.8,294392
2025-12-09 14:50:00,24059.8,24070.2,24059.8,24067.12,157975
2025-12-09 14:55:00,24067.12,24071.16,24062.5,24065.97,148685
2025-12-09 15:00:00,24065.97,24069.82,24059.42,24067.89,155734
2025-12-09 15:05:00,24067.89,24076.36,24064.42,24070.2,177244
2025-12-09 15:10:00,24069.82,24072.12,24064.04,24064.81,126462
2025-12-09 15:15:00,24064.62,24068.47,24060.96,24066.73,142910
2025-12-09 15:20:00,24066.73,24072.51,24065.0,24065.97,158720
2025-12-09 15:25:00,24065.97,24066.16,24058.27,24061.73,168028
2025-12-09 15:30:00,24060.96,24065.97,24053.26,24055.96,169338
2025-12-09 15:35:00,24055.57,24067.12,24052.88,24065.0,171102
2025-12-09 15:40:00,24064.81,24070.2,24059.8,24070.08,200428
2025-12-09 15:45:00,24070.01,24073.28,24063.66,24071.35,234773
2025-12-09 15:50:00,24071.35,24083.67,24034.78,24034.78,764043
2025-12-09 15:55:00,24058.65,24075.21,24052.88,24066.73,929095
2025-12-09 16:00:00,24067.12,24067.89,24034.78,24052.88,0
2025-12-09 16:05:00,24054.03,24064.42,24049.8,24049.8,0
2025-12-09 16:10:00,24050.18,24064.42,24047.1,24049.99,0
2025-12-09 16:15:00,24049.79,24064.42,24043.25,24045.15,0
2025-12-09 16:20:00,24064.42,24064.42,24044.02,24047.87,0
2025-12-09 16:25:00,24048.64,24048.64,24041.71,24046.33,0
2025-12-09 16:30:00,24046.31,24047.87,24045.18,24046.91,0
2025-12-09 16:35:00,24045.75,24048.06,24044.4,24046.33,0
2025-12-09 16:40:00,24047.48,24051.19,24045.49,24045.49,0
2025-12-09 16:45:00,24045.95,24047.48,24043.25,24047.48,0
2025-12-09 16:50:00,24048.09,24048.26,24041.32,24042.67,0
2025-12-09 16:55:00,24042.86,24047.87,24041.32,24042.29,0
2025-12-09 17:00:00,24047.87,24049.02,24040.94,24049.02,0
2025-12-09 17:05:00,24048.64,24050.18,24045.18,24046.52,0
2025-12-09 17:10:00,24048.26,24064.42,24047.87,24048.26,0
2025-12-09 17:15:00,24049.02,24049.8,24047.87,24048.24,0
2025-12-09 17:20:00,24048.06,24048.26,24042.48,24044.79,0
2025-12-09 17:25:00,24044.79,24047.12,24031.7,24034.59,0
2025-12-09 17:30:00,24031.7,24037.48,24031.7,24037.48,0
2025-12-09 17:35:00,24035.61,24041.13,24035.55,24040.94,0
2025-12-09 17:40:00,24039.78,24042.1,24039.78,24042.1,0
2025-12-09 17:45:00,24040.94,24044.4,24039.78,24044.4,0
2025-12-09 17:50:00,24041.81,24045.95,24041.71,24041.71,0
2025-12-09 17:55:00,24043.64,24044.66,24039.4,24040.94,0
2025-12-09 18:00:00,24041.71,24052.49,24041.71,24049.02,0
2025-12-09 18:05:00,24047.87,24049.33,24043.25,24045.14,0
2025-12-09 18:10:00,24045.89,24046.33,24042.4,24042.86,0
2025-12-09 18:15:00,24042.86,24043.25,24038.4,24040.36,0
2025-12-09 18:20:00,24040.17,24041.32,24038.05,24039.4,0
2025-12-09 18:25:00,24040.17,24043.25,24039.98,24042.86,0
2025-12-09 18:30:00,24040.94,24043.25,24039.82,24041.71,0
2025-12-09 18:35:00,24039.75,24043.25,24038.67,24043.25,0
2025-12-09 18:40:00,24042.48,24045.18,24040.94,24043.56,0
2025-12-09 18:45:00,24043.67,24045.18,24041.71,24044.21,0
2025-12-09 18:50:00,24044.21,24044.21,24035.16,24038.82,0
2025-12-09 18:55:00,24040.17,24040.17,24036.37,24038.24,0
2025-12-10 04:00:00,24084.83,24090.22,24080.21,24087.91,0
2025-12-10 04:05:00,24087.14,24094.07,24087.14,24094.07,0
2025-12-10 04:10:00,24096.0,24097.15,24082.14,24082.14,0
2025-12-10 04:15:00,24081.75,24081.75,24072.12,24078.67,0
2025-12-10 04:20:00,24078.67,24081.75,24075.59,24075.59,0
2025-12-10 04:25:00,24076.74,24077.52,24076.74,24077.52,0
2025-12-10 04:30:00,24081.75,24081.75,24077.13,24077.52,0
2025-12-10 04:35:00,24075.59,24076.74,24072.51,24073.66,0
2025-12-10 04:40:00,24075.59,24077.9,24074.05,24076.74,0
2025-12-10 04:45:00,24074.44,24082.14,24074.44,24079.44,0
2025-12-10 04:50:00,24082.52,24082.52,24079.82,24079.82,0
2025-12-10 04:55:00,24077.13,24077.13,24077.13,24077.13,0
2025-12-10 05:00:00,24074.44,24097.15,24074.44,24085.98,0
2025-12-10 05:05:00,24083.68,24084.83,24065.58,24074.05,0
2025-12-10 05:10:00,24072.51,24072.51,24066.74,24069.82,0
2025-12-10 05:15:00,24070.97,24074.05,24070.97,24074.05,0
2025-12-10 05:20:00,24069.04,24069.04,24047.1,24047.1,0
2025-12-10 05:25:00,24046.33,24046.72,24004.75,24004.75,0
2025-12-10 05:30:00,24002.44,24017.07,23989.35,24015.53,0
2025-12-10 05:35:00,24017.46,24022.08,24015.53,24020.92,0
2025-12-10 05:40:00,24017.84,24024.0,24014.38,24022.84,0
2025-12-10 05:45:00,24019.38,24022.46,24017.46,24020.92,0
2025-12-10 05:50:00,24024.77,24030.16,24024.38,24030.16,0
2025-12-10 05:55:00,24031.7,24039.4,24022.08,24022.08,0
2025-12-10 06:00:00,24020.15,24060.58,24011.68,24024.0,0
2025-12-10 06:05:00,24026.31,24039.4,24025.92,24034.4,0
2025-12-10 06:10:00,24034.01,24043.64,24032.09,24041.71,0
2025-12-10 06:15:00,24041.32,24043.64,24035.55,24035.55,0
2025-12-10 06:20:00,24033.24,24038.24,24029.39,24036.7,0
2025-12-10 06:25:00,24037.48,24039.78,24035.94,24035.94,0
2025-12-10 06:30:00,24034.01,24039.4,24026.7,24037.86,0
2025-12-10 06:35:00,24038.63,24040.17,24032.86,24035.55,0
2025-12-10 06:40:00,24033.62,24035.94,24027.46,24027.46,0
2025-12-10 06:45:00,24025.92,24029.78,24025.92,24029.78,0
2025-12-10 06:50:00,24029.0,24041.32,24029.0,24037.48,0
2025-12-10 06:55:00,24034.78,24037.86,24034.78,24034.78,0
2025-12-10 07:00:00,24036.7,24036.7,24012.45,24012.45,0
2025-12-10 07:05:00,24014.76,24020.92,24004.36,24016.3,0
2025-12-10 07:10:00,24015.14,24015.91,24010.52,24010.52,0
2025-12-10 07:15:00,24013.95,24014.76,24007.06,24007.83,0
2025-12-10 07:20:00,24008.18,24014.38,24007.79,24012.06,0
2025-12-10 07:25:00,24012.84,24018.61,24012.45,24018.61,0
2025-12-10 07:30:00,24015.53,24021.3,24015.14,24017.84,0
2025-12-10 07:35:00,24015.53,24016.3,24005.14,24005.52,0
2025-12-10 07:40:00,24005.52,24012.06,24000.52,24006.68,0
2025-12-10 07:45:00,24008.22,24008.6,24002.44,24008.22,0
2025-12-10 07:50:00,24007.45,24007.83,24004.75,24007.83,0
2025-12-10 07:55:00,24011.64,24020.15,24011.64,24019.76,0
2025-12-10 08:00:00,24017.84,24109.09,23991.28,24020.14,0
2025-12-10 08:05:00,24019.38,24064.42,24017.07,24022.04,0
2025-12-10 08:10:00,24022.08,24035.36,24021.69,24035.16,0
2025-12-10 08:15:00,24035.55,24039.78,24032.12,24039.02,0
2025-12-10 08:20:00,24040.55,24067.89,24039.45,24067.12,0
2025-12-10 08:25:00,24068.28,24080.6,24058.65,24072.51,0
2025-12-10 08:30:00,24072.9,24082.52,24047.87,24053.26,0
2025-12-10 08:35:00,24052.49,24054.41,24046.33,24051.34,0
2025-12-10 08:40:00,24051.72,24053.26,24048.26,24049.8,0
2025-12-10 08:45:00,24051.72,24064.42,24039.02,24044.21,0
2025-12-10 08:50:00,24043.64,24050.95,24043.64,24049.54,0
2025-12-10 08:55:00,24048.64,24051.34,24040.75,24042.1,0
2025-12-10 09:00:00,24042.1,24049.8,24025.16,24029.78,0
2025-12-10 09:05:00,24031.52,24032.47,24019.76,24032.47,0
2025-12-10 09:10:00,24031.7,24037.48,24027.85,24033.62,0
2025-12-10 09:15:00,24034.01,24036.32,24014.38,24018.22,0
2025-12-10 09:20:00,24017.46,24026.31,24017.07,24023.23,0
2025-12-10 09:25:00,24027.46,24035.94,24011.28,24016.32,0
2025-12-10 09:30:00,24017.84,24032.47,23982.8,23987.81,1215868
2025-12-10 09:35:00,23989.35,24014.76,23943.92,23993.59,917843
2025-12-10 09:40:00,23995.12,24027.47,23977.03,24013.41,437794
2025-12-10 09:45:00,24013.22,24040.94,24005.94,24006.67,402641
2025-12-10 09:50:00,24005.91,24024.42,23986.27,23995.9,400412
2025-12-10 09:55:00,23997.82,24010.53,23962.45,24002.83,406408
2025-12-10 10:00:00,24002.05,24005.52,23979.34,23997.24,315822
2025-12-10 10:05:00,23998.21,24021.69,23994.74,24002.83,281772
2025-12-10 10:10:00,24001.67,24015.53,23993.97,23996.66,275735
2025-12-10 10:15:00,23997.43,24023.61,23990.89,24016.3,232302
2025-12-10 10:20:00,24016.68,24026.31,24001.67,24018.22,233734
2025-12-10 10:25:00,24018.22,24020.15,23994.74,24007.06,325256
2025-12-10 10:30:00,24007.06,24013.22,23978.18,23982.47,266070
2025-12-10 10:35:00,23982.03,23983.96,23946.97,23961.63,533598
2025-12-10 10:40:00,23962.02,23978.96,23941.22,23961.24,404734
2025-12-10 10:45:00,23960.86,23998.21,23954.01,23996.78,279356
2025-12-10 10:50:00,23996.86,23998.21,23948.54,23948.92,336345
2025-12-10 10:55:00,23948.92,23953.54,23928.52,23943.15,488715
2025-12-10 11:00:00,23944.24,23945.46,23908.11,23928.91,434954
2025-12-10 11:05:00,23928.91,23958.55,23921.59,23952.01,337034
2025-12-10 11:10:00,23952.78,23983.58,23945.08,23983.38,330804
2025-12-10 11:15:00,23983.58,24010.91,23978.57,24008.22,367363
2025-12-10 11:20:00,24008.22,24015.91,23997.82,24009.18,257719
2025-12-10 11:25:00,24008.98,24021.64,23998.42,24018.22,264942
2025-12-10 11:30:00,24017.07,24023.23,24009.76,24018.61,209692
2025-12-10 11:35:00,24018.61,24020.15,24007.83,24015.15,162633
2025-12-10 11:40:00,24015.15,24015.15,23992.43,23997.25,197795
2025-12-10 11:45:00,23997.43,24009.93,23983.19,24009.76,372031
2025-12-10 11:50:00,24010.14,24023.42,24002.83,24023.42,205935
2025-12-10 11:55:00,24022.84,24027.45,24017.46,24020.92,337901
2025-12-10 12:00:00,24020.53,24025.54,24015.15,24016.29,160436
2025-12-10 12:05:00,24015.91,24017.46,24005.91,24008.6,135429
2025-12-10 12:10:00,24008.22,24009.76,23995.51,24005.14,143330
2025-12-10 12:15:00,24004.75,24008.22,23997.05,23998.21,132847
2025-12-10 12:20:00,23998.21,24007.83,23988.58,24007.06,129718
2025-12-10 12:25:00,24006.67,24011.68,23993.59,23996.28,108404
2025-12-10 12:30:00,23995.12,24005.91,23990.44,24003.98,104554
2025-12-10 12:35:00,24003.98,24020.53,24002.44,24005.71,96046
2025-12-10 12:40:00,24005.52,24010.53,23996.86,24003.21,92068
2025-12-10 12:45:00,24003.21,24015.53,24001.67,24013.6,89431
2025-12-10 12:50:00,24013.6,24038.63,24013.03,24037.09,198921
2025-12-10 12:55:00,24037.47,24049.79,24027.47,24034.01,233435
2025-12-10 13:00:00,24034.01,24036.32,24017.84,24018.61,202298
2025-12-10 13:05:00,24019.38,24032.47,24013.99,24029.39,142465
2025-12-10 13:10:00,24029.01,24030.16,24018.99,24020.53,124459
2025-12-10 13:15:00,24020.15,24023.61,24008.6,24012.07,159207
2025-12-10 13:20:00,24010.91,24012.07,23993.97,23993.97,147355
2025-12-10 13:25:00,23993.92,23994.74,23970.48,23980.57,294819
2025-12-10 13:30:00,23980.11,23992.43,23969.72,23984.34,272062
2025-12-10 13:35:00,23984.15,24003.21,23981.27,23997.43,172995
2025-12-10 13:40:00,23997.05,23997.82,23980.11,23982.54,244366
2025-12-10 13:45:00,23981.65,24003.59,23979.72,24000.71,221925
2025-12-10 13:50:00,24000.13,24000.13,23980.49,23983.96,185746
2025-12-10 13:55:00,23983.77,23992.81,23973.57,23990.51,148081
2025-12-10 14:00:00,23989.93,24089.84,23980.49,24024.27,1079867
2025-12-10 14:05:00,24024.39,24101.77,24020.92,24086.76,790756
2025-12-10 14:10:00,24087.53,24105.23,24055.18,24062.11,588819
2025-12-10 14:15:00,24062.89,24100.61,24054.8,24075.59,715960
2025-12-10 14:20:00,24076.74,24078.28,24026.12,24029.78,393087
2025-12-10 14:25:00,24030.16,24048.45,23999.45,24037.09,486547
2025-12-10 14:30:00,24037.86,24121.41,24025.54,24107.16,1150197
2025-12-10 14:35:00,24108.32,24141.04,24059.42,24099.08,842178
2025-12-10 14:40:00,24097.53,24107.93,23985.5,24036.39,903432
2025-12-10 14:45:00,24034.01,24097.53,24030.93,24073.67,672988
2025-12-10 14:50:00,24073.28,24165.29,24062.5,24147.01,833389
2025-12-10 14:55:00,24147.59,24192.24,24145.28,24183.39,1177740
2025-12-10 15:00:00,24183.01,24204.91,24148.35,24198.41,596544
2025-12-10 15:05:00,24198.41,24205.72,24171.07,24200.33,653953
2025-12-10 15:10:00,24200.72,24218.04,24181.62,24214.58,562409
2025-12-10 15:15:00,24214.58,24219.58,24194.17,24203.41,459986
2025-12-10 15:20:00,24203.41,24224.2,24186.85,24192.63,570365
2025-12-10 15:25:00,24191.86,24216.89,24185.55,24193.78,385846
2025-12-10 15:30:00,24194.17,24218.81,24187.62,24208.22,645507
2025-12-10 15:35:00,24208.41,24214.19,24197.25,24206.1,286752
2025-12-10 15:40:00,24204.95,24213.03,24193.02,24196.86,482747
2025-12-10 15:45:00,24196.48,24209.57,24187.62,24195.33,436219
2025-12-10 15:50:00,24194.94,24208.41,24173.77,24191.47,657445
2025-12-10 15:55:00,24191.09,24198.79,24153.17,24160.29,20127478
2025-12-10 16:00:00,24160.29,24165.68,24064.42,24155.67,0
2025-12-10 16:05:00,24155.61,24168.38,24122.18,24141.04,0
2025-12-10 16:10:00,24139.88,24162.98,24135.26,24149.12,0
2025-12-10 16:15:00,24149.12,24163.37,24145.28,24145.28,0
2025-12-10 16:20:00,24145.66,24155.28,24140.27,24151.44,0
2025-12-10 16:25:00,24155.67,24159.52,24151.82,24157.21,0
2025-12-10 16:30:00,24156.82,24157.6,24147.97,24155.34,0
2025-12-10 16:35:00,24155.28,24157.6,24151.44,24152.59,0
2025-12-10 16:40:00,24151.82,24161.83,24150.71,24159.14,0
2025-12-10 16:45:00,24159.13,24169.91,24150.66,24155.28,0
2025-12-10 16:50:00,24155.28,24162.6,24153.75,24162.6,0
2025-12-10 16:55:00,24162.98,24162.98,24157.98,24160.68,0
2025-12-10 17:00:00,24159.9,24162.98,24153.75,24156.05,0
2025-12-10 17:05:00,24156.63,24163.37,24154.9,24157.6,0
2025-12-10 17:10:00,24157.6,24157.6,24142.96,24151.05,0
2025-12-10 17:15:00,24150.28,24152.95,24143.35,24143.35,0
2025-12-10 17:20:00,24144.12,24149.12,24139.5,24142.51,0
2025-12-10 17:25:00,24140.27,24142.2,24133.92,24134.11,0
2025-12-10 17:30:00,24133.72,24137.1,24129.88,24132.57,0
2025-12-10 17:35:00,24131.8,24135.26,24122.56,24123.33,0
2025-12-10 17:40:00,24123.72,24126.41,24121.02,24121.83,0
2025-12-10 17:45:00,24122.18,24122.18,24116.98,24117.12,0
2025-12-10 17:50:00,24116.78,24127.95,24116.02,24127.9,0
2025-12-10 17:55:00,24127.18,24127.95,24125.64,24127.18,0
2025-12-10 18:00:00,24127.95,24150.66,24125.02,24125.02,0
2025-12-10 18:05:00,24125.26,24162.98,24123.72,24126.41,0
2025-12-10 18:10:00,24127.18,24127.95,24104.73,24108.7,0
2025-12-10 18:15:00,24109.85,24109.85,24082.8,24091.68,0
2025-12-10 18:20:00,24093.3,24099.84,24092.11,24093.95,0
2025-12-10 18:25:00,24095.3,24098.3,24091.38,24093.3,0
2025-12-10 18:30:00,24095.22,24098.69,24093.3,24097.34,0
2025-12-10 18:35:00,24097.34,24098.69,24094.46,24096.19,0
2025-12-10 18:40:00,24096.19,24098.32,24093.3,24095.61,0
2025-12-10 18:45:00,24094.07,24102.92,24094.07,24099.84,0
2025-12-10 18:50:00,24097.15,24099.08,24094.17,24097.54,0
2025-12-10 18:55:00,24098.3,24101.92,24096.0,24096.04,0
2025-12-11 04:00:00,23914.66,23922.74,23910.04,23922.74,0
2025-12-11 04:05:00,23920.82,23950.08,23920.82,23937.76,0
2025-12-11 04:10:00,23938.91,23951.62,23934.3,23949.31,0
2025-12-11 04:15:00,23952.78,23954.7,23940.07,23954.7,0
2025-12-11 04:20:00,23953.93,23971.64,23952.78,23969.72,0
2025-12-11 04:25:00,23969.33,23969.33,23950.46,23963.94,0
2025-12-11 04:30:00,23961.24,23970.48,23958.55,23958.55,0
2025-12-11 04:35:00,23957.4,23974.72,23956.62,23974.72,0
2025-12-11 04:40:00,23973.56,23975.88,23962.4,23966.25,0
2025-12-11 04:45:00,23967.4,23980.11,23965.48,23978.57,0
2025-12-11 04:50:00,23976.64,23997.05,23976.64,23985.88,0
2025-12-11 04:55:00,23983.58,23985.88,23977.8,23978.18,0
2025-12-11 05:00:00,23983.96,23985.5,23973.95,23973.95,0
2025-12-11 05:05:00,23975.88,23975.88,23966.25,23970.1,0
2025-12-11 05:10:00,23967.79,23986.66,23960.48,23986.66,0
2025-12-11 05:15:00,23987.42,23992.82,23983.58,23983.58,0
2025-12-11 05:20:00,23982.8,23982.8,23972.41,23977.8,0
2025-12-11 05:25:00,23980.5,23990.89,23978.57,23979.34,0
2025-12-11 05:30:00,23983.19,23983.19,23970.48,23972.02,0
2025-12-11 05:35:00,23972.02,23973.56,23968.95,23973.56,0
2025-12-11 05:40:00,23970.1,23973.56,23968.95,23970.1,0
2025-12-11 05:45:00,23970.1,23980.88,23970.1,23973.18,0
2025-12-11 05:50:00,23975.88,23980.88,23972.41,23973.18,0
2025-12-11 05:55:00,23973.18,23978.57,23969.72,23975.1,0
2025-12-11 06:00:00,23975.88,23980.5,23969.72,23980.11,0
2025-12-11 06:05:00,23981.65,23985.5,23979.34,23985.5,0
2025-12-11 06:10:00,23985.88,23988.58,23980.88,23983.19,0
2025-12-11 06:15:00,23985.12,23985.12,23975.88,23979.72,0
2025-12-11 06:20:00,23978.18,23980.5,23975.88,23979.72,0
2025-12-11 06:25:00,23976.64,23983.96,23975.88,23981.26,0
2025-12-11 06:30:00,23981.65,23983.58,23972.02,23975.1,0
2025-12-11 06:35:00,23977.03,23981.26,23977.03,23977.8,0
2025-12-11 06:40:00,23978.57,23983.96,23975.88,23981.65,0
2025-12-11 06:45:00,23982.42,23997.05,23980.11,23995.9,0
2025-12-11 06:50:00,23997.05,24003.6,23995.12,23998.98,0
2025-12-11 06:55:00,23999.74,24004.36,23996.66,23997.44,0
2025-12-11 07:00:00,23998.59,24013.99,23994.36,24011.68,0
2025-12-11 07:05:00,24010.14,24011.68,24002.82,24006.68,0
2025-12-11 07:10:00,24008.22,24020.54,24006.68,24017.84,0
2025-12-11 07:15:00,24018.61,24028.62,24017.46,24028.62,0
2025-12-11 07:20:00,24029.78,24050.56,24025.92,24043.64,0
2025-12-11 07:25:00,24047.1,24050.18,24044.79,24049.02,0
2025-12-11 07:30:00,24048.26,24069.04,24043.64,24067.12,0
2025-12-11 07:35:00,24064.81,24070.2,24057.5,24066.35,0
2025-12-11 07:40:00,24065.96,24069.04,24055.18,24060.19,0
2025-12-11 07:45:00,24058.65,24062.12,24050.56,24056.34,0
2025-12-11 07:50:00,24055.96,24059.8,24053.26,24054.8,0
2025-12-11 07:55:00,24056.34,24069.04,24056.34,24062.5,0
2025-12-11 08:00:00,23999.74,24070.2,23858.84,24053.88,0
2025-12-11 08:05:00,24052.88,24181.08,24038.1,24038.1,0
2025-12-11 08:10:00,24037.48,24049.41,24037.09,24047.48,0
2025-12-11 08:15:00,24047.87,24055.18,24043.64,24050.18,0
2025-12-11 08:20:00,24047.87,24049.8,24044.01,24044.79,0
2025-12-11 08:25:00,24044.77,24048.64,24039.4,24045.95,0
2025-12-11 08:30:00,24044.79,24050.37,24022.46,24022.46,0
2025-12-11 08:35:00,24022.46,24034.01,24020.54,24025.16,0
2025-12-11 08:40:00,24024.0,24032.86,24007.45,24014.39,0
2025-12-11 08:45:00,24014.76,24162.98,24010.52,24020.92,0
2025-12-11 08:50:00,24020.15,24035.16,24019.76,24033.62,0
2025-12-11 08:55:00,24034.01,24034.29,24011.3,24016.3,0
2025-12-11 09:00:00,24016.42,24026.31,24012.84,24025.17,0
2025-12-11 09:05:00,24025.54,24026.31,24013.99,24022.48,0
2025-12-11 09:10:00,24025.92,24068.08,24024.19,24041.32,0
2025-12-11 09:15:00,24041.71,24045.56,24035.05,24037.48,0
2025-12-11 09:20:00,24038.24,24050.95,24031.7,24034.19,0
2025-12-11 09:25:00,24035.16,24038.82,24016.3,24016.68,0
2025-12-11 09:30:00,24017.07,24022.27,23943.92,23953.16,1752520
2025-12-11 09:35:00,23953.16,24005.52,23945.12,23964.33,961205
2025-12-11 09:40:00,23963.94,23982.03,23937.18,23965.09,790636
2025-12-11 09:45:00,23964.71,23968.95,23868.46,23873.08,952305
2025-12-11 09:50:00,23871.16,23886.17,23819.95,23821.88,1062595
2025-12-11 09:55:00,23822.65,23849.98,23792.23,23804.16,5154964
2025-12-11 10:00:00,23804.93,23850.75,23782.22,23841.51,0
2025-12-11 10:05:00,23841.9,23921.45,23836.51,23919.28,1016221
2025-12-11 10:10:00,23919.28,23947.39,23894.26,23936.6,854684
2025-12-11 10:15:00,23936.6,23954.7,23915.82,23951.81,564591
2025-12-11 10:20:00,23951.43,24002.83,23948.16,24000.13,683516
2025-12-11 10:25:00,24000.13,24004.75,23972.41,23976.65,497806
2025-12-11 10:30:00,23976.65,23987.04,23952.78,23957.01,654286
2025-12-11 10:35:00,23958.16,23963.55,23927.17,23957.8,498996
2025-12-11 10:40:00,23956.24,23956.62,23905.8,23923.52,525944
2025-12-11 10:45:00,23922.74,23943.15,23875.01,23879.24,644744
2025-12-11 10:50:00,23878.47,23889.25,23843.43,23885.96,738934
2025-12-11 10:55:00,23885.78,23918.9,23882.32,23913.89,640076
2025-12-11 11:00:00,23913.67,23941.61,23890.79,23933.53,587193
2025-12-11 11:05:00,23934.29,23935.84,23882.71,23886.17,437113
2025-12-11 11:10:00,23886.94,23904.65,23876.54,23895.41,331270
2025-12-11 11:15:00,23895.41,23897.34,23868.08,23874.62,437024
2025-12-11 11:20:00,23875.01,23905.42,23860.76,23903.88,427293
2025-12-11 11:25:00,23905.42,23906.96,23843.43,23853.45,413325
2025-12-11 11:30:00,23853.45,23885.02,23850.36,23880.4,336117
2025-12-11 11:35:00,23880.78,23913.31,23876.93,23909.58,354310
2025-12-11 11:40:00,23908.89,23958.16,23904.65,23943.92,446706
2025-12-11 11:45:00,23945.46,23967.79,23924.31,23929.48,483564
2025-12-11 11:50:00,23929.87,23931.6,23871.92,23876.93,527636
2025-12-11 11:55:00,23876.54,23887.33,23854.6,23886.55,535714
2025-12-11 12:00:00,23886.17,23917.74,23881.16,23911.97,356248
2025-12-11 12:05:00,23911.97,23919.28,23902.15,23909.66,238060
2025-12-11 12:10:00,23909.66,23961.63,23909.46,23949.31,320353
2025-12-11 12:15:00,23949.7,23965.48,23944.3,23963.55,302356
2025-12-11 12:20:00,23963.17,24000.13,23963.17,23994.74,535463
2025-12-11 12:25:00,23995.12,24011.68,23977.03,23981.27,426707
2025-12-11 12:30:00,23981.27,24006.29,23981.27,24004.37,285299
2025-12-11 12:35:00,24005.52,24016.68,23995.84,24007.45,169971
2025-12-11 12:40:00,24007.47,24021.69,24006.29,24014.38,250647
2025-12-11 12:45:00,24014.38,24020.15,23993.97,23995.51,269764
2025-12-11 12:50:00,23995.12,23998.97,23982.42,23992.62,278691
2025-12-11 12:55:00,23992.04,23992.82,23958.56,23972.03,369747
2025-12-11 13:00:00,23971.26,23999.7,23962.02,23992.43,271474
2025-12-11 13:05:00,23992.43,24004.75,23987.81,24002.44,144392
2025-12-11 13:10:00,24003.21,24018.22,24000.52,24009.37,182501
2025-12-11 13:15:00,24010.53,24010.53,23999.74,24006.67,156749
2025-12-11 13:20:00,24006.29,24019.38,23993.2,24009.76,263707
2025-12-11 13:25:00,24010.14,24015.15,23986.08,23998.97,279518
2025-12-11 13:30:00,23998.59,24002.44,23988.58,24000.9,221862
2025-12-11 13:35:00,24002.05,24037.86,23999.74,24036.71,275266
2025-12-11 13:40:00,24036.32,24055.43,24033.62,24050.86,259046
2025-12-11 13:45:00,24050.95,24057.88,24036.32,24042.86,16530550
2025-12-11 13:50:00,24044.41,24047.48,24018.99,24020.53,0
2025-12-11 13:55:00,24020.53,24025.16,24006.48,24013.22,429372
2025-12-11 14:00:00,24013.6,24041.13,24011.87,24033.82,233299
2025-12-11 14:05:00,24033.24,24034.95,24021.69,24034.01,139801
2025-12-11 14:10:00,24034.01,24044.02,24027.47,24042.86,155068
2025-12-11 14:15:00,24042.86,24070.78,24042.09,24065.97,17287422
2025-12-11 14:20:00,24065.97,24071.35,24055.96,24066.35,0
2025-12-11 14:25:00,24066.35,24072.9,24060.96,24069.43,157745
2025-12-11 14:30:00,24069.43,24075.21,24065.97,24070.97,162723
2025-12-11 14:35:00,24070.97,24085.6,24070.97,24072.12,201764
2025-12-11 14:40:00,24072.9,24084.45,24070.74,24083.62,161453
2025-12-11 14:45:00,24084.06,24087.53,24077.0,24085.98,132288
2025-12-11 14:50:00,24086.76,24092.53,24068.1,24069.82,223491
2025-12-11 14:55:00,24069.43,24074.05,24060.58,24061.34,242216
2025-12-11 15:00:00,24061.73,24078.67,24060.93,24072.39,175991
2025-12-11 15:05:00,24072.12,24074.43,24059.03,24068.66,263678
2025-12-11 15:10:00,24068.66,24075.97,24062.12,24063.27,169634
2025-12-11 15:15:00,24063.27,24073.28,24061.73,24063.27,151779
2025-12-11 15:20:00,24062.5,24071.74,24059.03,24066.73,145755
2025-12-11 15:25:00,24066.93,24068.28,24048.26,24051.14,162411
2025-12-11 15:30:00,24050.95,24053.65,24038.24,24043.25,287135
2025-12-11 15:35:00,24043.25,24047.87,24034.01,24039.78,201858
2025-12-11 15:40:00,24039.78,24054.41,24039.02,24050.57,227022
2025-12-11 15:45:00,24050.18,24053.65,24040.94,24049.79,165237
2025-12-11 15:50:00,24050.57,24088.29,24049.79,24065.77,923696
2025-12-11 15:55:00,24065.2,24090.22,24054.6,24086.37,1290922
2025-12-11 16:00:00,24085.98,24099.08,24079.44,24088.87,0
2025-12-11 16:05:00,24087.52,24162.98,24083.29,24102.16,0
2025-12-11 16:10:00,24101.77,24116.78,24084.83,24112.16,0
2025-12-11 16:15:00,24114.48,24196.48,24084.83,24173.76,0
2025-12-11 16:20:00,24171.84,24177.23,24156.44,24175.3,0
2025-12-11 16:25:00,24174.78,24188.01,24174.54,24181.22,0
2025-12-11 16:30:00,24184.16,24188.01,24171.84,24172.23,0
2025-12-11 16:35:00,24173.34,24181.08,24172.22,24173.76,0
2025-12-11 16:40:00,24173.38,24175.65,24154.52,24162.98,0
2025-12-11 16:45:00,24161.45,24193.4,24160.68,24193.4,0
2025-12-11 16:50:00,24193.78,24222.28,24188.01,24202.64,0
2025-12-11 16:55:00,24203.02,24207.64,24195.32,24199.18,0
2025-12-11 17:00:00,24198.98,24202.64,24188.4,24191.48,0
2025-12-11 17:05:00,24191.09,24194.17,24084.83,24176.08,0
2025-12-11 17:10:00,24178.0,24193.02,24084.83,24183.39,0
2025-12-11 17:15:00,24183.39,24184.35,24105.24,24112.55,0
2025-12-11 17:20:00,24117.55,24124.1,24091.38,24109.09,0
2025-12-11 17:25:00,24110.62,24120.64,24095.41,24100.62,0
2025-12-11 17:30:00,24100.23,24111.78,24095.27,24101.0,0
2025-12-11 17:35:00,24099.06,24099.84,24065.2,24074.05,0
2025-12-11 17:40:00,24072.12,24082.9,24024.0,24049.33,0
2025-12-11 17:45:00,24034.78,24058.65,24034.78,24043.25,0
2025-12-11 17:50:00,24043.25,24084.83,24025.92,24032.09,0
2025-12-11 17:55:00,24031.33,24054.8,24031.33,24054.8,0
2025-12-11 18:00:00,24062.5,24098.69,24058.26,24081.36,0
2025-12-11 18:05:00,24081.75,24081.75,24049.02,24052.93,0
2025-12-11 18:10:00,24054.03,24065.96,24030.93,24030.93,0
2025-12-11 18:15:00,24035.55,24045.18,24025.47,24045.18,0
2025-12-11 18:20:00,24045.18,24053.26,24041.76,24046.14,0
2025-12-11 18:25:00,24047.1,24052.1,24036.7,24040.52,0
2025-12-11 18:30:00,24041.32,24053.26,24039.78,24049.99,0
2025-12-11 18:35:00,24050.18,24052.88,24043.4,24048.26,0
2025-12-11 18:40:00,24046.33,24054.41,24045.93,24053.26,0
2025-12-11 18:45:00,24053.45,24064.42,24049.8,24059.04,0
2025-12-11 18:50:00,24060.58,24060.99,24047.55,24053.07,0
2025-12-11 18:55:00,24055.18,24056.53,24043.64,24045.56,0
2025-12-12 04:00:00,24044.02,24050.95,24039.02,24044.79,0
2025-12-12 04:05:00,24044.4,24046.33,24008.6,24013.22,0
2025-12-12 04:10:00,24012.06,24022.46,24000.52,24020.15,0
2025-12-12 04:15:00,24023.62,24027.46,24010.52,24011.3,0
2025-12-12 04:20:00,24008.6,24010.52,24000.13,24003.98,0
2025-12-12 04:25:00,24003.98,24004.75,23979.34,23979.34,0
2025-12-12 04:30:00,23978.96,23983.96,23963.94,23975.1,0
2025-12-12 04:35:00,23973.95,23981.65,23962.02,23962.02,0
2025-12-12 04:40:00,23962.4,23972.41,23954.32,23958.55,0
2025-12-12 04:45:00,23961.63,23974.72,23952.78,23973.56,0
2025-12-12 04:50:00,23975.1,23982.42,23962.02,23966.64,0
2025-12-12 04:55:00,23963.94,23978.96,23963.94,23978.18,0
2025-12-12 05:00:00,23973.95,23978.96,23968.95,23976.64,0
2025-12-12 05:05:00,23977.03,23985.5,23975.88,23985.5,0
2025-12-12 05:10:00,23987.42,24007.45,23987.42,24004.36,0
2025-12-12 05:15:00,24000.13,24000.13,23979.34,23983.19,0
2025-12-12 05:20:00,23980.88,23990.89,23977.03,23982.8,0
2025-12-12 05:25:00,23981.26,23981.26,23969.72,23973.95,0
2025-12-12 05:30:00,23973.95,23975.88,23967.4,23971.26,0
2025-12-12 05:35:00,23970.1,23970.1,23955.86,23958.94,0
2025-12-12 05:40:00,23959.7,23975.49,23959.7,23974.72,0
2025-12-12 05:45:00,23973.95,23977.8,23970.48,23975.1,0
2025-12-12 05:50:00,23977.03,23980.5,23972.41,23975.1,0
2025-12-12 05:55:00,23975.88,23980.5,23971.26,23971.64,0
2025-12-12 06:00:00,23973.18,23973.18,23965.48,23969.72,0
2025-12-12 06:05:00,23967.79,23967.79,23954.7,23959.7,0
2025-12-12 06:10:00,23957.78,23967.79,23957.78,23967.79,0
2025-12-12 06:15:00,23967.02,23974.34,23967.02,23974.34,0
2025-12-12 06:20:00,23973.95,23973.95,23963.55,23963.94,0
2025-12-12 06:25:00,23967.4,23967.4,23960.09,23960.48,0
2025-12-12 06:30:00,23963.17,23971.64,23958.55,23958.55,0
2025-12-12 06:35:00,23961.63,23961.63,23934.3,23934.3,0
2025-12-12 06:40:00,23938.91,23952.78,23938.91,23948.16,0
2025-12-12 06:45:00,23950.85,23951.24,23927.75,23927.75,0
2025-12-12 06:50:00,23927.75,23936.6,23926.21,23935.45,0
2025-12-12 06:55:00,23932.76,23944.69,23932.76,23942.38,0
2025-12-12 07:00:00,23944.69,23945.84,23931.98,23938.53,0
2025-12-12 07:05:00,23937.38,23953.54,23937.38,23953.16,0
2025-12-12 07:10:00,23953.16,23962.78,23952.78,23962.4,0
2025-12-12 07:15:00,23957.78,23963.55,23955.86,23962.4,0
2025-12-12 07:20:00,23961.59,23966.25,23955.09,23965.48,0
2025-12-12 07:25:00,23965.1,23972.02,23962.78,23965.1,0
2025-12-12 07:30:00,23963.94,23966.6,23957.78,23964.32,0
2025-12-12 07:35:00,23963.94,23963.94,23955.86,23958.16,0
2025-12-12 07:40:00,23957.78,23958.94,23947.0,23947.0,0
2025-12-12 07:45:00,23947.0,23953.54,23942.76,23951.62,0
2025-12-12 07:50:00,23949.31,23977.8,23948.16,23977.41,0
2025-12-12 07:55:00,23974.72,23984.34,23953.93,23957.78,0
2025-12-12 08:00:00,23940.46,24102.89,23927.33,23959.32,0
2025-12-12 08:05:00,23958.55,23973.95,23956.43,23973.95,0
2025-12-12 08:10:00,23973.95,23985.5,23972.22,23976.26,0
2025-12-12 08:15:00,23976.89,23978.92,23970.87,23975.1,0
2025-12-12 08:20:00,23974.34,23980.5,23971.64,23979.72,0
2025-12-12 08:25:00,23978.96,23986.66,23972.41,23975.1,0
2025-12-12 08:30:00,23976.3,23980.5,23972.41,23973.33,0
2025-12-12 08:35:00,23973.53,23976.26,23966.25,23974.91,0
2025-12-12 08:40:00,23974.34,23981.65,23970.1,23971.64,0
2025-12-12 08:45:00,23971.26,24084.83,23968.18,23988.19,0
2025-12-12 08:50:00,23988.2,24002.44,23986.46,23993.2,0
2025-12-12 08:55:00,23993.94,24011.65,23993.94,24011.65,0
2025-12-12 09:00:00,24010.52,24017.07,23993.97,23998.98,0
2025-12-12 09:05:00,24000.52,24011.91,23995.9,24002.82,0
2025-12-12 09:10:00,24002.63,24006.68,23990.5,23992.03,0
2025-12-12 09:15:00,23990.93,23992.43,23976.26,23987.81,0
2025-12-12 09:20:00,23988.58,23997.82,23980.11,23980.88,0
2025-12-12 09:25:00,23981.26,23986.08,23947.38,23948.92,0
2025-12-12 09:30:00,23941.96,23976.26,23922.74,23963.94,2155641
2025-12-12 09:35:00,23963.94,24006.29,23953.16,23997.05,974325
2025-12-12 09:40:00,23997.05,24001.28,23936.6,23943.92,858550
2025-12-12 09:45:00,23944.3,23955.85,23898.1,23899.65,1094122
2025-12-12 09:50:00,23900.03,23957.59,23894.64,23951.08,831970
2025-12-12 09:55:00,23950.47,23958.55,23930.06,23947.39,413621
2025-12-12 10:00:00,23947.39,23948.92,23874.62,23879.24,817944
2025-12-12 10:05:00,23880.01,23891.95,23810.71,23829.19,934967
2025-12-12 10:10:00,23828.42,23868.46,23823.8,23836.89,664210
2025-12-12 10:15:00,23836.51,23851.87,23813.41,23834.2,817936
2025-12-12 10:20:00,23834.2,23843.05,23774.91,23783.04,918661
2025-12-12 10:25:00,23782.22,23786.84,23721.97,23726.4,1093508
2025-12-12 10:30:00,23726.01,23777.42,23703.68,23753.34,1019048
2025-12-12 10:35:00,23754.11,23781.45,23729.47,23767.59,534040
2025-12-12 10:40:00,23770.28,23786.12,23741.79,23785.55,501860
2025-12-12 10:45:00,23784.15,23802.62,23771.83,23788.77,509580
2025-12-12 10:50:00,23789.53,23801.28,23736.21,23736.41,601456
2025-12-12 10:55:00,23736.02,23741.41,23628.22,23652.82,1362042
2025-12-12 11:00:00,23651.71,23685.97,23589.53,23589.53,1200449
2025-12-12 11:05:00,23588.95,23651.32,23581.73,23610.7,900864
2025-12-12 11:10:00,23610.9,23632.42,23569.7,23608.2,679972
2025-12-12 11:15:00,23607.04,23640.54,23587.79,23601.27,573562
2025-12-12 11:20:00,23600.89,23618.98,23551.99,23587.79,855346
2025-12-12 11:25:00,23588.18,23639.58,23572.78,23636.69,783776
2025-12-12 11:30:00,23636.33,23637.46,23573.16,23591.65,570689
2025-12-12 11:35:00,23592.03,23599.73,23537.36,23558.92,685094
2025-12-12 11:40:00,23559.3,23602.81,23537.74,23600.5,749886
2025-12-12 11:45:00,23600.11,23602.81,23570.09,23587.79,476340
2025-12-12 11:50:00,23585.1,23586.26,23561.23,23573.55,673936
2025-12-12 11:55:00,23571.24,23592.8,23554.68,23590.88,451507
2025-12-12 12:00:00,23590.49,23640.16,23578.94,23624.37,653210
2025-12-12 12:05:00,23624.37,23670.57,23621.29,23644.39,594544
2025-12-12 12:10:00,23643.62,23671.72,23642.27,23659.79,428522
2025-12-12 12:15:00,23659.79,23704.45,23659.41,23704.22,492610
2025-12-12 12:20:00,23704.07,23707.53,23675.58,23686.35,501023
2025-12-12 12:25:00,23686.35,23686.35,23630.15,23634.77,540618
2025-12-12 12:30:00,23634.77,23653.24,23607.43,23642.85,426060
2025-12-12 12:35:00,23642.47,23685.2,23624.37,23683.66,343124
2025-12-12 12:40:00,23683.28,23696.52,23674.03,23680.97,345484
2025-12-12 12:45:00,23680.2,23716.66,23678.27,23710.99,383434
2025-12-12 12:50:00,23711.77,23713.69,23681.69,23693.28,347687
2025-12-12 12:55:00,23693.28,23707.15,23680.2,23685.97,240475
2025-12-12 13:00:00,23686.35,23701.37,23672.88,23695.59,253753
2025-12-12 13:05:00,23695.21,23710.03,23693.62,23698.94,249079
2025-12-12 13:10:00,23698.29,23762.97,23696.36,23738.33,614162
2025-12-12 13:15:00,23737.95,23772.59,23736.41,23749.11,379245
2025-12-12 13:20:00,23748.72,23750.27,23714.49,23724.09,424838
2025-12-12 13:25:00,23723.7,23744.49,23715.61,23744.49,426750
2025-12-12 13:30:00,23743.72,23745.95,23728.27,23734.48,192172
2025-12-12 13:35:00,23735.64,23743.34,23712.53,23742.1,188514
2025-12-12 13:40:00,23742.18,23747.96,23703.29,23712.53,313918
2025-12-12 13:45:00,23712.84,23721.01,23700.6,23720.62,280704
2025-12-12 13:50:00,23720.23,23730.63,23706.95,23716.77,253965
2025-12-12 13:55:00,23716.39,23722.16,23682.89,23686.35,287703
2025-12-12 14:00:00,23686.35,23693.28,23665.18,23686.74,442368
2025-12-12 14:05:00,23685.59,23692.71,23666.28,23667.88,200134
2025-12-12 14:10:00,23668.26,23682.51,23645.93,23649.78,372619
2025-12-12 14:15:00,23649.78,23664.41,23642.87,23647.47,240392
2025-12-12 14:20:00,23647.09,23660.17,23631.68,23644.78,299312
2025-12-12 14:25:00,23644.04,23647.47,23627.07,23637.46,227264
2025-12-12 14:30:00,23638.23,23664.99,23637.08,23647.86,334130
2025-12-12 14:35:00,23647.85,23655.17,23639.77,23642.53,252634
2025-12-12 14:40:00,23643.23,23674.42,23643.23,23650.93,306076
2025-12-12 14:45:00,23652.09,23655.55,23639.39,23647.85,249953
2025-12-12 14:50:00,23647.47,23662.48,23645.34,23657.71,202866
2025-12-12 14:55:00,23657.48,23663.26,23637.84,23654.78,237559
2025-12-12 15:00:00,23654.78,23660.56,23635.53,23648.62,322311
2025-12-12 15:05:00,23647.85,23666.72,23645.93,23665.18,243357
2025-12-12 15:10:00,23665.18,23672.11,23636.69,23637.46,325063
2025-12-12 15:15:00,23636.3,23651.71,23633.65,23645.54,297759
2025-12-12 15:20:00,23645.54,23650.55,23640.92,23649.01,230736
2025-12-12 15:25:00,23649.78,23650.55,23617.83,23622.83,398028
2025-12-12 15:30:00,23622.83,23628.22,23582.02,23612.1,478032
2025-12-12 15:35:00,23613.13,23616.86,23562.77,23572.78,476944
2025-12-12 15:40:00,23572.78,23608.97,23571.82,23595.88,548098
2025-12-12 15:45:00,23596.65,23634.38,23590.49,23613.21,684842
2025-12-12 15:50:00,23613.97,23629.76,23585.48,23610.12,1457233
2025-12-12 15:55:00,23610.12,23629.57,23606.66,23623.6,2439742
2025-12-12 16:00:00,23622.83,24084.83,23613.98,23627.26,0
2025-12-12 16:05:00,23627.45,23628.27,23613.2,23617.44,0
2025-12-12 16:10:00,23617.05,23628.99,23615.9,23628.99,0
2025-12-12 16:15:00,23629.76,23630.14,23621.68,23628.99,0
2025-12-12 16:20:00,23628.99,23633.22,23624.76,23625.62,0
2025-12-12 16:25:00,23625.14,23625.33,23616.48,23617.44,0
2025-12-12 16:30:00,23616.67,23618.98,23613.59,23617.26,0
2025-12-12 16:35:00,23618.98,23622.83,23615.5,23622.83,0
2025-12-12 16:40:00,23622.83,23625.91,23620.33,23620.9,0
2025-12-12 16:45:00,23619.75,23625.14,23619.75,23622.83,0
2025-12-12 16:50:00,23623.35,23624.72,23616.48,23617.05,0
2025-12-12 16:55:00,23618.21,23625.14,23612.82,23615.39,0
2025-12-12 17:00:00,23615.52,23619.36,23613.59,23615.52,0
2025-12-12 17:05:00,23613.59,23618.98,23613.59,23615.55,0
2025-12-12 17:10:00,23616.09,23617.82,23613.98,23613.98,0
2025-12-12 17:15:00,23614.04,23617.44,23612.05,23616.48,0
2025-12-12 17:20:00,23617.02,23617.82,23612.05,23617.82,0
2025-12-12 17:25:00,23618.21,23619.75,23617.82,23619.34,0
2025-12-12 17:30:00,23618.98,23624.37,23618.6,23620.9,0
2025-12-12 17:35:00,23621.29,23623.6,23615.86,23623.6,0
2025-12-12 17:40:00,23621.29,23623.6,23618.98,23621.29,0
2025-12-12 17:45:00,23618.98,23621.29,23614.36,23616.48,0
2025-12-12 17:50:00,23618.6,23620.52,23613.59,23615.13,0
2025-12-12 17:55:00,23615.13,23616.67,23612.0,23614.73,0
2025-12-12 18:00:00,23615.13,23616.28,23610.51,23612.05,0
2025-12-12 18:05:00,23612.05,23617.44,23604.35,23610.7,0
2025-12-12 18:10:00,23607.66,23612.44,23604.35,23607.43,0
2025-12-12 18:15:00,23606.47,23614.74,23604.78,23607.43,0
2025-12-12 18:20:00,23607.43,23608.2,23600.5,23606.49,0
2025-12-12 18:25:00,23606.52,23607.79,23600.88,23604.74,0
2025-12-12 18:30:00,23605.05,23605.12,23600.88,23604.35,0
2025-12-12 18:35:00,23601.27,23604.35,23600.5,23600.69,0
2025-12-12 18:40:00,23600.69,23600.88,23596.65,23598.19,0
2025-12-12 18:45:00,23598.58,23600.5,23596.65,23599.73,0
2025-12-12 18:50:00,23600.42,23600.5,23594.72,23597.42,0
2025-12-12 18:55:00,23597.42,23597.42,23594.98,23596.58,0
2025-12-15 04:00:00,23692.13,23699.45,23685.97,23698.68,0
2025-12-15 04:05:00,23699.83,23702.14,23695.21,23695.98,0
2025-12-15 04:10:00,23697.52,23722.54,23693.28,23719.85,0
2025-12-15 04:15:00,23723.7,23725.62,23711.0,23711.0,0
2025-12-15 04:20:00,23715.23,23721.78,23708.3,23721.78,0
2025-12-15 04:25:00,23724.09,23729.09,23722.93,23728.32,0
2025-12-15 04:30:00,23727.16,23733.71,23722.93,23731.4,0
2025-12-15 04:35:00,23729.48,23734.48,23724.09,23724.09,0
2025-12-15 04:40:00,23724.09,23729.86,23722.93,23725.62,0
2025-12-15 04:45:00,23729.09,23732.94,23729.09,23731.78,0
2025-12-15 04:50:00,23734.48,23739.48,23732.94,23735.25,0
2025-12-15 04:55:00,23737.95,23738.33,23732.94,23732.94,0
2025-12-15 05:00:00,23731.78,23738.72,23726.4,23737.95,0
2025-12-15 05:05:00,23737.56,23738.72,23733.32,23734.1,0
2025-12-15 05:10:00,23735.25,23740.26,23735.25,23740.26,0
2025-12-15 05:15:00,23739.87,23746.8,23738.33,23746.8,0
2025-12-15 05:20:00,23744.88,23746.03,23738.33,23738.33,0
2025-12-15 05:25:00,23741.02,23748.34,23741.02,23743.72,0
2025-12-15 05:30:00,23742.56,23743.72,23734.86,23736.4,0
2025-12-15 05:35:00,23738.33,23738.33,23731.02,23733.71,0
2025-12-15 05:40:00,23736.02,23741.41,23732.94,23741.02,0
2025-12-15 05:45:00,23739.48,23743.34,23738.33,23741.41,0
2025-12-15 05:50:00,23740.64,23747.96,23740.26,23747.96,0
2025-12-15 05:55:00,23747.57,23747.57,23742.95,23743.34,0
2025-12-15 06:00:00,23740.64,23744.1,23739.87,23742.56,0
2025-12-15 06:05:00,23741.02,23744.88,23735.25,23744.88,0
2025-12-15 06:10:00,23744.88,23747.18,23740.26,23740.64,0
2025-12-15 06:15:00,23739.48,23741.41,23739.48,23741.41,0
2025-12-15 06:20:00,23744.88,23750.26,23744.1,23747.57,0
2025-12-15 06:25:00,23748.34,23755.27,23747.96,23750.65,0
2025-12-15 06:30:00,23752.58,23758.74,23752.58,23752.96,0
2025-12-15 06:35:00,23753.73,23762.2,23752.58,23760.66,0
2025-12-15 06:40:00,23760.66,23760.66,23756.42,23756.42,0
2025-12-15 06:45:00,23755.27,23758.74,23754.5,23757.96,0
2025-12-15 06:50:00,23757.96,23763.36,23757.58,23760.28,0
2025-12-15 06:55:00,23759.12,23760.66,23758.35,23758.35,0
2025-12-15 07:00:00,23759.12,23759.12,23753.73,23755.66,0
2025-12-15 07:05:00,23754.5,23757.58,23741.8,23742.18,0
2025-12-15 07:10:00,23741.8,23744.1,23731.4,23738.33,0
2025-12-15 07:15:00,23737.95,23746.03,23736.79,23742.95,0
2025-12-15 07:20:00,23744.88,23754.88,23742.56,23747.57,0
2025-12-15 07:25:00,23748.34,23748.72,23733.32,23737.95,0
2025-12-15 07:30:00,23738.33,23748.34,23738.33,23744.88,0
2025-12-15 07:35:00,23744.1,23744.1,23740.26,23742.95,0
2025-12-15 07:40:00,23741.45,23764.9,23740.26,23757.96,0
2025-12-15 07:45:00,23758.35,23760.28,23755.66,23756.42,0
2025-12-15 07:50:00,23756.04,23759.89,23755.66,23757.93,0
2025-12-15 07:55:00,23756.81,23758.31,23755.23,23757.96,0
2025-12-15 08:00:00,23696.32,23763.36,23606.66,23755.29,0
2025-12-15 08:05:00,23624.37,23758.74,23624.37,23758.0,0
2025-12-15 08:10:00,23757.39,23760.28,23755.24,23759.88,0
2025-12-15 08:15:00,23758.76,23761.04,23754.88,23757.2,0
2025-12-15 08:20:00,23756.81,23757.77,23742.18,23748.29,0
2025-12-15 08:25:00,23750.65,23758.35,23748.76,23755.66,0
2025-12-15 08:30:00,23755.27,23760.28,23753.34,23755.31,0
2025-12-15 08:35:00,23755.66,23757.58,23752.58,23756.42,0
2025-12-15 08:40:00,23757.96,23763.36,23756.42,23760.13,0
2025-12-15 08:45:00,23759.92,23784.53,23624.37,23783.0,0
2025-12-15 08:50:00,23783.95,23784.53,23774.15,23779.53,0
2025-12-15 08:55:00,23779.52,23785.28,23773.75,23783.32,0
2025-12-15 09:00:00,23781.06,23796.08,23779.14,23791.81,0
2025-12-15 09:05:00,23791.84,23792.61,23782.64,23789.66,0
2025-12-15 09:10:00,23789.96,23796.46,23789.15,23794.54,0
2025-12-15 09:15:00,23794.54,23797.62,23787.61,23792.23,0
2025-12-15 09:20:00,23791.84,23792.62,23778.37,23782.99,0
2025-12-15 09:25:00,23783.38,23807.24,23774.52,23807.24,0
2025-12-15 09:30:00,23783.38,23798.78,23721.39,23723.32,1722702
2025-12-15 09:35:00,23723.7,23771.44,23700.6,23700.98,920832
2025-12-15 09:40:00,23701.76,23740.26,23692.52,23694.44,798163
2025-12-15 09:45:00,23694.05,23709.84,23665.64,23709.84,751944
2025-12-15 09:50:00,23710.61,23715.1,23650.16,23668.65,544078
2025-12-15 09:55:00,23666.34,23672.49,23625.91,23636.3,640696
2025-12-15 10:00:00,23636.3,23640.92,23581.83,23590.49,932775
2025-12-15 10:05:00,23590.1,23645.54,23585.48,23604.73,577769
2025-12-15 10:10:00,23604.35,23612.05,23576.63,23588.57,493167
2025-12-15 10:15:00,23587.03,23591.07,23545.06,23546.6,597081
2025-12-15 10:20:00,23547.76,23587.03,23499.63,23499.82,736776
2025-12-15 10:25:00,23500.4,23512.34,23458.82,23491.16,934476
2025-12-15 10:30:00,23490.39,23553.91,23478.07,23535.43,730038
2025-12-15 10:35:00,23535.05,23554.68,23502.33,23518.3,390537
2025-12-15 10:40:00,23518.88,23591.65,23498.09,23590.93,444625
2025-12-15 10:45:00,23591.26,23610.12,23581.25,23606.28,428886
2025-12-15 10:50:00,23606.28,23608.59,23537.74,23558.73,361900
2025-12-15 10:55:00,23557.77,23572.01,23542.36,23568.16,272067
2025-12-15 11:00:00,23568.16,23575.86,23540.83,23563.54,235531
2025-12-15 11:05:00,23563.54,23604.73,23562.77,23604.73,284373
2025-12-15 11:10:00,23602.42,23607.97,23559.3,23571.24,215051
2025-12-15 11:15:00,23570.47,23650.55,23568.54,23650.14,544550
2025-12-15 11:20:00,23650.55,23662.87,23638.23,23655.04,323173
2025-12-15 11:25:00,23654.78,23673.65,23652.47,23662.87,324562
2025-12-15 11:30:00,23663.45,23669.03,23598.11,23599.35,469062
2025-12-15 11:35:00,23599.67,23606.85,23560.08,23567.89,495111
2025-12-15 11:40:00,23566.23,23587.03,23549.1,23554.68,371930
2025-12-15 11:45:00,23555.84,23563.16,23538.13,23554.11,324957
2025-12-15 11:50:00,23553.15,23597.42,23550.45,23594.72,294769
2025-12-15 11:55:00,23594.34,23607.04,23558.15,23577.78,252008
2025-12-15 12:00:00,23578.94,23591.84,23561.61,23571.62,211537
2025-12-15 12:05:00,23572.01,23589.34,23564.31,23579.13,177970
2025-12-15 12:10:00,23580.09,23591.64,23570.47,23571.62,178327
2025-12-15 12:15:00,23572.01,23575.86,23546.22,23554.68,279080
2025-12-15 12:20:00,23555.65,23573.16,23551.99,23559.3,171752
2025-12-15 12:25:00,23558.53,23579.33,23557.38,23564.7,160886
2025-12-15 12:30:00,23565.85,23580.91,23541.59,23551.6,235751
2025-12-15 12:35:00,23553.15,23575.9,23551.8,23573.93,167907
2025-12-15 12:40:00,23573.55,23599.73,23572.01,23584.68,157854
2025-12-15 12:45:00,23583.95,23593.57,23548.14,23550.85,192463
2025-12-15 12:50:00,23550.45,23550.45,23504.64,23526.58,298064
2025-12-15 12:55:00,23527.35,23550.84,23520.42,23548.91,148490
2025-12-15 13:00:00,23547.37,23552.76,23520.42,23542.31,189072
2025-12-15 13:05:00,23543.52,23569.32,23543.52,23550.84,207753
2025-12-15 13:10:00,23552.76,23572.58,23550.89,23567.78,139911
2025-12-15 13:15:00,23566.23,23578.46,23537.55,23543.9,190671
2025-12-15 13:20:00,23541.98,23551.22,23522.02,23522.34,144047
2025-12-15 13:25:00,23521.58,23529.28,23505.41,23517.72,12580572
2025-12-15 13:30:00,23517.34,23536.21,23501.55,23519.18,0
2025-12-15 13:35:00,23518.88,23534.28,23510.03,23518.88,133330
2025-12-15 13:40:00,23516.18,23540.44,23513.49,23533.9,261596
2025-12-15 13:45:00,23532.74,23549.29,23530.04,23538.9,200716
2025-12-15 13:50:00,23539.67,23562.0,23535.05,23557.38,198172
2025-12-15 13:55:00,23557.38,23583.17,23556.22,23568.16,221473
2025-12-15 14:00:00,23566.66,23594.26,23561.23,23588.95,452292
2025-12-15 14:05:00,23588.18,23595.49,23571.24,23572.4,435006
2025-12-15 14:10:00,23571.96,23578.17,23556.99,23558.15,169530
2025-12-15 14:15:00,23556.61,23567.78,23540.83,23567.78,271040
2025-12-15 14:20:00,23568.16,23573.16,23544.67,23555.88,148417
2025-12-15 14:25:00,23555.07,23565.47,23546.77,23552.38,113979
2025-12-15 14:30:00,23551.99,23560.84,23536.21,23544.98,194135
2025-12-15 14:35:00,23545.83,23554.68,23533.51,23539.67,166166
2025-12-15 14:40:00,23541.21,23550.18,23528.12,23533.9,187560
2025-12-15 14:45:00,23533.51,23537.74,23524.66,23537.55,168516
2025-12-15 14:50:00,23537.74,23547.37,23527.35,23545.06,163648
2025-12-15 14:55:00,23544.67,23570.09,23544.29,23566.62,174318
2025-12-15 15:00:00,23565.85,23566.23,23527.35,23544.99,223057
2025-12-15 15:05:00,23544.87,23567.74,23544.29,23566.62,194539
2025-12-15 15:10:00,23566.62,23570.85,23552.76,23552.76,175396
2025-12-15 15:15:00,23552.38,23565.47,23542.75,23546.98,162745
2025-12-15 15:20:00,23547.76,23547.76,23524.27,23533.87,227063
2025-12-15 15:25:00,23534.28,23542.5,23524.59,23536.97,151003
2025-12-15 15:30:00,23537.36,23543.13,23512.34,23525.81,178613
2025-12-15 15:35:00,23526.2,23540.83,23519.27,23536.59,204773
2025-12-15 15:40:00,23536.43,23542.75,23511.18,23519.46,265231
2025-12-15 15:45:00,23518.88,23536.59,23515.41,23531.2,340573
2025-12-15 15:50:00,23530.82,23539.28,23501.55,23507.72,592593
2025-12-15 15:55:00,23508.48,23522.73,23500.78,23503.48,1150847
2025-12-15 16:00:00,23502.71,23525.42,23497.7,23505.02,0
2025-12-15 16:05:00,23507.33,23624.37,23502.32,23505.4,0
2025-12-15 16:10:00,23507.33,23521.19,23505.79,23518.88,0
2025-12-15 16:15:00,23505.79,23520.42,23505.79,23510.41,0
2025-12-15 16:20:00,23510.02,23516.18,23509.26,23515.41,0
2025-12-15 16:25:00,23515.05,23515.41,23504.25,23506.12,0
2025-12-15 16:30:00,23505.4,23516.18,23505.4,23513.88,0
2025-12-15 16:35:00,23515.03,23518.04,23513.1,23515.41,0
2025-12-15 16:40:00,23514.26,23518.3,23514.26,23517.34,0
2025-12-15 16:45:00,23517.72,23520.8,23515.8,23516.57,0
2025-12-15 16:50:00,23517.86,23518.86,23512.34,23517.08,0
2025-12-15 16:55:00,23517.53,23521.19,23514.64,23520.42,0
2025-12-15 17:00:00,23517.06,23521.19,23505.79,23519.26,0
2025-12-15 17:05:00,23519.65,23521.19,23515.42,23519.84,0
2025-12-15 17:10:00,23518.88,23520.8,23517.72,23520.61,0
2025-12-15 17:15:00,23520.8,23523.5,23520.42,23521.58,0
2025-12-15 17:20:00,23521.58,23523.08,23517.34,23517.34,0
2025-12-15 17:25:00,23517.34,23522.34,23514.64,23517.72,0
2025-12-15 17:30:00,23519.65,23522.27,23516.38,23516.38,0
2025-12-15 17:35:00,23516.96,23520.8,23516.96,23517.72,0
2025-12-15 17:40:00,23519.26,23521.96,23514.64,23520.42,0
2025-12-15 17:45:00,23520.04,23523.5,23511.56,23515.22,0
2025-12-15 17:50:00,23518.82,23518.82,23510.41,23513.88,0
2025-12-15 17:55:00,23513.1,23515.8,23510.8,23511.95,0
2025-12-15 18:00:00,23514.64,23536.2,23513.49,23536.2,0
2025-12-15 18:05:00,23536.59,23539.28,23526.2,23536.59,0
2025-12-15 18:10:00,23535.51,23537.36,23526.58,23531.15,0
2025-12-15 18:15:00,23528.89,23528.89,23520.52,23526.58,0
2025-12-15 18:20:00,23529.08,23533.9,23524.27,23525.04,0
2025-12-15 18:25:00,23523.5,23525.81,23506.17,23512.34,0
2025-12-15 18:30:00,23512.72,23512.72,23490.78,23490.78,0
2025-12-15 18:35:00,23489.3,23495.01,23479.22,23494.24,0
2025-12-15 18:40:00,23494.62,23498.48,23485.37,23495.59,0
2025-12-15 18:45:00,23491.74,23493.75,23475.38,23475.38,0
2025-12-15 18:50:00,23476.14,23478.46,23461.52,23473.26,0
2025-12-15 18:55:00,23475.18,23481.92,23474.22,23478.84,0
2025-12-16 04:00:00,23329.46,23386.05,23329.46,23386.05,0
2025-12-16 04:05:00,23387.21,23394.91,23387.21,23394.91,0
2025-12-16 04:10:00,23395.68,23410.31,23392.6,23410.31,0
2025-12-16 04:15:00,23410.31,23411.85,23400.3,23407.62,0
2025-12-16 04:20:00,23407.62,23411.08,23398.76,23402.22,0
2025-12-16 04:25:00,23402.61,23402.61,23395.3,23395.3,0
2025-12-16 04:30:00,23395.3,23408.77,23392.22,23408.0,0
2025-12-16 04:35:00,23406.84,23406.84,23393.76,23393.76,0
2025-12-16 04:40:00,23388.75,23401.84,23387.98,23391.83,0
2025-12-16 04:45:00,23394.91,23396.45,23383.36,23383.36,0
2025-12-16 04:50:00,23383.74,23383.74,23364.5,23367.58,0
2025-12-16 04:55:00,23365.65,23370.66,23355.26,23369.5,0
2025-12-16 05:00:00,23370.27,23377.59,23355.64,23377.59,0
2025-12-16 05:05:00,23379.12,23387.98,23376.43,23381.05,0
2025-12-16 05:10:00,23384.52,23396.84,23382.98,23396.06,0
2025-12-16 05:15:00,23398.38,23414.54,23398.38,23403.76,0
2025-12-16 05:20:00,23406.46,23412.62,23400.68,23412.62,0
2025-12-16 05:25:00,23414.54,23419.55,23414.54,23416.47,0
2025-12-16 05:30:00,23417.62,23417.62,23407.23,23407.23,0
2025-12-16 05:35:00,23406.46,23434.56,23406.08,23434.56,0
2025-12-16 05:40:00,23433.41,23446.88,23433.41,23446.88,0
2025-12-16 05:45:00,23449.58,23451.89,23435.34,23435.34,0
2025-12-16 05:50:00,23433.8,23435.72,23423.4,23423.4,0
2025-12-16 05:55:00,23421.48,23433.02,23418.01,23428.4,0
2025-12-16 06:00:00,23428.4,23435.34,23421.09,23426.1,0
2025-12-16 06:05:00,23424.94,23426.1,23419.16,23422.63,0
2025-12-16 06:10:00,23423.78,23428.79,23420.7,23426.1,0
2025-12-16 06:15:00,23426.48,23426.48,23419.55,23422.63,0
2025-12-16 06:20:00,23423.4,23423.78,23417.62,23423.4,0
2025-12-16 06:25:00,23421.86,23427.25,23420.32,23427.25,0
2025-12-16 06:30:00,23429.56,23430.33,23418.4,23428.79,0
2025-12-16 06:35:00,23428.4,23443.42,23428.4,23443.42,0
2025-12-16 06:40:00,23446.5,23452.28,23442.26,23446.88,0
2025-12-16 06:45:00,23446.5,23450.35,23443.8,23447.66,0
2025-12-16 06:50:00,23447.66,23460.74,23440.72,23456.12,0
2025-12-16 06:55:00,23458.44,23471.91,23458.44,23471.91,0
2025-12-16 07:00:00,23470.76,23472.68,23461.52,23469.6,0
2025-12-16 07:05:00,23468.41,23473.45,23466.52,23468.45,0
2025-12-16 07:10:00,23469.22,23489.24,23469.22,23486.16,0
2025-12-16 07:15:00,23487.31,23495.4,23486.16,23487.7,0
2025-12-16 07:20:00,23488.08,23491.93,23482.69,23482.69,0
2025-12-16 07:25:00,23483.46,23487.27,23478.07,23485.38,0
2025-12-16 07:30:00,23486.16,23495.01,23483.84,23494.24,0
2025-12-16 07:35:00,23493.47,23493.86,23477.3,23480.38,0
2025-12-16 07:40:00,23482.69,23498.86,23482.69,23486.16,0
2025-12-16 07:45:00,23486.89,23494.24,23480.0,23484.23,0
2025-12-16 07:50:00,23483.42,23493.09,23480.38,23487.31,0
2025-12-16 07:55:00,23488.08,23488.46,23471.91,23476.14,0
2025-12-16 08:00:00,23381.48,23523.38,23273.17,23460.74,0
2025-12-16 08:05:00,23461.12,23505.79,23451.89,23455.74,0
2025-12-16 08:10:00,23455.36,23462.67,23445.54,23462.48,0
2025-12-16 08:15:00,23461.9,23468.06,23442.65,23459.2,0
2025-12-16 08:20:00,23459.4,23482.42,23449.2,23479.22,0
2025-12-16 08:25:00,23480.38,23490.78,23460.36,23471.14,0
2025-12-16 08:30:00,23473.84,23555.46,23469.98,23521.19,0
2025-12-16 08:35:00,23518.5,23518.5,23458.06,23473.45,0
2025-12-16 08:40:00,23473.06,23493.47,23455.01,23456.51,0
2025-12-16 08:45:00,23456.12,23505.79,23455.36,23460.94,0
2025-12-16 08:50:00,23461.9,23467.68,23424.55,23429.56,0
2025-12-16 08:55:00,23427.25,23454.59,23426.1,23436.13,0
2025-12-16 09:00:00,23431.87,23449.58,23411.6,23445.73,0
2025-12-16 09:05:00,23445.73,23457.28,23437.64,23441.11,0
2025-12-16 09:10:00,23441.11,23449.96,23436.49,23443.42,0
2025-12-16 09:15:00,23438.8,23471.14,23438.8,23462.28,0
2025-12-16 09:20:00,23460.55,23462.28,23444.96,23456.12,0
2025-12-16 09:25:00,23454.97,23454.97,23412.24,23419.18,0
2025-12-16 09:30:00,23418.55,23496.16,23397.99,23466.65,2057826
2025-12-16 09:35:00,23466.14,23525.46,23442.27,23486.92,617100
2025-12-16 09:40:00,23484.61,23498.09,23419.16,23447.66,445365
2025-12-16 09:45:00,23449.2,23519.65,23392.02,23498.09,535700
2025-12-16 09:50:00,23498.47,23564.7,23495.4,23512.72,546318
2025-12-16 09:55:00,23514.65,23571.62,23505.41,23566.23,474618
2025-12-16 10:00:00,23570.09,23580.48,23495.78,23532.74,487168
2025-12-16 10:05:00,23534.66,23575.67,23507.15,23507.72,441922
2025-12-16 10:10:00,23508.51,23522.34,23485.19,23503.85,454693
2025-12-16 10:15:00,23503.48,23511.57,23446.5,23457.66,429134
2025-12-16 10:20:00,23458.43,23463.1,23411.85,23415.32,498694
2025-12-16 10:25:00,23415.32,23431.87,23368.34,23427.25,774929
2025-12-16 10:30:00,23426.86,23471.14,23419.93,23446.11,428384
2025-12-16 10:35:00,23447.27,23466.52,23390.29,23423.4,279246
2025-12-16 10:40:00,23423.79,23444.58,23384.17,23440.34,385481
2025-12-16 10:45:00,23440.34,23483.08,23437.65,23458.82,353090
2025-12-16 10:50:00,23458.43,23501.17,23416.85,23490.78,357545
2025-12-16 10:55:00,23489.23,23516.96,23475.76,23502.33,344463
2025-12-16 11:00:00,23503.09,23521.38,23486.54,23490.39,308825
2025-12-16 11:05:00,23490.61,23500.78,23462.28,23472.34,305283
2025-12-16 11:10:00,23474.99,23479.99,23434.18,23445.46,513586
2025-12-16 11:15:00,23443.42,23450.2,23402.99,23432.26,371245
2025-12-16 11:20:00,23431.48,23442.27,23415.32,23418.78,306237
2025-12-16 11:25:00,23418.01,23427.25,23402.22,23419.55,310595
2025-12-16 11:30:00,23419.55,23446.11,23409.16,23445.73,263496
2025-12-16 11:35:00,23446.5,23456.12,23403.38,23435.72,283071
2025-12-16 11:40:00,23434.57,23446.5,23408.77,23442.84,175826
2025-12-16 11:45:00,23443.07,23483.08,23435.34,23482.3,237867
2025-12-16 11:50:00,23482.3,23503.48,23457.48,23471.14,350493
2025-12-16 11:55:00,23471.14,23517.72,23466.14,23513.1,258822
2025-12-16 12:00:00,23514.65,23529.28,23494.62,23520.03,365019
2025-12-16 12:05:00,23519.27,23526.2,23484.61,23485.39,298769
2025-12-16 12:10:00,23484.23,23520.42,23462.67,23517.72,362211
2025-12-16 12:15:00,23517.72,23531.2,23503.09,23509.26,309328
2025-12-16 12:20:00,23509.64,23515.03,23478.46,23482.3,202088
2025-12-16 12:25:00,23481.53,23483.84,23443.03,23457.28,292797
2025-12-16 12:30:00,23456.13,23489.62,23453.04,23487.31,208865
2025-12-16 12:35:00,23488.47,23500.4,23443.42,23453.82,189964
2025-12-16 12:40:00,23450.35,23450.73,23421.86,23434.37,254723
2025-12-16 12:45:00,23435.72,23453.04,23428.02,23431.29,238318
2025-12-16 12:50:00,23430.33,23431.48,23412.23,23420.7,134874
2025-12-16 12:55:00,23421.86,23425.71,23383.74,23391.41,393478
2025-12-16 13:00:00,23389.91,23407.61,23366.04,23407.61,457131
2025-12-16 13:05:00,23406.46,23413.39,23370.66,23401.84,298679
2025-12-16 13:10:00,23399.91,23415.32,23379.9,23414.54,221773
2025-12-16 13:15:00,23412.23,23416.47,23383.17,23389.71,210786
2025-12-16 13:20:00,23391.1,23414.58,23380.7,23412.62,198638
2025-12-16 13:25:00,23413.39,23421.86,23387.21,23394.3,206247
2025-12-16 13:30:00,23394.53,23441.88,23392.22,23439.57,302291
2025-12-16 13:35:00,23439.96,23473.84,23437.07,23468.06,344320
2025-12-16 13:40:00,23469.22,23500.78,23468.86,23498.09,239936
2025-12-16 13:45:00,23499.24,23520.03,23491.93,23512.34,339087
2025-12-16 13:50:00,23512.72,23528.51,23490.37,23497.32,329717
2025-12-16 13:55:00,23496.55,23508.87,23491.54,23496.55,194033
2025-12-16 14:00:00,23495.01,23497.71,23440.34,23443.8,342918
2025-12-16 14:05:00,23442.65,23458.82,23434.18,23451.12,290509
2025-12-16 14:10:00,23450.73,23456.12,23423.4,23427.25,187391
2025-12-16 14:15:00,23426.09,23438.41,23416.85,23418.01,192994
2025-12-16 14:20:00,23417.62,23450.73,23414.54,23438.03,17944685
2025-12-16 14:25:00,23437.65,23468.45,23421.47,23467.1,0
2025-12-16 14:30:00,23466.91,23486.54,23459.59,23481.03,244707
2025-12-16 14:35:00,23482.3,23501.94,23476.15,23482.69,171697
2025-12-16 14:40:00,23483.46,23508.48,23471.91,23500.78,240342
2025-12-16 14:45:00,23500.78,23509.64,23483.46,23498.47,226575
2025-12-16 14:50:00,23499.44,23531.59,23494.24,23513.71,254586
2025-12-16 14:55:00,23514.96,23518.11,23499.63,23503.09,203819
2025-12-16 15:00:00,23502.71,23537.36,23495.01,23534.28,215708
2025-12-16 15:05:00,23535.05,23548.53,23523.89,23541.98,201234
2025-12-16 15:10:00,23541.59,23549.29,23517.34,23518.11,240264
2025-12-16 15:15:00,23517.72,23531.78,23513.88,23528.89,361199
2025-12-16 15:20:00,23530.04,23556.61,23525.42,23555.46,238306
2025-12-16 15:25:00,23555.46,23556.99,23542.36,23554.3,271905
2025-12-16 15:30:00,23553.91,23584.33,23552.63,23575.86,401980
2025-12-16 15:35:00,23576.61,23615.86,23575.86,23598.96,401770
2025-12-16 15:40:00,23599.75,23609.74,23587.79,23598.19,427092
2025-12-16 15:45:00,23597.03,23603.2,23573.93,23587.03,295060
2025-12-16 15:50:00,23585.87,23620.14,23585.48,23600.5,506500
2025-12-16 15:55:00,23599.73,23617.82,23554.3,23554.3,955201
2025-12-16 16:00:00,23555.07,23602.04,23505.79,23536.98,0
2025-12-16 16:05:00,23536.45,23552.38,23527.35,23534.28,0
2025-12-16 16:10:00,23533.51,23561.81,23521.58,23527.35,0
2025-12-16 16:15:00,23528.89,23552.38,23510.02,23510.02,0
2025-12-16 16:20:00,23511.18,23552.38,23495.78,23505.02,0
2025-12-16 16:25:00,23503.67,23513.88,23502.71,23511.18,0
2025-12-16 16:30:00,23510.39,23515.02,23506.98,23514.64,0
2025-12-16 16:35:00,23516.18,23519.65,23514.26,23515.8,0
2025-12-16 16:40:00,23518.11,23525.42,23515.03,23523.12,0
2025-12-16 16:45:00,23521.96,23565.44,23518.11,23521.58,0
2025-12-16 16:50:00,23520.8,23526.93,23520.8,23523.51,0
2025-12-16 16:55:00,23523.88,23552.38,23504.25,23507.72,0
2025-12-16 17:00:00,23511.49,23552.38,23504.25,23512.91,0
2025-12-16 17:05:00,23511.95,23516.57,23511.95,23515.8,0
2025-12-16 17:10:00,23515.8,23519.65,23515.03,23515.8,0
2025-12-16 17:15:00,23515.22,23517.72,23513.1,23517.72,0
2025-12-16 17:20:00,23516.96,23519.26,23515.61,23519.26,0
2025-12-16 17:25:00,23518.88,23520.8,23516.18,23518.5,0
2025-12-16 17:30:00,23519.65,23519.65,23516.38,23518.5,0
2025-12-16 17:35:00,23517.92,23523.5,23516.57,23523.12,0
2025-12-16 17:40:00,23522.73,23525.04,23519.65,23520.61,0
2025-12-16 17:45:00,23521.96,23524.23,23519.65,23521.58,0
2025-12-16 17:50:00,23521.58,23521.58,23519.65,23520.8,0
2025-12-16 17:55:00,23521.58,23522.34,23519.65,23519.65,0
2025-12-16 18:00:00,23518.88,23535.63,23503.1,23503.1,0
2025-12-16 18:05:00,23503.48,23510.02,23485.0,23500.98,0
2025-12-16 18:10:00,23504.44,23509.69,23494.62,23507.25,0
2025-12-16 18:15:00,23508.48,23511.56,23499.24,23504.25,0
2025-12-16 18:20:00,23501.36,23517.34,23498.05,23517.34,0
2025-12-16 18:25:00,23514.64,23521.05,23511.16,23521.0,0
2025-12-16 18:30:00,23523.12,23535.05,23515.8,23534.42,0
2025-12-16 18:35:00,23534.28,23541.98,23523.53,23523.53,0
2025-12-16 18:40:00,23523.5,23541.6,23520.04,23541.24,0
2025-12-16 18:45:00,23538.9,23540.82,23520.69,23521.0,0
2025-12-16 18:50:00,23520.67,23520.8,23507.33,23512.2,0
2025-12-16 18:55:00,23512.72,23512.72,23498.09,23505.79,0
2025-12-17 04:00:00,23592.03,23606.66,23588.56,23601.27,0
2025-12-17 04:05:00,23598.96,23602.81,23590.1,23593.18,0
2025-12-17 04:10:00,23587.8,23602.81,23584.72,23602.42,0
2025-12-17 04:15:00,23603.2,23617.44,23603.2,23613.98,0
2025-12-17 04:20:00,23612.82,23620.9,23612.05,23619.75,0
2025-12-17 04:25:00,23621.68,23621.68,23602.81,23611.66,0
2025-12-17 04:30:00,23613.2,23620.52,23608.59,23620.52,0
2025-12-17 04:35:00,23620.9,23632.84,23620.14,23626.68,0
2025-12-17 04:40:00,23630.53,23634.76,23625.14,23634.76,0
2025-12-17 04:45:00,23636.3,23639.38,23632.84,23639.0,0
2025-12-17 04:50:00,23637.46,23646.7,23632.84,23644.0,0
2025-12-17 04:55:00,23643.24,23644.39,23639.77,23643.24,0
2025-12-17 05:00:00,23639.77,23643.24,23633.61,23637.84,0
2025-12-17 05:05:00,23637.08,23646.32,23635.92,23646.32,0
2025-12-17 05:10:00,23647.86,23658.25,23642.85,23654.02,0
2025-12-17 05:15:00,23654.4,23654.78,23646.7,23646.7,0
2025-12-17 05:20:00,23651.32,23651.32,23642.08,23645.16,0
2025-12-17 05:25:00,23647.86,23649.4,23645.93,23646.32,0
2025-12-17 05:30:00,23649.78,23665.95,23647.47,23656.71,0
2025-12-17 05:35:00,23654.02,23654.78,23648.62,23650.16,0
2025-12-17 05:40:00,23650.55,23660.56,23640.92,23655.94,0
2025-12-17 05:45:00,23655.94,23662.1,23653.63,23660.95,0
2025-12-17 05:50:00,23661.72,23665.18,23653.63,23661.33,0
2025-12-17 05:55:00,23660.18,23664.02,23658.25,23659.02,0
2025-12-17 06:00:00,23659.79,23660.18,23653.63,23657.86,0
2025-12-17 06:05:00,23661.72,23670.18,23661.72,23670.18,0
2025-12-17 06:10:00,23671.72,23672.88,23646.7,23650.16,0
2025-12-17 06:15:00,23650.55,23654.78,23645.54,23645.54,0
2025-12-17 06:20:00,23644.78,23661.72,23644.78,23654.02,0
2025-12-17 06:25:00,23653.63,23656.71,23649.01,23652.86,0
2025-12-17 06:30:00,23652.09,23664.02,23652.09,23664.02,0
2025-12-17 06:35:00,23659.02,23665.18,23657.1,23657.48,0
2025-12-17 06:40:00,23661.72,23666.34,23657.1,23666.34,0
2025-12-17 06:45:00,23665.95,23665.95,23654.4,23659.02,0
2025-12-17 06:50:00,23661.72,23669.41,23661.72,23666.34,0
2025-12-17 06:55:00,23668.64,23669.03,23656.71,23669.03,0
2025-12-17 07:00:00,23669.41,23669.41,23651.7,23658.25,0
2025-12-17 07:05:00,23656.71,23669.8,23651.7,23664.02,0
2025-12-17 07:10:00,23664.02,23673.65,23662.87,23671.72,0
2025-12-17 07:15:00,23671.72,23672.11,23664.02,23664.02,0
2025-12-17 07:20:00,23661.72,23662.87,23657.1,23661.72,0
2025-12-17 07:25:00,23662.1,23663.68,23654.02,23654.4,0
2025-12-17 07:30:00,23653.63,23670.18,23652.48,23670.18,0
2025-12-17 07:35:00,23669.8,23670.18,23666.72,23667.49,0
2025-12-17 07:40:00,23667.88,23671.72,23663.26,23670.96,0
2025-12-17 07:45:00,23669.8,23677.12,23665.56,23672.84,0
2025-12-17 07:50:00,23674.77,23682.12,23673.65,23679.81,0
2025-12-17 07:55:00,23678.27,23679.04,23663.22,23663.99,0
2025-12-17 08:00:00,23594.29,23682.46,23485.0,23669.8,0
2025-12-17 08:05:00,23668.64,23669.03,23494.43,23662.51,0
2025-12-17 08:10:00,23663.65,23666.34,23619.36,23634.76,0
2025-12-17 08:15:00,23633.58,23650.94,23592.41,23602.81,0
2025-12-17 08:20:00,23599.73,23612.05,23579.32,23610.12,0
2025-12-17 08:25:00,23608.97,23626.3,23597.04,23624.76,0
2025-12-17 08:30:00,23621.68,23627.84,23617.82,23626.72,0
2025-12-17 08:35:00,23627.84,23627.84,23603.96,23607.82,0
2025-12-17 08:40:00,23608.97,23624.76,23602.81,23624.37,0
2025-12-17 08:45:00,23624.76,23635.92,23552.38,23634.74,0
2025-12-17 08:50:00,23632.46,23634.76,23617.12,23628.57,0
2025-12-17 08:55:00,23628.22,23667.88,23627.84,23643.06,0
2025-12-17 09:00:00,23641.7,23657.48,23638.62,23640.15,0
2025-12-17 09:05:00,23640.54,23648.62,23639.0,23642.06,0
2025-12-17 09:10:00,23641.28,23644.58,23610.12,23610.51,0
2025-12-17 09:15:00,23609.74,23622.45,23607.82,23621.68,0
2025-12-17 09:20:00,23622.06,23627.47,23618.98,23620.52,0
2025-12-17 09:25:00,23620.14,23628.22,23597.8,23602.81,0
2025-12-17 09:30:00,23603.97,23625.53,23576.63,23582.41,1978993
2025-12-17 09:35:00,23582.79,23587.41,23518.11,23524.66,952532
2025-12-17 09:40:00,23524.27,23538.9,23488.08,23508.1,746445
2025-12-17 09:45:00,23506.95,23525.81,23442.27,23490.58,898893
2025-12-17 09:50:00,23491.93,23508.2,23473.84,23484.23,575030
2025-12-17 09:55:00,23482.3,23539.28,23459.44,23525.81,712331
2025-12-17 10:00:00,23525.42,23531.59,23479.61,23505.41,504274
2025-12-17 10:05:00,23505.41,23533.9,23486.92,23488.51,325616
2025-12-17 10:10:00,23491.54,23515.41,23475.09,23507.33,359468
2025-12-17 10:15:00,23507.72,23517.72,23476.91,23488.85,307015
2025-12-17 10:20:00,23489.23,23537.36,23481.15,23511.57,436140
2025-12-17 10:25:00,23509.64,23530.49,23474.6,23512.34,768246
2025-12-17 10:30:00,23510.79,23524.65,23455.74,23456.12,424965
2025-12-17 10:35:00,23454.59,23463.05,23388.77,23396.84,800615
2025-12-17 10:40:00,23396.07,23417.24,23335.23,23350.3,766562
2025-12-17 10:45:00,23350.25,23367.19,23310.59,23340.24,1006969
2025-12-17 10:50:00,23339.47,23351.02,23272.09,23296.35,1127230
2025-12-17 10:55:00,23295.58,23302.9,23250.53,23273.64,696051
2025-12-17 11:00:00,23272.48,23306.36,23262.86,23298.66,811074
2025-12-17 11:05:00,23299.43,23332.16,23293.66,23315.22,652855
2025-12-17 11:10:00,23315.22,23331.77,23241.37,23242.84,566101
2025-12-17 11:15:00,23242.45,23285.18,23225.9,23271.18,661250
2025-12-17 11:20:00,23270.55,23295.2,23246.3,23277.1,669231
2025-12-17 11:25:00,23275.95,23310.98,23274.02,23282.49,292766
2025-12-17 11:30:00,23280.95,23281.72,23227.43,23239.37,401335
2025-12-17 11:35:00,23238.22,23280.83,23219.35,23245.15,540589
2025-12-17 11:40:00,23246.3,23275.56,23230.94,23257.47,398821
2025-12-17 11:45:00,23255.92,23275.95,23224.35,23240.14,322101
2025-12-17 11:50:00,23239.76,23255.54,23206.65,23240.72,478077
2025-12-17 11:55:00,23238.98,23255.92,23209.72,23254.0,381550
2025-12-17 12:00:00,23253.61,23269.4,23204.72,23217.81,472251
2025-12-17 12:05:00,23217.81,23253.23,23215.5,23223.2,342924
2025-12-17 12:10:00,23223.2,23256.31,23212.42,23220.51,678694
2025-12-17 12:15:00,23220.12,23269.4,23208.18,23252.08,681600
2025-12-17 12:20:00,23252.08,23291.92,23250.54,23289.41,568781
2025-12-17 12:25:00,23289.42,23292.31,23253.04,23259.78,470799
2025-12-17 12:30:00,23259.78,23298.28,23258.23,23271.9,477983
2025-12-17 12:35:00,23271.71,23285.18,23245.53,23246.3,291018
2025-12-17 12:40:00,23246.3,23265.13,23224.16,23229.17,333251
2025-12-17 12:45:00,23229.36,23235.52,23205.88,23228.21,377163
2025-12-17 12:50:00,23228.21,23257.47,23224.35,23229.36,326354
2025-12-17 12:55:00,23230.13,23258.23,23229.17,23241.68,268679
2025-12-17 13:00:00,23243.6,23280.95,23243.6,23270.83,291277
2025-12-17 13:05:00,23270.94,23292.89,23261.7,23262.09,312680
2025-12-17 13:10:00,23262.47,23262.47,23228.97,23230.9,305454
2025-12-17 13:15:00,23230.52,23232.05,23215.89,23223.59,460549
2025-12-17 13:20:00,23223.2,23243.6,23213.57,23238.6,378644
2025-12-17 13:25:00,23238.6,23245.91,23224.35,23231.28,223983
2025-12-17 13:30:00,23231.48,23233.98,23216.27,23226.66,241398
2025-12-17 13:35:00,23226.66,23237.25,23200.87,23203.18,423318
2025-12-17 13:40:00,23203.18,23203.38,23164.68,23189.1,577387
2025-12-17 13:45:00,23188.55,23201.26,23165.07,23175.46,452146
2025-12-17 13:50:00,23175.27,23188.16,23160.83,23170.07,392706
2025-12-17 13:55:00,23170.07,23188.16,23164.75,23183.16,306690
2025-12-17 14:00:00,23181.23,23193.55,23160.45,23170.84,338999
2025-12-17 14:05:00,23171.22,23184.1,23166.22,23171.99,263858
2025-12-17 14:10:00,23171.99,23190.86,23166.6,23178.92,226785
2025-12-17 14:15:00,23178.73,23191.63,23170.84,23173.92,265452
2025-12-17 14:20:00,23173.15,23190.47,23161.98,23183.54,289668
2025-12-17 14:25:00,23183.55,23188.16,23162.76,23168.15,353410
2025-12-17 14:30:00,23167.38,23185.85,23150.05,23154.28,375264
2025-12-17 14:35:00,23153.52,23181.23,23150.43,23179.91,431232
2025-12-17 14:40:00,23180.08,23190.28,23171.99,23183.93,305941
2025-12-17 14:45:00,23183.54,23193.55,23173.92,23182.39,742249
2025-12-17 14:50:00,23182.39,23202.63,23173.92,23202.41,570328
2025-12-17 14:55:00,23202.03,23208.76,23193.17,23199.72,328472
2025-12-17 15:00:00,23199.33,23206.65,23173.92,23177.77,21126835
2025-12-17 15:05:00,23177.77,23185.85,23168.53,23175.46,0
2025-12-17 15:10:00,23175.84,23186.24,23168.15,23178.54,250305
2025-12-17 15:15:00,23178.16,23199.33,23176.45,23183.16,262531
2025-12-17 15:20:00,23183.16,23194.33,23183.16,23193.55,229763
2025-12-17 15:25:00,23193.36,23193.36,23165.45,23178.54,331621
2025-12-17 15:30:00,23178.92,23190.09,23158.91,23177.77,455031
2025-12-17 15:35:00,23177.39,23179.31,23161.98,23166.99,520685
2025-12-17 15:40:00,23166.99,23194.33,23165.45,23189.71,397863
2025-12-17 15:45:00,23190.09,23192.02,23174.3,23189.22,507273
2025-12-17 15:50:00,23188.93,23190.86,23131.96,23140.23,816350
2025-12-17 15:55:00,23139.27,23139.27,23110.78,23113.86,1922395
2025-12-17 16:00:00,23114.24,23552.38,23114.24,23165.84,0
2025-12-17 16:05:00,23165.84,23200.1,23115.78,23192.45,0
2025-12-17 16:10:00,23194.13,23210.52,23115.78,23208.18,0
2025-12-17 16:15:00,23207.03,23207.8,23115.78,23197.79,0
2025-12-17 16:20:00,23198.37,23200.1,23115.78,23181.62,0
2025-12-17 16:25:00,23181.24,23184.32,23170.46,23174.69,0
2025-12-17 16:30:00,23176.04,23183.93,23169.3,23170.84,0
2025-12-17 16:35:00,23172.38,23173.15,23160.83,23163.91,0
2025-12-17 16:40:00,23163.91,23173.54,23162.76,23171.61,0
2025-12-17 16:45:00,23171.42,23184.7,23169.3,23182.39,0
2025-12-17 16:50:00,23182.39,23192.4,23180.85,23185.43,0
2025-12-17 16:55:00,23185.09,23188.94,23169.68,23180.46,0
2025-12-17 17:00:00,23182.39,23183.54,23115.78,23182.0,0
2025-12-17 17:05:00,23181.24,23181.24,23173.92,23177.38,0
2025-12-17 17:10:00,23177.38,23181.24,23175.08,23176.62,0
2025-12-17 17:15:00,23176.62,23181.24,23175.08,23181.24,0
2025-12-17 17:20:00,23180.27,23192.4,23179.31,23187.97,0
2025-12-17 17:25:00,23186.99,23194.32,23183.93,23193.75,0
2025-12-17 17:30:00,23194.32,23203.95,23192.4,23196.64,0
2025-12-17 17:35:00,23196.62,23200.48,23187.78,23198.95,0
2025-12-17 17:40:00,23198.95,23201.63,23193.27,23200.1,0
2025-12-17 17:45:00,23198.18,23207.8,23194.71,23205.1,0
2025-12-17 17:50:00,23203.56,23207.8,23198.56,23203.95,0
2025-12-17 17:55:00,23203.95,23209.72,23202.8,23207.8,0
2025-12-17 18:00:00,23207.41,23212.42,23194.32,23201.26,0
2025-12-17 18:05:00,23201.64,23203.37,23182.78,23183.93,0
2025-12-17 18:10:00,23184.89,23188.16,23179.7,23184.32,0
2025-12-17 18:15:00,23185.66,23186.43,23177.0,23179.31,0
2025-12-17 18:20:00,23177.96,23180.01,23173.54,23174.66,0
2025-12-17 18:25:00,23174.11,23178.16,23157.75,23178.16,0
2025-12-17 18:30:00,23177.38,23187.4,23169.77,23174.88,0
2025-12-17 18:35:00,23176.23,23188.16,23174.69,23185.05,0
2025-12-17 18:40:00,23184.12,23195.83,23182.0,23191.59,0
2025-12-17 18:45:00,23188.55,23188.55,23181.24,23182.35,0
2025-12-17 18:50:00,23181.62,23181.62,23152.94,23158.9,0
2025-12-17 18:55:00,23158.6,23160.79,23151.2,23155.63,0
2025-12-18 04:00:00,23271.71,23279.8,23254.0,23260.16,0
2025-12-18 04:05:00,23265.55,23274.4,23265.55,23268.24,0
2025-12-18 04:10:00,23266.7,23272.86,23262.09,23262.09,0
2025-12-18 04:15:00,23264.01,23265.55,23251.69,23260.93,0
2025-12-18 04:20:00,23259.78,23274.4,23259.39,23273.64,0
2025-12-18 04:25:00,23270.55,23270.55,23264.01,23268.63,0
2025-12-18 04:30:00,23270.17,23280.56,23270.17,23278.64,0
2025-12-18 04:35:00,23282.49,23284.8,23278.64,23284.8,0
2025-12-18 04:40:00,23286.34,23302.12,23280.56,23294.81,0
2025-12-18 04:45:00,23295.58,23307.52,23295.58,23305.59,0
2025-12-18 04:50:00,23304.05,23311.75,23302.51,23308.67,0
2025-12-18 04:55:00,23309.44,23312.52,23305.2,23311.75,0
2025-12-18 05:00:00,23311.75,23313.29,23300.97,23300.97,0
2025-12-18 05:05:00,23300.97,23304.82,23293.27,23302.12,0
2025-12-18 05:10:00,23296.74,23299.43,23289.42,23290.58,0
2025-12-18 05:15:00,23289.8,23294.42,23289.42,23294.04,0
2025-12-18 05:20:00,23294.81,23294.81,23286.34,23286.34,0
2025-12-18 05:25:00,23285.18,23301.36,23284.03,23301.36,0
2025-12-18 05:30:00,23300.59,23312.52,23300.59,23311.36,0
2025-12-18 05:35:00,23308.28,23308.28,23292.5,23294.04,0
2025-12-18 05:40:00,23291.73,23297.89,23291.73,23297.89,0
2025-12-18 05:45:00,23299.43,23301.74,23292.5,23293.66,0
2025-12-18 05:50:00,23294.81,23299.04,23293.66,23295.96,0
2025-12-18 05:55:00,23295.96,23295.96,23289.8,23295.96,0
2025-12-18 06:00:00,23297.5,23301.74,23292.12,23301.36,0
2025-12-18 06:05:00,23304.82,23308.28,23297.5,23307.13,0
2025-12-18 06:10:00,23307.52,23309.05,23305.59,23308.28,0
2025-12-18 06:15:00,23307.9,23315.98,23307.9,23310.6,0
2025-12-18 06:20:00,23311.36,23311.36,23303.66,23306.36,0
2025-12-18 06:25:00,23305.98,23305.98,23292.88,23305.2,0
2025-12-18 06:30:00,23304.44,23311.75,23304.44,23311.75,0
2025-12-18 06:35:00,23315.22,23316.37,23306.36,23307.9,0
2025-12-18 06:40:00,23309.05,23315.22,23300.59,23302.9,0
2025-12-18 06:45:00,23300.59,23318.68,23300.2,23316.76,0
2025-12-18 06:50:00,23318.68,23319.45,23307.13,23312.14,0
2025-12-18 06:55:00,23313.29,23320.22,23313.29,23320.22,0
2025-12-18 07:00:00,23315.98,23323.3,23306.4,23322.91,0
2025-12-18 07:05:00,23324.07,23327.92,23320.22,23324.84,0
2025-12-18 07:10:00,23325.61,23325.61,23314.06,23314.06,0
2025-12-18 07:15:00,23314.83,23322.14,23314.83,23319.06,0
2025-12-18 07:20:00,23321.38,23324.07,23310.6,23316.02,0
2025-12-18 07:25:00,23314.06,23317.91,23311.02,23312.14,0
2025-12-18 07:30:00,23311.75,23321.38,23308.67,23309.05,0
2025-12-18 07:35:00,23311.75,23315.98,23308.28,23310.21,0
2025-12-18 07:40:00,23307.52,23322.53,23307.13,23317.52,0
2025-12-18 07:45:00,23319.06,23319.06,23308.28,23313.64,0
2025-12-18 07:50:00,23314.06,23316.37,23302.51,23309.44,0
2025-12-18 07:55:00,23307.52,23313.68,23303.66,23309.44,0
2025-12-18 08:00:00,23309.82,23326.76,23133.11,23305.59,0
2025-12-18 08:05:00,23305.98,23306.36,23115.78,23301.36,0
2025-12-18 08:10:00,23301.81,23321.38,23301.73,23321.38,0
2025-12-18 08:15:00,23319.84,23330.62,23314.83,23317.14,0
2025-12-18 08:20:00,23315.63,23324.33,23313.29,23319.45,0
2025-12-18 08:25:00,23319.64,23324.51,23311.75,23317.52,0
2025-12-18 08:30:00,23321.38,23407.62,23318.3,23383.74,0
2025-12-18 08:35:00,23384.93,23426.86,23365.65,23425.67,0
2025-12-18 08:40:00,23425.34,23454.97,23424.55,23451.12,0
2025-12-18 08:45:00,23451.12,23464.21,23115.78,23447.27,0
2025-12-18 08:50:00,23445.73,23452.27,23424.17,23446.5,0
2025-12-18 08:55:00,23446.12,23446.88,23417.62,23424.94,0
2025-12-18 09:00:00,23425.48,23450.35,23424.55,23443.8,0
2025-12-18 09:05:00,23444.58,23457.66,23444.58,23456.12,0
2025-12-18 09:10:00,23455.74,23472.3,23452.66,23459.59,0
2025-12-18 09:15:00,23460.36,23471.52,23450.74,23464.6,0
2025-12-18 09:20:00,23466.89,23470.76,23454.2,23462.86,0
2025-12-18 09:25:00,23464.6,23481.15,23453.04,23477.26,0
2025-12-18 09:30:00,23475.76,23521.58,23456.12,23466.91,3152499
2025-12-18 09:35:00,23466.91,23470.76,23391.83,23414.16,1475499
2025-12-18 09:40:00,23414.16,23426.48,23376.82,23399.53,1154531
2025-12-18 09:45:00,23399.15,23437.65,23366.42,23391.45,1062276
2025-12-18 09:50:00,23391.83,23463.05,23374.51,23457.09,878174
2025-12-18 09:55:00,23456.12,23484.61,23438.8,23472.68,968842
2025-12-18 10:00:00,23472.49,23494.24,23459.97,23466.14,757056
2025-12-18 10:05:00,23466.91,23473.45,23423.4,23434.95,680925
2025-12-18 10:10:00,23435.72,23440.34,23378.74,23399.15,704878
2025-12-18 10:15:00,23399.15,23416.85,23379.73,23398.18,571852
2025-12-18 10:20:00,23398.38,23480.77,23381.39,23477.68,642341
2025-12-18 10:25:00,23477.3,23529.66,23471.91,23516.95,961918
2025-12-18 10:30:00,23516.57,23553.53,23502.71,23552.76,729560
2025-12-18 10:35:00,23552.95,23593.56,23533.12,23576.24,928026
2025-12-18 10:40:00,23576.63,23587.41,23558.15,23567.58,783694
2025-12-18 10:45:00,23567.78,23572.78,23552.76,23562.0,604688
2025-12-18 10:50:00,23562.39,23570.85,23549.29,23567.78,494545
2025-12-18 10:55:00,23567.78,23572.78,23546.22,23554.68,428246
2025-12-18 11:00:00,23554.68,23565.85,23540.83,23561.61,472791
2025-12-18 11:05:00,23562.39,23583.17,23559.3,23580.86,388560
2025-12-18 11:10:00,23581.25,23597.8,23564.7,23565.66,783336
2025-12-18 11:15:00,23565.85,23590.1,23563.54,23578.55,507922
2025-12-18 11:20:00,23578.75,23591.26,23562.0,23566.62,426126
2025-12-18 11:25:00,23566.62,23577.02,23535.63,23544.29,494766
2025-12-18 11:30:00,23543.91,23572.4,23541.98,23567.78,572863
2025-12-18 11:35:00,23568.54,23591.65,23567.78,23577.02,412738
2025-12-18 11:40:00,23577.78,23590.1,23576.25,23581.06,395473
2025-12-18 11:45:00,23580.86,23587.79,23574.71,23583.17,416310
2025-12-18 11:50:00,23583.17,23597.42,23572.78,23589.34,401076
2025-12-18 11:55:00,23589.72,23595.88,23566.23,23573.93,405205
2025-12-18 12:00:00,23573.93,23573.93,23540.44,23541.59,426574
2025-12-18 12:05:00,23541.59,23542.75,23451.51,23452.28,971509
2025-12-18 12:10:00,23451.51,23463.05,23416.47,23434.18,952776
2025-12-18 12:15:00,23434.18,23434.18,23389.14,23424.55,744996
2025-12-18 12:20:00,23424.94,23448.81,23394.53,23402.61,654120
2025-12-18 12:25:00,23402.61,23440.34,23392.6,23431.1,1007576
2025-12-18 12:30:00,23430.72,23480.77,23418.4,23477.3,18873540
2025-12-18 12:35:00,23478.07,23494.24,23461.52,23493.09,608319
2025-12-18 12:40:00,23493.05,23532.74,23492.32,23532.74,0
2025-12-18 12:45:00,23533.9,23552.38,23512.72,23519.65,536633
2025-12-18 12:50:00,23520.03,23532.35,23496.55,23523.89,382479
2025-12-18 12:55:00,23523.5,23545.45,23507.72,23545.06,299280
2025-12-18 13:00:00,23545.06,23545.83,23511.18,23511.73,275229
2025-12-18 13:05:00,23511.76,23543.14,23510.79,23543.14,206404
2025-12-18 13:10:00,23542.75,23559.69,23530.04,23537.36,288191
2025-12-18 13:15:00,23537.36,23554.94,23536.97,23548.53,207979
2025-12-18 13:20:00,23548.14,23564.12,23543.14,23563.15,219381
2025-12-18 13:25:00,23563.15,23563.54,23548.53,23551.99,204598
2025-12-18 13:30:00,23552.38,23578.94,23551.99,23563.54,21199016
2025-12-18 13:35:00,23563.35,23588.95,23562.39,23578.55,0
2025-12-18 13:40:00,23578.55,23584.72,23560.08,23560.84,249427
2025-12-18 13:45:00,23560.46,23564.7,23538.52,23543.91,271217
2025-12-18 13:50:00,23543.91,23557.2,23526.2,23537.36,396533
2025-12-18 13:55:00,23537.36,23550.07,23529.85,23531.78,216368
2025-12-18 14:00:00,23531.59,23532.74,23463.05,23464.02,498801
2025-12-18 14:05:00,23462.67,23512.53,23454.59,23509.26,537963
2025-12-18 14:10:00,23509.64,23525.81,23485.39,23492.7,374788
2025-12-18 14:15:00,23493.09,23493.09,23468.06,23473.45,22806449
2025-12-18 14:20:00,23474.22,23486.16,23464.59,23467.29,0
2025-12-18 14:25:00,23468.06,23480.15,23456.51,23476.53,265512
2025-12-18 14:30:00,23476.15,23480.77,23441.88,23442.07,358662
2025-12-18 14:35:00,23441.88,23460.74,23440.72,23458.43,243758
2025-12-18 14:40:00,23456.9,23468.45,23436.88,23440.72,257104
2025-12-18 14:45:00,23440.72,23465.75,23430.72,23465.75,231855
2025-12-18 14:50:00,23466.14,23478.84,23431.87,23438.8,430812
2025-12-18 14:55:00,23438.41,23438.41,23398.38,23411.47,620212
2025-12-18 15:00:00,23411.47,23454.2,23397.22,23453.24,599269
2025-12-18 15:05:00,23453.43,23468.83,23449.58,23458.39,380381
2025-12-18 15:10:00,23458.43,23487.31,23456.9,23485.19,25007507
2025-12-18 15:15:00,23485.58,23496.47,23464.59,23490.01,0
2025-12-18 15:20:00,23490.39,23501.94,23477.68,23501.41,272522
2025-12-18 15:25:00,23501.17,23509.26,23486.54,23501.94,316412
2025-12-18 15:30:00,23501.94,23515.03,23491.16,23513.1,256081
2025-12-18 15:35:00,23513.88,23520.42,23497.71,23503.48,360048
2025-12-18 15:40:00,23502.71,23525.04,23491.93,23522.15,415414
2025-12-18 15:45:00,23521.96,23534.01,23507.33,23523.11,490855
2025-12-18 15:50:00,23523.5,23532.74,23487.31,23493.85,676305
2025-12-18 15:55:00,23493.85,23498.47,23451.89,23452.28,1337113
2025-12-18 16:00:00,23452.28,23454.97,23115.78,23430.72,0
2025-12-18 16:05:00,23430.72,23504.23,23421.09,23433.02,0
2025-12-18 16:10:00,23433.8,23450.74,23408.0,23411.85,0
2025-12-18 16:15:00,23411.46,23450.74,23409.16,23418.21,0
2025-12-18 16:20:00,23417.82,23530.04,23412.04,23416.09,0
2025-12-18 16:25:00,23416.09,23421.09,23413.39,23420.9,0
2025-12-18 16:30:00,23420.7,23424.54,23418.01,23420.7,0
2025-12-18 16:35:00,23421.48,23422.24,23414.16,23414.35,0
2025-12-18 16:40:00,23414.93,23414.93,23402.22,23403.0,0
2025-12-18 16:45:00,23402.61,23416.86,23402.22,23413.39,0
2025-12-18 16:50:00,23414.12,23420.46,23411.08,23419.74,0
2025-12-18 16:55:00,23420.33,23424.35,23416.86,23418.01,0
2025-12-18 17:00:00,23419.16,23427.25,23418.78,23427.25,0
2025-12-18 17:05:00,23424.94,23450.74,23424.94,23430.33,0
2025-12-18 17:10:00,23430.33,23431.1,23426.48,23429.96,0
2025-12-18 17:15:00,23430.33,23431.1,23428.21,23429.56,0
2025-12-18 17:20:00,23431.1,23440.72,23429.56,23438.87,0
2025-12-18 17:25:00,23438.8,23442.26,23437.3,23440.72,0
2025-12-18 17:30:00,23438.8,23438.8,23429.56,23430.49,0
2025-12-18 17:35:00,23432.06,23434.56,23429.56,23431.87,0
2025-12-18 17:40:00,23434.18,23435.72,23431.48,23435.72,0
2025-12-18 17:45:00,23435.72,23450.74,23433.02,23443.61,0
2025-12-18 17:50:00,23445.62,23450.74,23444.96,23450.69,0
2025-12-18 17:55:00,23445.54,23451.89,23444.58,23451.89,0
2025-12-18 18:00:00,23448.04,23451.12,23431.87,23443.42,0
2025-12-18 18:05:00,23440.3,23450.74,23414.54,23418.78,0
2025-12-18 18:10:00,23423.86,23434.18,23422.63,23433.22,0
2025-12-18 18:15:00,23432.3,23445.73,23432.3,23440.15,0
2025-12-18 18:20:00,23440.67,23441.07,23421.09,23422.82,0
2025-12-18 18:25:00,23422.63,23430.33,23420.7,23427.44,0
2025-12-18 18:30:00,23428.02,23434.95,23425.71,23427.44,0
2025-12-18 18:35:00,23427.64,23438.41,23427.64,23438.41,0
2025-12-18 18:40:00,23438.8,23440.72,23423.78,23433.02,0
2025-12-18 18:45:00,23433.8,23441.88,23433.8,23441.69,0
2025-12-18 18:50:00,23441.69,23448.84,23438.8,23442.26,0
2025-12-18 18:55:00,23441.69,23456.12,23440.53,23455.36,0
2025-12-19 04:00:00,23573.16,23578.55,23560.08,23578.55,0
2025-12-19 04:05:00,23582.02,23587.02,23577.4,23580.1,0
2025-12-19 04:10:00,23580.1,23582.02,23567.0,23569.7,0
2025-12-19 04:15:00,23571.62,23575.09,23562.0,23572.78,0
2025-12-19 04:20:00,23575.09,23588.95,23575.09,23581.64,0
2025-12-19 04:25:00,23585.48,23591.26,23584.33,23588.95,0
2025-12-19 04:30:00,23587.02,23593.18,23577.4,23577.4,0
2025-12-19 04:35:00,23581.25,23585.48,23580.48,23585.48,0
2025-12-19 04:40:00,23584.33,23584.33,23575.48,23578.55,0
2025-12-19 04:45:00,23577.78,23582.02,23573.16,23573.16,0
2025-12-19 04:50:00,23574.32,23585.48,23574.32,23583.95,0
2025-12-19 04:55:00,23581.25,23585.48,23577.4,23585.48,0
2025-12-19 05:00:00,23582.79,23583.56,23572.4,23575.48,0
2025-12-19 05:05:00,23570.47,23571.62,23558.92,23560.46,0
2025-12-19 05:10:00,23560.08,23578.55,23560.08,23577.02,0
2025-12-19 05:15:00,23577.02,23582.79,23577.02,23579.71,0
2025-12-19 05:20:00,23577.02,23579.32,23575.09,23575.09,0
2025-12-19 05:25:00,23577.78,23578.55,23577.78,23578.55,0
2025-12-19 05:30:00,23573.94,23579.71,23573.55,23573.94,0
2025-12-19 05:35:00,23572.78,23572.78,23563.16,23567.0,0
2025-12-19 05:40:00,23565.08,23573.16,23561.23,23573.16,0
2025-12-19 05:45:00,23574.32,23582.02,23573.94,23582.02,0
2025-12-19 05:50:00,23579.32,23580.1,23567.0,23567.0,0
2025-12-19 05:55:00,23563.54,23567.0,23560.08,23563.92,0
2025-12-19 06:00:00,23560.08,23564.7,23556.22,23561.23,0
2025-12-19 06:05:00,23561.62,23561.62,23527.74,23528.89,0
2025-12-19 06:10:00,23533.12,23552.38,23523.5,23551.6,0
2025-12-19 06:15:00,23550.45,23561.23,23542.75,23552.76,0
2025-12-19 06:20:00,23550.84,23557.76,23538.9,23540.05,0
2025-12-19 06:25:00,23542.75,23562.0,23542.36,23559.69,0
2025-12-19 06:30:00,23558.15,23566.62,23556.61,23563.16,0
2025-12-19 06:35:00,23564.7,23565.85,23546.22,23549.3,0
2025-12-19 06:40:00,23550.84,23558.54,23550.45,23557.76,0
2025-12-19 06:45:00,23559.69,23562.0,23549.68,23551.22,0
2025-12-19 06:50:00,23551.22,23551.22,23546.22,23547.76,0
2025-12-19 06:55:00,23549.3,23549.3,23537.74,23543.9,0
2025-12-19 07:00:00,23546.6,23559.3,23535.82,23538.13,0
2025-12-19 07:05:00,23540.44,23546.6,23520.8,23523.5,0
2025-12-19 07:10:00,23520.8,23541.21,23520.8,23538.13,0
2025-12-19 07:15:00,23539.28,23547.76,23531.2,23532.01,0
2025-12-19 07:20:00,23528.89,23531.2,23520.84,23529.62,0
2025-12-19 07:25:00,23529.66,23540.82,23526.58,23537.74,0
2025-12-19 07:30:00,23540.44,23543.9,23524.31,23525.81,0
2025-12-19 07:35:00,23526.2,23526.2,23515.03,23523.5,0
2025-12-19 07:40:00,23521.96,23523.5,23515.03,23522.73,0
2025-12-19 07:45:00,23523.12,23530.04,23521.96,23528.5,0
2025-12-19 07:50:00,23525.42,23525.42,23500.4,23502.32,0
2025-12-19 07:55:00,23502.32,23509.64,23487.31,23487.31,0
2025-12-19 08:00:00,23549.68,23593.15,23478.46,23501.55,0
2025-12-19 08:05:00,23501.75,23513.88,23450.74,23510.02,0
2025-12-19 08:10:00,23508.87,23517.34,23503.48,23517.34,0
2025-12-19 08:15:00,23515.86,23520.01,23507.72,23516.57,0
2025-12-19 08:20:00,23519.65,23523.12,23512.72,23514.61,0
2025-12-19 08:25:00,23516.38,23518.11,23508.48,23517.75,0
2025-12-19 08:30:00,23517.34,23523.88,23500.4,23516.18,0
2025-12-19 08:35:00,23516.57,23542.75,23515.99,23534.66,0
2025-12-19 08:40:00,23533.9,23538.13,23513.1,23524.27,0
2025-12-19 08:45:00,23526.14,23534.7,23450.74,23533.32,0
2025-12-19 08:50:00,23533.9,23535.05,23527.76,23528.5,0
2025-12-19 08:55:00,23530.04,23530.04,23523.5,23526.96,0
2025-12-19 09:00:00,23527.35,23529.66,23504.64,23528.7,0
2025-12-19 09:05:00,23530.04,23535.05,23521.96,23531.61,0
2025-12-19 09:10:00,23533.9,23543.14,23528.89,23540.44,0
2025-12-19 09:15:00,23541.6,23571.24,23540.46,23571.24,0
2025-12-19 09:20:00,23571.62,23580.1,23563.54,23570.47,0
2025-12-19 09:25:00,23570.86,23572.78,23528.89,23567.0,0
2025-12-19 09:30:00,23560.08,23651.71,23557.57,23644.97,1957831
2025-12-19 09:35:00,23644.78,23653.24,23602.81,23644.78,1155593
2025-12-19 09:40:00,23644.01,23730.44,23619.75,23730.05,1410578
2025-12-19 09:45:00,23724.47,23752.96,23715.61,23729.86,1294135
2025-12-19 09:50:00,23730.63,23745.26,23717.92,23719.47,681236
2025-12-19 09:55:00,23718.7,23745.26,23707.91,23741.03,413745
2025-12-19 10:00:00,23740.64,23778.37,23729.28,23748.34,647240
2025-12-19 10:05:00,23747.38,23747.57,23714.84,23734.86,391975
2025-12-19 10:10:00,23735.8,23739.87,23712.15,23719.47,585461
2025-12-19 10:15:00,23719.85,23736.79,23704.45,23722.01,484342
2025-12-19 10:20:00,23721.78,23722.93,23690.97,23694.44,418538
2025-12-19 10:25:00,23693.67,23701.76,23653.63,23692.9,616173
2025-12-19 10:30:00,23692.9,23720.62,23666.72,23706.38,545844
2025-12-19 10:35:00,23705.6,23734.86,23705.6,23725.24,272470
2025-12-19 10:40:00,23726.4,23727.16,23685.97,23690.97,305869
2025-12-19 10:45:00,23691.74,23695.98,23657.48,23661.33,323492
2025-12-19 10:50:00,23660.17,23690.97,23660.17,23677.89,342596
2025-12-19 10:55:00,23677.5,23682.12,23665.95,23670.38,234261
2025-12-19 11:00:00,23669.8,23693.28,23648.24,23689.05,4568534
2025-12-19 11:05:00,23688.66,23718.73,23684.43,23709.95,748831
2025-12-19 11:10:00,23710.61,23741.03,23709.07,23710.61,346453
2025-12-19 11:15:00,23710.99,23724.85,23701.37,23723.7,204390
2025-12-19 11:20:00,23723.7,23725.62,23708.68,23717.62,200306
2025-12-19 11:25:00,23717.92,23726.98,23716.77,23723.7,155897
2025-12-19 11:30:00,23724.09,23738.72,23721.39,23733.33,184510
2025-12-19 11:35:00,23733.33,23742.18,23725.24,23727.16,258912
2025-12-19 11:40:00,23727.55,23744.1,23714.08,23714.08,218458
2025-12-19 11:45:00,23714.46,23721.39,23682.89,23685.97,684131
2025-12-19 11:50:00,23685.97,23719.08,23680.97,23706.57,278339
2025-12-19 11:55:00,23707.15,23711.96,23688.09,23690.59,185763
2025-12-19 12:00:00,23691.36,23727.16,23688.28,23719.64,317386
2025-12-19 12:05:00,23719.47,23725.24,23716.39,23722.93,159738
2025-12-19 12:10:00,23723.32,23732.94,23718.89,23731.4,298660
2025-12-19 12:15:00,23731.4,23756.04,23731.02,23746.41,335274
2025-12-19 12:20:00,23746.03,23757.97,23745.26,23754.89,683414
2025-12-19 12:25:00,23755.66,23757.77,23748.34,23752.96,230050
2025-12-19 12:30:00,23753.34,23753.34,23739.48,23742.57,312742
2025-12-19 12:35:00,23742.37,23756.56,23737.56,23756.04,182476
2025-12-19 12:40:00,23756.04,23758.35,23745.26,23747.57,142790
2025-12-19 12:45:00,23747.96,23756.42,23742.25,23751.8,128956
2025-12-19 12:50:00,23752.96,23766.43,23751.03,23765.09,298016
2025-12-19 12:55:00,23764.9,23773.75,23754.89,23756.04,196281
2025-12-19 13:00:00,23755.85,23764.12,23749.3,23762.2,261707
2025-12-19 13:05:00,23761.82,23769.13,23757.2,23759.51,172331
2025-12-19 13:10:00,23759.51,23766.82,23756.81,23761.43,113483
2025-12-19 13:15:00,23761.81,23766.82,23759.72,23766.43,97357
2025-12-19 13:20:00,23766.44,23766.82,23747.96,23747.96,137339
2025-12-19 13:25:00,23747.96,23756.42,23747.96,23753.73,347736
2025-12-19 13:30:00,23754.11,23757.97,23743.34,23746.8,136127
2025-12-19 13:35:00,23746.41,23751.61,23740.26,23746.41,134161
2025-12-19 13:40:00,23746.03,23746.8,23726.78,23736.48,167340
2025-12-19 13:45:00,23736.02,23737.94,23727.93,23733.33,13573576
2025-12-19 13:50:00,23733.33,23745.65,23730.24,23740.64,0
2025-12-19 13:55:00,23740.26,23742.57,23732.19,23734.48,95263
2025-12-19 14:00:00,23734.09,23754.89,23733.71,23750.65,228869
2025-12-19 14:05:00,23751.03,23755.85,23745.84,23746.8,241934
2025-12-19 14:10:00,23747.96,23756.81,23746.03,23751.42,115984
2025-12-19 14:15:00,23751.64,23754.89,23745.65,23753.34,91297
2025-12-19 14:20:00,23753.15,23761.82,23752.27,23761.43,726210
2025-12-19 14:25:00,23761.24,23763.74,23757.2,23759.51,305658
2025-12-19 14:30:00,23758.54,23764.51,23753.34,23761.43,134162
2025-12-19 14:35:00,23761.43,23766.05,23758.35,23759.51,89490
2025-12-19 14:40:00,23759.89,23765.28,23754.25,23762.2,446355
2025-12-19 14:45:00,23762.59,23769.52,23757.01,23761.43,142309
2025-12-19 14:50:00,23761.82,23762.2,23751.42,23757.97,131121
2025-12-19 14:55:00,23757.58,23764.37,23749.53,23750.65,152533
2025-12-19 15:00:00,23750.27,23762.78,23749.11,23753.34,167644
2025-12-19 15:05:00,23753.73,23759.89,23753.34,23753.73,166510
2025-12-19 15:10:00,23754.11,23761.43,23750.65,23756.23,410605
2025-12-19 15:15:00,23756.23,23759.12,23751.03,23756.81,274204
2025-12-19 15:20:00,23756.81,23768.17,23754.5,23764.12,186354
2025-12-19 15:25:00,23763.74,23767.21,23761.04,23763.74,237832
2025-12-19 15:30:00,23762.97,23766.05,23753.54,23759.12,193679
2025-12-19 15:35:00,23759.12,23761.82,23747.96,23753.73,357317
2025-12-19 15:40:00,23753.34,23758.35,23732.94,23744.1,339605
2025-12-19 15:45:00,23744.3,23756.42,23741.37,23748.49,748721
2025-12-19 15:50:00,23748.34,23772.98,23735.25,23762.97,922379
2025-12-19 15:55:00,23762.97,23768.74,23729.47,23763.74,2633800
2025-12-19 16:00:00,23763.74,23776.45,23750.65,23766.05,0
2025-12-19 16:05:00,23766.44,23772.6,23450.74,23768.36,0
2025-12-19 16:10:00,23767.98,23769.13,23756.42,23762.59,0
2025-12-19 16:15:00,23762.21,23766.44,23755.27,23764.69,0
2025-12-19 16:20:00,23763.81,23768.74,23756.42,23767.2,0
2025-12-19 16:25:00,23767.59,23768.74,23762.97,23768.74,0
2025-12-19 16:30:00,23768.74,23776.45,23766.05,23776.45,0
2025-12-19 16:35:00,23774.9,23774.9,23768.74,23768.74,0
2025-12-19 16:40:00,23768.74,23772.6,23756.42,23768.75,0
2025-12-19 16:45:00,23770.09,23777.6,23764.87,23774.52,0
2025-12-19 16:50:00,23773.75,23779.14,23756.42,23774.33,0
2025-12-19 16:55:00,23773.75,23793.0,23772.4,23776.45,0
2025-12-19 17:00:00,23778.76,23785.68,23756.42,23783.57,0
2025-12-19 17:05:00,23784.53,23788.0,23783.76,23786.65,0
2025-12-19 17:10:00,23788.0,23789.15,23785.37,23787.8,0
2025-12-19 17:15:00,23788.19,25144.77,23787.22,23793.38,0
2025-12-19 17:20:00,23795.31,23795.31,23791.08,23793.58,0
2025-12-19 17:25:00,23793.58,23794.92,23756.42,23790.3,0
2025-12-19 17:30:00,23794.54,23796.85,23787.41,23796.85,0
2025-12-19 17:35:00,23794.54,23812.25,23788.0,23790.5,0
2025-12-19 17:40:00,23788.0,23796.46,23788.0,23794.35,0
2025-12-19 17:45:00,23794.35,23800.51,23790.3,23794.92,0
2025-12-19 17:50:00,23796.85,23801.81,23795.31,23797.74,0
2025-12-19 17:55:00,23798.2,23798.76,23794.92,23796.85,0
2025-12-19 18:00:00,23795.89,23798.39,23794.92,23797.62,0
2025-12-19 18:05:00,23797.81,23801.86,23794.92,23800.7,0
2025-12-19 18:10:00,23796.08,23800.7,23795.88,23800.7,0
2025-12-19 18:15:00,23800.7,23803.01,23798.39,23801.66,0
2025-12-19 18:20:00,23801.66,23802.96,23801.09,23801.09,0
2025-12-19 18:25:00,23801.86,23808.23,23801.09,23801.09,0
2025-12-19 18:30:00,23801.09,23811.86,23801.09,23806.86,0
2025-12-19 18:35:00,23806.86,23806.86,23801.09,23802.62,0
2025-12-19 18:40:00,23802.62,23806.44,23801.09,23804.55,0
2025-12-19 18:45:00,23805.34,23811.48,23801.86,23809.36,0
2025-12-19 18:50:00,23810.13,23811.48,23806.48,23809.36,0
2025-12-19 18:55:00,23810.71,23811.48,23806.48,23809.17,0
2025-12-22 04:00:00,23832.27,23846.9,23832.27,23846.13,0
2025-12-22 04:05:00,23846.9,23847.67,23842.28,23844.98,0
2025-12-22 04:10:00,23844.59,23850.75,23843.82,23850.75,0
2025-12-22 04:15:00,23849.6,23856.52,23849.6,23853.83,0
2025-12-22 04:20:00,23854.6,23861.91,23854.6,23856.14,0
2025-12-22 04:25:00,23856.91,23858.84,23856.52,23858.45,0
2025-12-22 04:30:00,23856.91,23864.22,23853.83,23864.22,0
2025-12-22 04:35:00,23864.22,23866.15,23861.53,23866.15,0
2025-12-22 04:40:00,23867.69,23869.62,23860.38,23862.68,0
2025-12-22 04:45:00,23859.6,23863.07,23859.6,23859.6,0
2025-12-22 04:50:00,23859.99,23861.53,23857.68,23859.99,0
2025-12-22 04:55:00,23858.84,23861.53,23858.06,23858.45,0
2025-12-22 05:00:00,23857.3,23859.6,23854.22,23859.22,0
2025-12-22 05:05:00,23860.38,23863.07,23860.38,23863.07,0
2025-12-22 05:10:00,23863.84,23865.38,23863.84,23864.61,0
2025-12-22 05:15:00,23864.61,23864.61,23860.76,23860.76,0
2025-12-22 05:20:00,23860.38,23861.14,23858.45,23860.38,0
2025-12-22 05:25:00,23861.14,23862.3,23859.99,23859.99,0
2025-12-22 05:30:00,23859.99,23861.53,23856.52,23859.22,0
2025-12-22 05:35:00,23858.45,23861.53,23858.06,23858.45,0
2025-12-22 05:40:00,23857.68,23858.06,23855.37,23855.37,0
2025-12-22 05:45:00,23856.91,23857.68,23854.6,23857.3,0
2025-12-22 05:50:00,23857.3,23859.22,23857.3,23858.45,0
2025-12-22 05:55:00,23855.37,23856.52,23854.22,23854.98,0
2025-12-22 06:00:00,23853.83,23857.3,23852.68,23856.91,0
2025-12-22 06:05:00,23857.68,23862.3,23856.91,23858.84,0
2025-12-22 06:10:00,23858.45,23859.6,23856.52,23859.6,0
2025-12-22 06:15:00,23858.45,23861.14,23855.37,23859.6,0
2025-12-22 06:20:00,23860.76,23863.84,23859.99,23863.84,0
2025-12-22 06:25:00,23863.07,23865.38,23861.53,23863.84,0
2025-12-22 06:30:00,23862.3,23862.3,23852.68,23857.3,0
2025-12-22 06:35:00,23858.84,23861.14,23857.3,23859.6,0
2025-12-22 06:40:00,23861.14,23861.91,23858.45,23861.91,0
2025-12-22 06:45:00,23861.53,23861.53,23855.37,23856.14,0
2025-12-22 06:50:00,23853.45,23853.45,23848.82,23851.52,0
2025-12-22 06:55:00,23851.14,23853.45,23848.82,23848.82,0
2025-12-22 07:00:00,23849.6,23859.99,23846.52,23857.64,0
2025-12-22 07:05:00,23861.11,23865.03,23858.45,23865.03,0
2025-12-22 07:10:00,23865.38,23869.62,23858.84,23859.6,0
2025-12-22 07:15:00,23859.22,23864.61,23855.76,23864.61,0
2025-12-22 07:20:00,23864.61,23873.85,23864.61,23870.35,0
2025-12-22 07:25:00,23870.77,23876.93,23870.38,23875.39,0
2025-12-22 07:30:00,23874.62,23876.16,23867.34,23875.39,0
2025-12-22 07:35:00,23875.78,23882.7,23873.85,23881.16,0
2025-12-22 07:40:00,23881.16,23884.63,23878.09,23881.9,0
2025-12-22 07:45:00,23881.9,23881.9,23875.78,23878.09,0
2025-12-22 07:50:00,23876.16,23878.86,23868.46,23870.38,0
2025-12-22 07:55:00,23869.62,23882.32,23869.62,23882.32,0
2025-12-22 08:00:00,23851.14,23889.64,23774.21,23887.35,0
2025-12-22 08:05:00,23888.48,23890.4,23756.42,23889.64,0
2025-12-22 08:10:00,23889.06,23889.06,23882.7,23887.32,0
2025-12-22 08:15:00,23888.1,23889.25,23885.4,23887.52,0
2025-12-22 08:20:00,23886.75,23898.88,23886.55,23898.88,0
2025-12-22 08:25:00,23898.14,23900.8,23891.18,23893.1,0
2025-12-22 08:30:00,23893.1,23894.26,23888.86,23890.79,0
2025-12-22 08:35:00,23891.18,23891.95,23877.7,23881.94,0
2025-12-22 08:40:00,23881.74,23887.67,23725.85,23882.9,0
2025-12-22 08:45:00,23883.46,23891.18,23882.7,23889.25,0
2025-12-22 08:50:00,23890.4,23890.4,23880.78,23883.09,0
2025-12-22 08:55:00,23884.26,23900.03,23884.26,23898.49,0
2025-12-22 09:00:00,23898.3,23905.42,23895.02,23904.65,0
2025-12-22 09:05:00,23905.04,23910.81,23903.11,23909.66,0
2025-12-22 09:10:00,23909.66,23911.58,23903.5,23904.62,0
2025-12-22 09:15:00,23904.65,23918.51,23901.96,23917.36,0
2025-12-22 09:20:00,23916.94,23919.28,23849.21,23918.12,0
2025-12-22 09:25:00,23916.2,23925.82,23901.57,23921.2,0
2025-12-22 09:30:00,23923.13,23933.53,23842.28,23853.64,1896015
2025-12-22 09:35:00,23854.22,23872.31,23828.42,23848.05,593429
2025-12-22 09:40:00,23848.05,23866.53,23821.97,23841.9,2848015
2025-12-22 09:45:00,23841.51,23879.24,23835.35,23865.38,0
2025-12-22 09:50:00,23864.99,23898.49,23856.53,23894.64,426071
2025-12-22 09:55:00,23895.41,23901.96,23884.63,23892.33,364258
2025-12-22 10:00:00,23891.95,23898.49,23853.83,23854.22,473104
2025-12-22 10:05:00,23854.6,23871.92,23845.55,23854.0,385129
2025-12-22 10:10:00,23854.6,23857.68,23827.27,23828.03,427682
2025-12-22 10:15:00,23828.42,23852.29,23825.39,23847.28,669460
2025-12-22 10:20:00,23847.67,23863.07,23834.77,23851.52,336603
2025-12-22 10:25:00,23851.14,23859.99,23836.12,23838.43,275305
2025-12-22 10:30:00,23838.82,23846.52,23820.72,23824.19,361368
2025-12-22 10:35:00,23824.96,23825.34,23784.15,23802.62,578052
2025-12-22 10:40:00,23802.24,23831.11,23796.46,23828.42,339454
2025-12-22 10:45:00,23828.03,23837.85,23821.49,23825.72,259514
2025-12-22 10:50:00,23825.62,23834.2,23812.64,23831.5,493704
2025-12-22 10:55:00,23831.91,23842.66,23824.96,23826.03,446374
2025-12-22 11:00:00,23826.11,23836.51,23824.38,23830.34,312122
2025-12-22 11:05:00,23830.15,23842.54,23827.65,23840.35,328814
2025-12-22 11:10:00,23841.51,23854.98,23837.39,23854.6,519973
2025-12-22 11:15:00,23854.22,23865.96,23851.14,23861.91,288791
2025-12-22 11:20:00,23861.91,23867.69,23856.53,23860.38,240502
2025-12-22 11:25:00,23860.38,23863.84,23855.37,23859.99,241957
2025-12-22 11:30:00,23859.99,23859.99,23841.9,23843.82,271466
2025-12-22 11:35:00,23843.82,23853.83,23843.05,23845.55,215798
2025-12-22 11:40:00,23844.98,23856.14,23839.97,23839.97,188645
2025-12-22 11:45:00,23839.97,23850.36,23839.59,23846.9,138157
2025-12-22 11:50:00,23847.67,23856.91,23847.67,23855.15,154298
2025-12-22 11:55:00,23854.98,23862.68,23852.67,23862.68,152349
2025-12-22 12:00:00,23863.07,23866.15,23852.67,23856.53,181161
2025-12-22 12:05:00,23856.91,23858.45,23845.36,23845.74,167005
2025-12-22 12:10:00,23846.13,23853.45,23844.59,23848.25,163164
2025-12-22 12:15:00,23848.25,23856.91,23847.28,23856.91,383371
2025-12-22 12:20:00,23856.91,23858.64,23848.44,23850.75,199200
2025-12-22 12:25:00,23850.75,23852.67,23844.97,23848.05,145698
2025-12-22 12:30:00,23848.05,23851.91,23842.28,23844.59,127695
2025-12-22 12:35:00,23844.59,23850.36,23844.21,23846.52,92624
2025-12-22 12:40:00,23846.71,23849.21,23839.01,23842.86,171519
2025-12-22 12:45:00,23843.05,23846.52,23836.51,23842.66,402003
2025-12-22 12:50:00,23842.66,23865.77,23841.7,23862.68,182438
2025-12-22 12:55:00,23862.49,23872.7,23861.91,23868.27,172674
2025-12-22 13:00:00,23867.69,23868.84,23859.22,23859.8,106819
2025-12-22 13:05:00,23859.6,23859.6,23846.9,23847.67,175779
2025-12-22 13:10:00,23847.67,23851.35,23839.97,23840.35,201671
2025-12-22 13:15:00,23840.55,23842.28,23830.34,23838.62,261140
2025-12-22 13:20:00,23838.04,23839.97,23831.89,23833.04,140881
2025-12-22 13:25:00,23833.04,23839.97,23824.57,23838.43,225353
2025-12-22 13:30:00,23838.43,23844.21,23836.52,23836.89,152185
2025-12-22 13:35:00,23836.51,23840.55,23833.04,23840.55,124849
2025-12-22 13:40:00,23840.35,23848.34,23838.04,23845.36,254723
2025-12-22 13:45:00,23844.97,23847.67,23839.59,23842.09,320588
2025-12-22 13:50:00,23842.28,23843.05,23829.19,23830.34,145485
2025-12-22 13:55:00,23829.96,23841.9,23829.96,23838.43,339944
2025-12-22 14:00:00,23838.43,23840.74,23832.29,23834.8,132736
2025-12-22 14:05:00,23834.58,23837.28,23828.03,23833.42,148096
2025-12-22 14:10:00,23833.42,23834.58,23826.2,23831.89,140168
2025-12-22 14:15:00,23831.89,23837.66,23828.42,23835.73,167841
2025-12-22 14:20:00,23835.73,23843.43,23832.66,23840.74,169351
2025-12-22 14:25:00,23840.35,23848.44,23840.35,23846.9,133181
2025-12-22 14:30:00,23846.71,23858.84,23846.61,23853.06,202573
2025-12-22 14:35:00,23853.06,23857.87,23851.91,23853.83,137860
2025-12-22 14:40:00,23853.83,23854.6,23844.97,23846.16,154251
2025-12-22 14:45:00,23846.52,23851.14,23840.74,23841.9,153465
2025-12-22 14:50:00,23841.9,23846.9,23839.2,23839.97,101262
2025-12-22 14:55:00,23839.97,23841.9,23837.08,23838.82,161758
2025-12-22 15:00:00,23838.82,23841.9,23836.89,23838.82,153595
2025-12-22 15:05:00,23838.82,23840.35,23831.89,23832.66,151666
2025-12-22 15:10:00,23832.27,23838.04,23830.98,23830.98,153080
2025-12-22 15:15:00,23831.11,23841.9,23828.8,23839.97,197080
2025-12-22 15:20:00,23839.97,23841.9,23833.81,23838.43,173832
2025-12-22 15:25:00,23838.43,23839.39,23833.42,23836.51,138154
2025-12-22 15:30:00,23836.12,23843.82,23834.31,23843.43,257797
2025-12-22 15:35:00,23843.82,23846.71,23839.59,23840.35,344448
2025-12-22 15:40:00,23840.55,23844.59,23839.2,23841.12,158358
2025-12-22 15:45:00,23841.12,23842.86,23834.77,23839.2,399657
2025-12-22 15:50:00,23838.82,23848.44,23829.96,23847.67,665217
2025-12-22 15:55:00,23848.44,23850.36,23835.35,23837.28,742692
2025-12-22 16:00:00,23837.66,23853.45,23837.66,23850.75,0
2025-12-22 16:05:00,23850.77,23854.22,23756.42,23851.14,0
2025-12-22 16:10:00,23851.33,23851.33,23839.59,23849.21,0
2025-12-22 16:15:00,23849.98,23851.14,23839.59,23846.9,0
2025-12-22 16:20:00,23847.48,23848.82,23846.52,23847.28,0
2025-12-22 16:25:00,23847.28,23848.41,23843.44,23844.82,0
2025-12-22 16:30:00,23844.59,23848.28,23844.2,23848.28,0
2025-12-22 16:35:00,23846.9,23848.05,23846.32,23846.9,0
2025-12-22 16:40:00,23847.29,23849.98,23846.9,23848.44,0
2025-12-22 16:45:00,23848.05,23849.6,23844.22,23844.98,0
2025-12-22 16:50:00,23844.2,23849.17,23839.59,23845.55,0
2025-12-22 16:55:00,23844.98,23850.7,23843.82,23847.37,0
2025-12-22 17:00:00,23848.44,23856.11,23839.59,23855.56,0
2025-12-22 17:05:00,23856.14,23858.84,23851.14,23855.95,0
2025-12-22 17:10:00,23855.76,23855.76,23848.44,23848.44,0
2025-12-22 17:15:00,23849.98,23854.6,23847.58,23854.6,0
2025-12-22 17:20:00,23852.87,23854.6,23839.59,23854.6,0
2025-12-22 17:25:00,23854.22,23856.14,23852.29,23853.83,0
2025-12-22 17:30:00,23853.83,23855.76,23849.21,23849.6,0
2025-12-22 17:35:00,23849.21,23854.6,23848.82,23852.87,0
2025-12-22 17:40:00,23851.14,23853.83,23850.75,23851.52,0
2025-12-22 17:45:00,23853.8,23853.83,23850.8,23852.1,0
2025-12-22 17:50:00,23851.52,23852.64,23850.75,23852.64,0
2025-12-22 17:55:00,23851.9,23853.06,23850.56,23853.06,0
2025-12-22 18:00:00,23850.75,23858.27,23850.75,23854.22,0
2025-12-22 18:05:00,23855.37,23863.42,23853.87,23861.72,0
2025-12-22 18:10:00,23861.2,23863.46,23854.98,23854.98,0
2025-12-22 18:15:00,23854.98,23857.68,23854.98,23855.95,0
2025-12-22 18:20:00,23855.95,23861.51,23855.95,23858.45,0
2025-12-22 18:25:00,23859.95,23862.26,23856.93,23859.99,0
2025-12-22 18:30:00,23859.6,23868.81,23858.48,23866.34,0
2025-12-22 18:35:00,23865.19,23868.08,23858.84,23860.95,0
2025-12-22 18:40:00,23860.76,23862.3,23859.6,23860.38,0
2025-12-22 18:45:00,23861.14,23864.96,23859.22,23862.3,0
2025-12-22 18:50:00,23864.03,23865.38,23855.76,23858.45,0
2025-12-22 18:55:00,23858.45,23860.03,23857.68,23859.99,0
2025-12-23 04:00:00,23843.82,23849.6,23843.05,23849.6,0
2025-12-23 04:05:00,23849.6,23853.06,23849.6,23851.14,0
2025-12-23 04:10:00,23849.98,23854.6,23849.98,23851.52,0
2025-12-23 04:15:00,23852.29,23864.22,23850.75,23862.3,0
2025-12-23 04:20:00,23862.3,23862.3,23858.84,23861.53,0
2025-12-23 04:25:00,23859.6,23868.46,23859.6,23868.08,0
2025-12-23 04:30:00,23868.84,23874.24,23868.84,23870.77,0
2025-12-23 04:35:00,23871.16,23872.7,23870.0,23872.31,0
2025-12-23 04:40:00,23872.31,23877.32,23872.31,23874.24,0
2025-12-23 04:45:00,23874.62,23875.78,23868.46,23868.46,0
2025-12-23 04:50:00,23868.08,23868.08,23867.3,23867.3,0
2025-12-23 04:55:00,23870.0,23870.38,23868.46,23869.23,0
2025-12-23 05:00:00,23869.62,23873.85,23869.62,23870.38,0
2025-12-23 05:05:00,23869.62,23869.62,23864.61,23868.08,0
2025-12-23 05:10:00,23867.3,23868.46,23864.22,23865.0,0
2025-12-23 05:15:00,23863.46,23863.84,23856.91,23858.45,0
2025-12-23 05:20:00,23857.3,23857.3,23851.14,23856.52,0
2025-12-23 05:25:00,23858.06,23859.6,23856.52,23857.68,0
2025-12-23 05:30:00,23856.14,23858.45,23852.29,23852.29,0
2025-12-23 05:35:00,23851.14,23858.06,23850.75,23856.14,0
2025-12-23 05:40:00,23855.37,23860.38,23852.29,23860.38,0
2025-12-23 05:45:00,23854.6,23857.68,23854.6,23856.91,0
2025-12-23 05:50:00,23857.68,23857.68,23854.6,23854.6,0
2025-12-23 05:55:00,23854.6,23859.99,23853.83,23858.45,0
2025-12-23 06:00:00,23857.68,23859.22,23849.21,23853.06,0
2025-12-23 06:05:00,23854.6,23855.37,23852.68,23852.68,0
2025-12-23 06:10:00,23853.83,23854.22,23843.44,23844.59,0
2025-12-23 06:15:00,23843.05,23843.44,23839.2,23839.97,0
2025-12-23 06:20:00,23841.12,23846.9,23841.12,23846.52,0
2025-12-23 06:25:00,23847.28,23851.52,23847.28,23849.21,0
2025-12-23 06:30:00,23847.67,23851.14,23844.59,23851.14,0
2025-12-23 06:35:00,23848.82,23854.22,23848.82,23853.83,0
2025-12-23 06:40:00,23854.22,23854.22,23852.29,23852.29,0
2025-12-23 06:45:00,23849.6,23852.68,23844.2,23846.13,0
2025-12-23 06:50:00,23846.52,23847.67,23843.05,23845.36,0
2025-12-23 06:55:00,23845.36,23845.36,23844.98,23844.98,0
2025-12-23 07:00:00,23844.2,23851.14,23836.12,23836.5,0
2025-12-23 07:05:00,23841.51,23841.9,23834.2,23838.08,0
2025-12-23 07:10:00,23839.2,23839.2,23826.88,23832.66,0
2025-12-23 07:15:00,23833.81,23835.74,23830.34,23833.42,0
2025-12-23 07:20:00,23832.66,23832.66,23823.41,23824.57,0
2025-12-23 07:25:00,23826.5,23826.5,23819.56,23819.95,0
2025-12-23 07:30:00,23820.34,23829.96,23815.72,23828.04,0
2025-12-23 07:35:00,23826.88,23831.5,23823.41,23831.5,0
2025-12-23 07:40:00,23832.27,23832.27,23823.41,23823.41,0
2025-12-23 07:45:00,23824.96,23828.8,23824.18,23828.8,0
2025-12-23 07:50:00,23828.04,23831.5,23828.04,23831.5,0
2025-12-23 07:55:00,23831.5,23838.43,23830.34,23838.43,0
2025-12-23 08:00:00,23839.59,23877.32,23810.69,23826.13,0
2025-12-23 08:05:00,23839.59,23839.59,23826.11,23827.26,0
2025-12-23 08:10:00,23828.42,23833.4,23821.91,23826.5,0
2025-12-23 08:15:00,23826.11,23829.58,23819.56,23822.45,0
2025-12-23 08:20:00,23822.26,23823.8,23815.33,23823.41,0
2025-12-23 08:25:00,23823.8,23828.8,23821.49,23827.63,0
2025-12-23 08:30:00,23828.42,23831.5,23817.26,23823.8,0
2025-12-23 08:35:00,23823.8,23823.8,23767.98,23773.1,0
2025-12-23 08:40:00,23773.75,23795.7,23770.67,23795.7,0
2025-12-23 08:45:00,23795.7,23839.59,23786.42,23791.46,0
2025-12-23 08:50:00,23790.3,23799.74,23786.84,23789.92,0
2025-12-23 08:55:00,23789.92,23795.31,23769.13,23779.14,0
2025-12-23 09:00:00,23778.76,23791.84,23775.29,23788.76,0
2025-12-23 09:05:00,23788.78,23789.92,23770.67,23776.06,0
2025-12-23 09:10:00,23772.84,23788.07,23769.52,23781.84,0
2025-12-23 09:15:00,23782.6,23789.15,23782.6,23785.68,0
2025-12-23 09:20:00,23785.49,23796.46,23783.18,23789.86,0
2025-12-23 09:25:00,23791.46,23803.01,23785.68,23800.7,0
2025-12-23 09:30:00,23870.0,23885.78,23838.04,23856.53,1414919
2025-12-23 09:35:00,23856.14,23879.82,23852.29,23865.38,547694
2025-12-23 09:40:00,23865.38,23880.01,23844.07,23878.09,855838
2025-12-23 09:45:00,23878.09,23897.53,23870.77,23881.93,554043
2025-12-23 09:50:00,23881.93,23890.21,23851.14,23853.83,390139
2025-12-23 09:55:00,23854.22,23858.45,23827.27,23843.44,460565
2025-12-23 10:00:00,23844.21,23845.74,23784.53,23793.39,530234
2025-12-23 10:05:00,23793.39,23813.79,23787.99,23811.86,351931
2025-12-23 10:10:00,23813.02,23824.57,23787.22,23804.55,398977
2025-12-23 10:15:00,23804.93,23833.81,23803.78,23826.5,291390
2025-12-23 10:20:00,23826.88,23839.59,23825.34,23836.51,337414
2025-12-23 10:25:00,23837.28,23840.35,23814.95,23827.6,249522
2025-12-23 10:30:00,23827.27,23844.21,23826.49,23842.93,222116
2025-12-23 10:35:00,23843.05,23857.68,23840.35,23855.76,242109
2025-12-23 10:40:00,23856.33,23866.92,23855.37,23862.3,217011
2025-12-23 10:45:00,23862.68,23868.46,23854.41,23861.66,504946
2025-12-23 10:50:00,23861.91,23874.43,23856.91,23873.08,281296
2025-12-23 10:55:00,23873.85,23888.48,23867.3,23878.91,322677
2025-12-23 11:00:00,23879.62,23894.64,23875.39,23886.55,278672
2025-12-23 11:05:00,23886.94,23895.79,23883.09,23885.59,218252
2025-12-23 11:10:00,23885.78,23888.09,23876.16,23881.16,221692
2025-12-23 11:15:00,23881.55,23892.33,23878.09,23889.44,173243
2025-12-23 11:20:00,23889.64,23893.48,23885.02,23891.17,141260
2025-12-23 11:25:00,23890.79,23898.88,23887.05,23890.02,176627
2025-12-23 11:30:00,23890.02,23891.56,23884.63,23887.71,147164
2025-12-23 11:35:00,23887.33,23889.25,23879.24,23885.98,144655
2025-12-23 11:40:00,23886.17,23899.65,23885.02,23897.85,461630
2025-12-23 11:45:00,23898.1,23905.8,23897.34,23902.34,227348
2025-12-23 11:50:00,23902.72,23918.9,23901.57,23915.82,426234
2025-12-23 11:55:00,23915.82,23920.43,23912.73,23917.35,196065
2025-12-23 12:00:00,23917.74,23920.05,23906.58,23915.82,265631
2025-12-23 12:05:00,23915.74,23920.3,23913.51,23918.7,139637
2025-12-23 12:10:00,23918.9,23921.21,23913.51,23914.08,123241
2025-12-23 12:15:00,23914.08,23916.2,23909.08,23913.7,142334
2025-12-23 12:20:00,23913.7,23919.09,23911.58,23912.35,117571
2025-12-23 12:25:00,23912.73,23913.89,23908.89,23911.2,131902
2025-12-23 12:30:00,23911.2,23916.97,23900.8,23905.04,381161
2025-12-23 12:35:00,23905.03,23911.58,23900.8,23909.49,241986
2025-12-23 12:40:00,23909.27,23910.23,23903.11,23906.58,90866
2025-12-23 12:45:00,23906.38,23909.66,23902.34,23904.84,116863
2025-12-23 12:50:00,23904.84,23905.61,23896.57,23901.18,155168
2025-12-23 12:55:00,23900.8,23905.8,23898.88,23900.32,219948
2025-12-23 13:00:00,23900.41,23903.11,23898.05,23898.88,110300
2025-12-23 13:05:00,23898.49,23914.66,23898.49,23912.93,176775
2025-12-23 13:10:00,23913.12,23915.04,23908.5,23913.89,206119
2025-12-23 13:15:00,23913.7,23916.59,23910.04,23915.62,133703
2025-12-23 13:20:00,23915.62,23924.09,23914.28,23918.76,211465
2025-12-23 13:25:00,23918.9,23922.36,23913.51,23915.04,129480
2025-12-23 13:30:00,23915.43,23922.75,23912.73,23922.36,134055
2025-12-23 13:35:00,23922.36,23923.13,23917.74,23918.12,174553
2025-12-23 13:40:00,23918.12,23921.97,23916.59,23921.78,100408
2025-12-23 13:45:00,23921.78,23922.17,23918.12,23919.86,89737
2025-12-23 13:50:00,23919.86,23921.21,23914.66,23916.59,83757
2025-12-23 13:55:00,23916.97,23921.78,23914.47,23918.12,263624
2025-12-23 14:00:00,23918.12,23925.63,23916.9,23924.28,159199
2025-12-23 14:05:00,23924.28,23930.06,23923.13,23928.91,133600
2025-12-23 14:10:00,23928.9,23931.79,23926.59,23929.48,132688
2025-12-23 14:15:00,23929.29,23933.14,23928.91,23932.37,140482
2025-12-23 14:20:00,23932.37,23934.29,23927.75,23929.29,154988
2025-12-23 14:25:00,23928.91,23933.14,23927.75,23929.67,143501
2025-12-23 14:30:00,23929.67,23931.22,23926.59,23928.33,97012
2025-12-23 14:35:00,23927.94,23931.02,23926.4,23929.67,147952
2025-12-23 14:40:00,23929.1,23929.67,23925.83,23928.52,140129
2025-12-23 14:45:00,23928.91,23933.53,23928.14,23933.53,93636
2025-12-23 14:50:00,23933.53,23938.53,23931.22,23938.15,155827
2025-12-23 14:55:00,23938.15,23942.38,23936.18,23939.3,158270
2025-12-23 15:00:00,23939.3,23947.39,23938.91,23944.5,183941
2025-12-23 15:05:00,23944.69,23947.39,23942.38,23944.27,136052
2025-12-23 15:10:00,23943.93,23945.08,23939.49,23941.42,141165
2025-12-23 15:15:00,23941.61,23943.53,23939.49,23943.15,255020
2025-12-23 15:20:00,23943.34,23947.58,23937.76,23938.91,211968
2025-12-23 15:25:00,23938.91,23944.3,23938.27,23941.22,116154
2025-12-23 15:30:00,23940.84,23941.99,23937.76,23941.22,146477
2025-12-23 15:35:00,23941.45,23946.61,23941.45,23943.92,169732
2025-12-23 15:40:00,23943.92,23945.27,23938.91,23940.07,154209
2025-12-23 15:45:00,23939.88,23949.31,23939.3,23949.25,336410
2025-12-23 15:50:00,23949.31,23953.54,23937.8,23951.81,464950
2025-12-23 15:55:00,23951.23,23962.4,23947.39,23955.09,1028070
2025-12-23 16:00:00,23955.09,23965.1,23839.59,23960.48,0
2025-12-23 16:05:00,23960.48,23961.24,23951.24,23955.47,0
2025-12-23 16:10:00,23956.24,23956.24,23951.24,23954.75,0
2025-12-23 16:15:00,23954.7,23957.78,23951.24,23957.78,0
2025-12-23 16:20:00,23951.24,23962.4,23951.24,23960.54,0
2025-12-23 16:25:00,23961.13,23961.13,23957.01,23959.7,0
2025-12-23 16:30:00,23958.94,23961.63,23958.94,23959.7,0
2025-12-23 16:35:00,23958.94,23958.94,23955.47,23955.86,0
2025-12-23 16:40:00,23957.23,23959.7,23955.09,23956.62,0
2025-12-23 16:45:00,23956.08,23956.24,23953.54,23954.32,0
2025-12-23 16:50:00,23954.21,23954.32,23947.38,23951.04,0
2025-12-23 16:55:00,23951.47,23958.74,23948.35,23958.74,0
2025-12-23 17:00:00,23958.55,23958.55,23951.04,23954.51,0
2025-12-23 17:05:00,23953.54,23955.09,23947.0,23950.44,0
2025-12-23 17:10:00,23949.31,23954.12,23949.31,23953.35,0
2025-12-23 17:15:00,23956.24,23956.24,23950.46,23950.46,0
2025-12-23 17:20:00,23950.51,23955.86,23950.51,23951.04,0
2025-12-23 17:25:00,23951.17,23951.43,23949.31,23950.08,0
2025-12-23 17:30:00,23949.5,23951.24,23947.77,23947.77,0
2025-12-23 17:35:00,23949.31,23950.46,23947.0,23947.41,0
2025-12-23 17:40:00,23947.39,23951.24,23947.0,23947.48,0
2025-12-23 17:45:00,23948.73,23951.24,23947.38,23950.08,0
2025-12-23 17:50:00,23950.04,23951.24,23948.54,23951.24,0
2025-12-23 17:55:00,23951.24,23951.24,23949.31,23949.5,0
2025-12-23 18:00:00,23952.78,23955.47,23947.1,23953.86,0
2025-12-23 18:05:00,23953.74,23955.09,23949.31,23952.0,0
2025-12-23 18:10:00,23952.0,23959.32,23950.85,23956.82,0
2025-12-23 18:15:00,23957.4,23957.4,23952.0,23953.93,0
2025-12-23 18:20:00,23953.94,23955.86,23951.64,23952.0,0
2025-12-23 18:25:00,23951.97,23953.54,23951.24,23951.43,0
2025-12-23 18:30:00,23951.22,23951.81,23947.0,23948.19,0
2025-12-23 18:35:00,23949.5,23955.41,23949.31,23951.24,0
2025-12-23 18:40:00,23951.24,23953.35,23949.18,23951.81,0
2025-12-23 18:45:00,23951.24,23951.24,23949.12,23950.85,0
2025-12-23 18:50:00,23949.07,23952.0,23949.07,23949.7,0
2025-12-23 18:55:00,23950.4,23955.47,23950.4,23953.54,0
2025-12-24 04:00:00,23942.0,23942.0,23935.45,23937.38,0
2025-12-24 04:05:00,23938.91,23939.68,23938.91,23938.91,0
2025-12-24 04:10:00,23942.38,23943.54,23942.38,23942.38,0
2025-12-24 04:15:00,23949.7,23956.24,23949.7,23952.78,0
2025-12-24 04:20:00,23952.39,23952.39,23950.85,23952.0,0
2025-12-24 04:25:00,23952.0,23953.16,23952.0,23953.16,0
2025-12-24 04:30:00,23951.24,23952.78,23950.46,23951.62,0
2025-12-24 04:35:00,23952.78,23953.93,23952.78,23953.16,0
2025-12-24 04:40:00,23951.62,23952.78,23950.46,23950.85,0
2025-12-24 04:45:00,23949.31,23949.7,23948.92,23949.7,0
2025-12-24 04:50:00,23949.7,23950.85,23949.7,23950.46,0
2025-12-24 04:55:00,23950.46,23950.46,23949.7,23950.46,0
2025-12-24 05:00:00,23947.38,23947.38,23941.61,23941.61,0
2025-12-24 05:05:00,23940.07,23946.23,23940.07,23946.23,0
2025-12-24 05:10:00,23943.92,23943.92,23943.92,23943.92,0
2025-12-24 05:15:00,23943.15,23947.0,23942.38,23947.0,0
2025-12-24 05:20:00,23947.0,23948.92,23947.0,23947.0,0
2025-12-24 05:25:00,23943.92,23944.69,23943.15,23944.69,0
2025-12-24 05:30:00,23944.69,23944.69,23944.69,23944.69,0
2025-12-24 05:35:00,23946.62,23946.62,23945.84,23945.84,0
2025-12-24 05:40:00,23946.62,23946.62,23946.62,23946.62,0
2025-12-24 05:45:00,23946.23,23947.38,23946.23,23946.23,0
2025-12-24 05:50:00,23945.08,23945.46,23943.15,23944.3,0
2025-12-24 05:55:00,23944.69,23947.38,23944.69,23946.23,0
2025-12-24 06:00:00,23944.69,23945.84,23943.92,23945.84,0
2025-12-24 06:05:00,23947.0,23950.85,23947.0,23950.85,0
2025-12-24 06:10:00,23950.85,23951.62,23950.08,23951.24,0
2025-12-24 06:15:00,23948.16,23950.08,23947.0,23947.0,0
2025-12-24 06:20:00,23945.84,23945.84,23941.61,23941.61,0
2025-12-24 06:25:00,23943.54,23945.84,23942.76,23942.76,0
2025-12-24 06:30:00,23943.92,23943.92,23942.76,23943.92,0
2025-12-24 06:35:00,23942.38,23942.76,23938.53,23938.91,0
2025-12-24 06:40:00,23941.61,23942.38,23939.68,23941.61,0
2025-12-24 06:45:00,23941.22,23943.15,23939.68,23943.15,0
2025-12-24 06:50:00,23941.22,23942.0,23941.22,23941.22,0
2025-12-24 06:55:00,23942.76,23943.92,23942.38,23943.92,0
2025-12-24 07:00:00,23944.3,23947.38,23941.61,23947.38,0
2025-12-24 07:05:00,23946.96,23949.7,23946.19,23949.66,0
2025-12-24 07:10:00,23948.92,23954.32,23948.92,23954.32,0
2025-12-24 07:15:00,23954.32,23963.17,23954.32,23962.02,0
2025-12-24 07:20:00,23962.02,23966.25,23961.24,23961.63,0
2025-12-24 07:25:00,23961.24,23961.63,23956.24,23957.36,0
2025-12-24 07:30:00,23957.4,23962.4,23957.4,23962.4,0
2025-12-24 07:35:00,23961.24,23963.94,23960.86,23963.52,0
2025-12-24 07:40:00,23963.52,23964.71,23960.9,23963.17,0
2025-12-24 07:45:00,23963.17,23964.32,23962.4,23962.4,0
2025-12-24 07:50:00,23962.78,23965.86,23962.78,23963.59,0
2025-12-24 07:55:00,23964.71,23967.4,23964.32,23966.64,0
2025-12-24 08:00:00,23943.49,23967.8,23930.16,23960.86,0
2025-12-24 08:05:00,23962.02,23969.18,23951.24,23953.9,0
2025-12-24 08:10:00,23953.74,23959.7,23953.74,23958.55,0
2025-12-24 08:15:00,23958.94,23962.4,23957.78,23961.05,0
2025-12-24 08:20:00,23961.64,23963.55,23958.16,23960.86,0
2025-12-24 08:25:00,23959.7,23962.5,23959.7,23962.4,0
2025-12-24 08:30:00,23961.24,23972.43,23960.48,23960.48,0
2025-12-24 08:35:00,23959.7,23970.87,23959.7,23969.72,0
2025-12-24 08:40:00,23970.48,23974.73,23967.4,23970.48,0
2025-12-24 08:45:00,23971.24,23972.99,23951.24,23970.87,0
2025-12-24 08:50:00,23970.09,23980.5,23967.02,23977.41,0
2025-12-24 08:55:00,23976.65,23977.03,23970.87,23972.04,0
2025-12-24 09:00:00,23973.18,23973.18,23963.94,23966.44,0
2025-12-24 09:05:00,23965.1,23969.33,23961.24,23968.62,0
2025-12-24 09:10:00,23968.95,23972.02,23968.18,23969.7,0
2025-12-24 09:15:00,23969.72,23969.72,23963.55,23963.94,0
2025-12-24 09:20:00,23963.55,23966.25,23959.7,23962.02,0
2025-12-24 09:25:00,23961.63,23963.17,23943.92,23945.84,0
2025-12-24 09:30:00,23956.62,23969.33,23936.22,23969.33,785939
2025-12-24 09:35:00,23969.33,23972.41,23943.15,23943.53,388400
2025-12-24 09:40:00,23943.15,23968.17,23940.46,23947.0,324295
2025-12-24 09:45:00,23947.77,23958.16,23938.91,23945.46,298105
2025-12-24 09:50:00,23945.84,23957.59,23941.22,23955.52,419737
2025-12-24 09:55:00,23955.47,23961.25,23951.52,23960.09,187898
2025-12-24 10:00:00,23959.44,23965.86,23955.47,23964.71,164755
2025-12-24 10:05:00,23964.71,23972.79,23961.67,23971.45,211773
2025-12-24 10:10:00,23972.03,23980.88,23969.72,23976.06,225996
2025-12-24 10:15:00,23977.03,23988.2,23975.49,23979.92,268653
2025-12-24 10:20:00,23979.72,23982.42,23955.47,23959.13,256163
2025-12-24 10:25:00,23959.13,23966.21,23954.7,23965.53,235186
2025-12-24 10:30:00,23965.53,23971.18,23959.32,23966.25,200234
2025-12-24 10:35:00,23966.25,23972.99,23965.29,23969.72,147472
2025-12-24 10:40:00,23969.72,23975.1,23968.18,23973.57,132475
2025-12-24 10:45:00,23973.18,23979.34,23971.06,23975.49,165945
2025-12-24 10:50:00,23975.1,23980.49,23972.99,23975.68,142755
2025-12-24 10:55:00,23975.68,23978.57,23968.56,23977.47,126151
2025-12-24 11:00:00,23977.8,23981.27,23977.03,23980.88,153148
2025-12-24 11:05:00,23980.49,23989.73,23977.03,23986.27,158266
2025-12-24 11:10:00,23986.66,23998.21,23986.08,23997.05,182554
2025-12-24 11:15:00,23996.66,23997.05,23986.66,23994.74,177016
2025-12-24 11:20:00,23995.12,24002.05,23994.93,24000.13,113985
2025-12-24 11:25:00,24000.17,24001.67,23995.9,23999.36,309488
2025-12-24 11:30:00,23999.74,24012.26,23996.66,24011.68,178942
2025-12-24 11:35:00,24011.68,24026.89,24009.76,24018.03,246699
2025-12-24 11:40:00,24017.84,24025.16,24017.84,24023.61,254420
2025-12-24 11:45:00,24023.61,24027.08,24022.46,24024.39,147321
2025-12-24 11:50:00,24024.77,24026.7,24016.68,24019.77,144968
2025-12-24 11:55:00,24020.15,24023.61,24015.91,24019.38,124961
2025-12-24 12:00:00,24019.77,24023.61,24017.46,24019.33,87415
2025-12-24 12:05:00,24018.61,24022.08,24016.68,24018.98,84014
2025-12-24 12:10:00,24018.8,24025.54,24018.22,24024.0,96362
2025-12-24 12:15:00,24023.61,24024.39,24009.02,24014.18,170054
2025-12-24 12:20:00,24014.76,24020.15,24012.07,24012.64,109578
2025-12-24 12:25:00,24012.69,24022.65,24010.14,24018.99,379564
2025-12-24 12:30:00,24018.61,24030.54,24018.03,24022.84,151893
2025-12-24 12:35:00,24023.23,24025.92,24018.23,24020.53,128251
2025-12-24 12:40:00,24020.15,24022.84,24010.53,24012.07,171957
2025-12-24 12:45:00,24011.68,24028.62,24011.29,24018.99,312692
2025-12-24 12:50:00,24019.38,24026.7,24017.84,24022.08,263992
2025-12-24 12:55:00,24021.3,24034.4,24016.3,24021.69,602460
2025-12-24 13:00:00,24021.69,24021.69,23951.23,24016.49,0
2025-12-24 13:05:00,24015.91,24022.46,24009.76,24012.45,0
2025-12-24 13:10:00,24012.26,24021.3,23997.05,24006.29,0
2025-12-24 13:15:00,24007.45,24021.3,23991.66,23992.43,0
2025-12-24 13:20:00,23992.81,23993.2,23982.37,23986.27,0
2025-12-24 13:25:00,23983.58,23993.2,23982.8,23992.7,0
2025-12-24 13:30:00,23991.28,23992.5,23987.62,23988.58,0
2025-12-24 13:35:00,23989.35,23989.35,23984.0,23985.5,0
2025-12-24 13:40:00,23985.5,23986.61,23982.8,23984.92,0
2025-12-24 13:45:00,23984.92,23988.96,23984.92,23987.04,0
2025-12-24 13:50:00,23987.04,24021.3,23986.27,23986.66,0
2025-12-24 13:55:00,23986.85,23991.28,23985.88,23986.27,0
2025-12-24 14:00:00,23986.66,23991.27,23986.27,23987.81,0
2025-12-24 14:05:00,23987.62,23993.78,23987.62,23993.39,0
2025-12-24 14:10:00,23993.39,23995.51,23991.28,23992.62,0
2025-12-24 14:15:00,23991.66,23993.59,23991.66,23992.43,0
2025-12-24 14:20:00,23992.43,23994.67,23991.66,23994.67,0
2025-12-24 14:25:00,23993.97,23995.12,23992.82,23993.59,0
2025-12-24 14:30:00,23995.05,23995.12,23989.93,23989.93,0
2025-12-24 14:35:00,24021.3,24021.3,23989.35,23991.7,0
2025-12-24 14:40:00,23990.89,23992.39,23989.35,23990.16,0
2025-12-24 14:45:00,23990.16,23992.82,23989.35,23992.82,0
2025-12-24 14:50:00,23992.82,23992.82,23987.42,23989.74,0
2025-12-24 14:55:00,23989.74,23992.04,23989.35,23989.39,0
2025-12-24 15:00:00,23990.12,23992.04,23989.35,23992.04,0
2025-12-24 15:05:00,23992.04,23994.74,23991.3,23993.59,0
2025-12-24 15:10:00,23993.97,23994.74,23991.66,23992.62,0
2025-12-24 15:15:00,23992.62,23994.74,23991.28,23993.01,0
2025-12-24 15:20:00,23994.74,23994.74,23991.28,23993.78,0
2025-12-24 15:25:00,23993.78,23995.12,23992.82,23993.97,0
2025-12-24 15:30:00,23995.12,23995.12,23992.82,23993.93,0
2025-12-24 15:35:00,23993.97,23993.97,23992.43,23993.55,0
2025-12-24 15:40:00,23993.97,23998.98,23992.43,23997.44,0
2025-12-24 15:45:00,23997.05,23997.82,23995.16,23997.03,0
2025-12-24 15:50:00,23995.12,23997.05,23993.25,23994.06,0
2025-12-24 15:55:00,23995.12,23995.12,23993.2,23994.16,0
2025-12-24 16:00:00,23994.74,23995.12,23992.04,23992.81,0
2025-12-24 16:05:00,23992.82,23992.82,23991.28,23992.82,0
2025-12-24 16:10:00,23992.04,23994.16,23991.28,23991.28,0
2025-12-24 16:15:00,23991.28,23992.82,23991.28,23992.82,0
2025-12-24 16:20:00,23993.2,23993.2,23991.66,23992.63,0
2025-12-24 16:25:00,23991.66,23992.82,23990.89,23992.43,0
2025-12-24 16:30:00,23992.08,23992.82,23990.85,23991.47,0
2025-12-24 16:35:00,23991.66,23992.82,23990.89,23991.66,0
2025-12-24 16:40:00,23992.24,23992.43,23990.89,23991.47,0
2025-12-24 16:45:00,23990.51,23992.43,23988.39,23990.7,0
2025-12-24 16:50:00,23990.7,23992.24,23985.5,23988.77,0
2025-12-24 16:55:00,23991.66,23991.66,23986.27,23986.27,0
2025-12-26 04:00:00,23987.81,24016.68,23987.81,24013.99,0
2025-12-26 04:05:00,24015.53,24020.92,24015.53,24020.15,0
2025-12-26 04:10:00,24020.92,24023.23,24020.92,24022.08,0
2025-12-26 04:15:00,24022.84,24022.84,24015.53,24015.53,0
2025-12-26 04:20:00,24014.38,24017.07,24012.84,24016.68,0
2025-12-26 04:25:00,24013.99,24019.0,24013.99,24014.38,0
2025-12-26 04:30:00,24015.53,24020.15,24015.53,24018.22,0
2025-12-26 04:35:00,24018.22,24019.38,24017.46,24017.46,0
2025-12-26 04:40:00,24016.68,24017.46,24016.3,24016.68,0
2025-12-26 04:45:00,24017.84,24019.38,24017.84,24019.38,0
2025-12-26 04:50:00,24017.84,24021.69,24017.84,24021.69,0
2025-12-26 04:55:00,24020.92,24030.16,24020.92,24030.16,0
2025-12-26 05:00:00,24030.93,24043.25,24030.16,24033.24,0
2025-12-26 05:05:00,24034.01,24034.01,24029.39,24033.62,0
2025-12-26 05:10:00,24033.62,24038.63,24033.62,24037.48,0
2025-12-26 05:15:00,24038.24,24038.24,24036.32,24037.86,0
2025-12-26 05:20:00,24038.63,24038.63,24035.94,24035.94,0
2025-12-26 05:25:00,24037.09,24037.09,24033.62,24033.62,0
2025-12-26 05:30:00,24035.16,24035.16,24032.86,24034.78,0
2025-12-26 05:35:00,24039.02,24039.4,24039.02,24039.4,0
2025-12-26 05:40:00,24039.02,24039.4,24039.02,24039.4,0
2025-12-26 05:45:00,24039.4,24040.55,24037.09,24037.86,0
2025-12-26 05:50:00,24037.48,24039.02,24037.09,24037.09,0
2025-12-26 05:55:00,24035.55,24035.55,24031.7,24031.7,0
2025-12-26 06:00:00,24038.24,24039.78,24037.09,24037.09,0
2025-12-26 06:05:00,24037.48,24037.48,24034.4,24034.4,0
2025-12-26 06:10:00,24035.94,24036.32,24035.94,24036.32,0
2025-12-26 06:15:00,24036.7,24036.7,24035.16,24035.16,0
2025-12-26 06:20:00,24035.16,24035.16,24034.01,24034.01,0
2025-12-26 06:25:00,24034.01,24034.01,24033.62,24033.62,0
2025-12-26 06:30:00,24032.47,24033.62,24032.09,24032.09,0
2025-12-26 06:35:00,24032.47,24034.01,24032.47,24033.24,0
2025-12-26 06:40:00,24033.62,24033.62,24025.92,24026.7,0
2025-12-26 06:45:00,24024.0,24024.0,24020.92,24024.0,0
2025-12-26 06:50:00,24023.23,24025.92,24020.15,24025.54,0
2025-12-26 06:55:00,24026.31,24029.78,24026.31,24029.39,0
2025-12-26 07:00:00,24029.78,24030.89,24024.38,24024.38,0
2025-12-26 07:05:00,24023.62,24028.24,24023.62,24025.16,0
2025-12-26 07:10:00,24024.77,24027.46,24024.38,24027.46,0
2025-12-26 07:15:00,24024.77,24028.62,24024.77,24026.7,0
2025-12-26 07:20:00,24025.92,24034.01,24025.92,24034.01,0
2025-12-26 07:25:00,24037.09,24037.09,24034.01,24034.78,0
2025-12-26 07:30:00,24035.55,24037.86,24034.78,24037.48,0
2025-12-26 07:35:00,24039.02,24045.18,24039.02,24042.1,0
2025-12-26 07:40:00,24044.4,24047.1,24044.4,24044.79,0
2025-12-26 07:45:00,24044.79,24045.18,24044.79,24045.18,0
2025-12-26 07:50:00,24043.64,24045.95,24043.64,24045.18,0
2025-12-26 07:55:00,24042.86,24042.86,24038.24,24042.86,0
2025-12-26 08:00:00,24009.71,24047.1,24000.8,24042.86,0
2025-12-26 08:05:00,24021.3,24044.79,24021.3,24044.21,0
2025-12-26 08:10:00,24044.76,24047.48,24040.55,24042.67,0
2025-12-26 08:15:00,24042.48,24047.87,24041.13,24045.16,0
2025-12-26 08:20:00,24044.02,24052.1,24044.02,24049.8,0
2025-12-26 08:25:00,24050.56,24050.56,24043.64,24047.1,0
2025-12-26 08:30:00,24045.18,24057.5,24045.18,24056.34,0
2025-12-26 08:35:00,24056.15,24064.05,24053.64,24063.08,0
2025-12-26 08:40:00,24063.66,24069.43,24063.42,24066.35,0
2025-12-26 08:45:00,24066.74,24071.36,24021.3,24048.64,0
2025-12-26 08:50:00,24047.87,24049.76,24041.71,24044.02,0
2025-12-26 08:55:00,24044.79,24048.26,24042.86,24046.91,0
2025-12-26 09:00:00,24047.1,24052.1,24043.64,24045.18,0
2025-12-26 09:05:00,24044.79,24047.48,24042.53,24045.95,0
2025-12-26 09:10:00,24046.72,24055.57,24045.96,24054.41,0
2025-12-26 09:15:00,24054.41,24060.01,24051.72,24055.96,0
2025-12-26 09:20:00,24055.96,24057.88,24050.63,24052.49,0
2025-12-26 09:25:00,24051.72,24054.8,24043.64,24050.18,0
2025-12-26 09:30:00,24050.18,24060.38,24018.61,24051.34,873599
2025-12-26 09:35:00,24051.34,24076.74,24047.1,24067.67,556288
2025-12-26 09:40:00,24067.51,24079.44,24057.11,24077.52,308262
2025-12-26 09:45:00,24077.13,24082.33,24059.81,24063.87,289113
2025-12-26 09:50:00,24065.2,24065.2,24027.08,24037.86,372773
2025-12-26 09:55:00,24038.63,24043.25,24025.54,24033.05,248183
2025-12-26 10:00:00,24032.47,24036.32,23996.66,24015.15,477788
2025-12-26 10:05:00,24015.91,24025.92,24012.84,24021.69,222630
2025-12-26 10:10:00,24021.69,24022.84,23992.82,23998.21,2764831
2025-12-26 10:15:00,23998.21,24021.3,23990.89,24020.53,0
2025-12-26 10:20:00,24019.77,24039.4,24019.38,24034.4,293897
2025-12-26 10:25:00,24034.4,24039.02,24017.07,24037.09,222605
2025-12-26 10:30:00,24036.71,24048.26,24028.23,24047.07,260069
2025-12-26 10:35:00,24046.72,24050.18,24035.56,24038.24,158535
2025-12-26 10:40:00,24038.24,24043.25,24033.24,24035.16,179243
2025-12-26 10:45:00,24035.3,24046.72,24031.32,24044.79,183000
2025-12-26 10:50:00,24045.18,24047.87,24034.4,24047.87,176176
2025-12-26 10:55:00,24048.26,24057.25,24045.95,24051.39,197453
2025-12-26 11:00:00,24051.34,24061.34,24050.57,24058.27,133030
2025-12-26 11:05:00,24058.27,24062.11,24042.86,24043.06,177729
2025-12-26 11:10:00,24043.25,24046.33,24015.53,24016.88,260360
2025-12-26 11:15:00,24016.68,24028.23,24012.45,24023.23,220505
2025-12-26 11:20:00,24023.23,24039.02,24020.92,24034.4,176823
2025-12-26 11:25:00,24033.62,24037.47,24026.94,24035.55,99748
2025-12-26 11:30:00,24035.93,24037.47,24032.09,24034.4,97473
2025-12-26 11:35:00,24034.01,24038.63,24031.32,24034.78,84787
2025-12-26 11:40:00,24034.4,24042.86,24033.62,24040.17,86698
2025-12-26 11:45:00,24040.55,24043.06,24030.16,24030.93,107836
2025-12-26 11:50:00,24030.54,24037.47,24027.47,24035.16,135724
2025-12-26 11:55:00,24035.36,24036.71,24027.08,24028.23,77241
2025-12-26 12:00:00,24028.86,24029.01,24015.15,24024.0,150123
2025-12-26 12:05:00,24024.0,24025.16,24016.3,24017.46,88929
2025-12-26 12:10:00,24017.45,24020.92,24010.91,24011.1,141198
2025-12-26 12:15:00,24010.72,24016.11,24005.14,24010.91,153572
2025-12-26 12:20:00,24010.53,24014.76,24005.14,24013.6,99610
2025-12-26 12:25:00,24013.6,24033.62,24013.23,24033.24,6394064
2025-12-26 12:30:00,24033.24,24034.79,24024.39,24024.39,0
2025-12-26 12:35:00,24024.39,24025.16,24015.53,24020.92,102114
2025-12-26 12:40:00,24020.92,24026.31,24018.99,24020.53,89251
2025-12-26 12:45:00,24020.79,24028.23,24020.15,24025.16,86023
2025-12-26 12:50:00,24024.78,24025.54,24014.38,24024.19,95014
2025-12-26 12:55:00,24024.0,24029.39,24024.0,24025.73,85236
2025-12-26 13:00:00,24025.92,24030.93,24025.25,24029.58,97668
2025-12-26 13:05:00,24029.58,24034.59,24027.85,24028.23,124992
2025-12-26 13:10:00,24028.62,24032.47,24026.7,24029.01,99282
2025-12-26 13:15:00,24029.01,24029.78,24019.77,24023.06,113755
2025-12-26 13:20:00,24023.23,24024.39,24009.37,24019.38,177979
2025-12-26 13:25:00,24019.57,24024.4,24015.15,24023.61,94234
2025-12-26 13:30:00,24023.61,24030.93,24022.84,24025.15,111211
2025-12-26 13:35:00,24025.54,24032.09,24024.0,24029.39,105291
2025-12-26 13:40:00,24029.39,24034.78,24026.7,24027.32,85564
2025-12-26 13:45:00,24027.08,24037.47,24025.16,24037.28,96490
2025-12-26 13:50:00,24037.28,24041.9,24036.71,24040.55,132745
2025-12-26 13:55:00,24040.75,24044.41,24039.02,24043.25,105856
2025-12-26 14:00:00,24043.64,24047.1,24036.51,24046.91,101223
2025-12-26 14:05:00,24047.1,24049.03,24043.25,24047.87,81962
2025-12-26 14:10:00,24047.48,24049.79,24040.55,24042.09,90375
2025-12-26 14:15:00,24041.71,24043.64,24036.71,24036.92,98465
2025-12-26 14:20:00,24036.71,24039.59,24035.93,24036.32,68022
2025-12-26 14:25:00,24036.32,24036.71,24031.89,24034.01,100885
2025-12-26 14:30:00,24034.01,24039.02,24033.62,24035.55,72594
2025-12-26 14:35:00,24035.36,24039.4,24030.16,24031.03,72819
2025-12-26 14:40:00,24030.54,24034.01,24028.23,24030.54,72456
2025-12-26 14:45:00,24030.16,24039.02,24027.27,24036.54,110291
2025-12-26 14:50:00,24037.09,24043.64,24037.09,24041.19,172073
2025-12-26 14:55:00,24041.33,24046.72,24040.94,24042.67,147792
2025-12-26 15:00:00,24042.09,24043.25,24035.55,24035.83,107762
2025-12-26 15:05:00,24035.55,24035.55,24026.72,24029.34,99178
2025-12-26 15:10:00,24029.2,24029.78,24024.96,24026.31,140272
2025-12-26 15:15:00,24025.92,24028.23,24022.65,24024.39,133746
2025-12-26 15:20:00,24024.77,24029.39,24021.3,24029.01,150749
2025-12-26 15:25:00,24028.81,24030.93,24026.12,24026.31,213123
2025-12-26 15:30:00,24026.31,24027.66,24023.61,24025.92,94049
2025-12-26 15:35:00,24025.92,24028.62,24024.0,24027.08,79661
2025-12-26 15:40:00,24026.89,24032.28,24024.96,24031.08,126437
2025-12-26 15:45:00,24031.32,24031.51,24025.16,24026.31,539280
2025-12-26 15:50:00,24026.7,24028.62,24011.29,24014.76,500354
2025-12-26 15:55:00,24015.15,24021.88,24011.49,24017.84,1101805
2025-12-26 16:00:00,24018.61,24025.92,24018.22,24019.76,0
2025-12-26 16:05:00,24021.3,24021.3,24013.22,24015.53,0
2025-12-26 16:10:00,24019.0,24022.46,24016.3,24020.54,0
2025-12-26 16:15:00,24020.92,24021.3,24017.26,24017.46,0
2025-12-26 16:20:00,24017.07,24019.47,24016.68,24019.0,0
2025-12-26 16:25:00,24019.0,24019.76,24013.99,24014.95,0
2025-12-26 16:30:00,24014.57,24014.75,24008.98,24010.14,0
2025-12-26 16:35:00,24009.37,24012.21,24008.98,24010.85,0
2025-12-26 16:40:00,24010.91,24014.76,24010.91,24012.06,0
2025-12-26 16:45:00,24012.84,24013.22,24007.83,24011.3,0
2025-12-26 16:50:00,24009.02,24014.95,24008.98,24013.04,0
2025-12-26 16:55:00,24014.74,24014.74,24008.22,24011.46,0
2025-12-26 17:00:00,24008.79,24019.76,24004.75,24006.03,0
2025-12-26 17:05:00,24007.64,24010.52,24004.75,24005.52,0
2025-12-26 17:10:00,24005.9,24008.98,24004.75,24006.68,0
2025-12-26 17:15:00,24004.75,24008.6,24004.75,24007.06,0
2025-12-26 17:20:00,24007.06,24008.6,24004.79,24005.71,0
2025-12-26 17:25:00,24005.17,24008.22,24005.17,24007.64,0
2025-12-26 17:30:00,24008.02,24019.76,24007.06,24010.52,0
2025-12-26 17:35:00,24010.52,24011.3,24007.06,24009.18,0
2025-12-26 17:40:00,24009.18,24011.25,24008.22,24009.18,0
2025-12-26 17:45:00,24009.0,24009.76,24005.14,24005.14,0
2025-12-26 17:50:00,24006.68,24006.68,24005.14,24005.9,0
2025-12-26 17:55:00,24005.52,24006.68,24005.52,24005.9,0
2025-12-26 18:00:00,24006.68,24006.68,24004.75,24005.71,0
2025-12-26 18:05:00,24005.71,24006.68,24004.75,24006.29,0
2025-12-26 18:10:00,24004.79,24008.6,24004.75,24007.25,0
2025-12-26 18:15:00,24007.06,24008.6,24005.9,24007.25,0
2025-12-26 18:20:00,24007.45,24008.6,24006.29,24008.6,0
2025-12-26 18:25:00,24007.45,24008.6,24004.75,24005.52,0
2025-12-26 18:30:00,24005.9,24008.7,24005.52,24008.7,0
2025-12-26 18:35:00,24010.72,24012.32,24003.98,24003.98,0
2025-12-26 18:40:00,24010.37,24010.52,24003.98,24006.29,0
2025-12-26 18:45:00,24005.9,24006.29,24003.02,24004.75,0
2025-12-26 18:50:00,24006.06,24006.68,24004.75,24006.68,0
2025-12-26 18:55:00,24005.71,24010.33,24004.94,24010.14,0
2025-12-29 04:00:00,23953.54,23953.54,23908.5,23917.36,0
2025-12-29 04:05:00,23919.28,23920.44,23914.28,23917.36,0
2025-12-29 04:10:00,23916.2,23925.05,23915.04,23922.74,0
2025-12-29 04:15:00,23922.74,23930.06,23922.74,23927.36,0
2025-12-29 04:20:00,23927.36,23928.52,23922.36,23925.44,0
2025-12-29 04:25:00,23923.9,23931.6,23923.9,23931.6,0
2025-12-29 04:30:00,23926.98,23926.98,23918.51,23918.51,0
2025-12-29 04:35:00,23920.05,23920.05,23908.88,23913.12,0
2025-12-29 04:40:00,23916.2,23916.59,23910.42,23910.42,0
2025-12-29 04:45:00,23908.5,23908.5,23898.88,23904.26,0
2025-12-29 04:50:00,23904.26,23921.59,23904.26,23920.05,0
2025-12-29 04:55:00,23915.82,23925.44,23915.04,23925.44,0
2025-12-29 05:00:00,23923.13,23923.52,23918.12,23919.28,0
2025-12-29 05:05:00,23918.9,23918.9,23911.96,23918.9,0
2025-12-29 05:10:00,23918.9,23926.98,23918.9,23923.13,0
2025-12-29 05:15:00,23930.45,23931.22,23922.74,23922.74,0
2025-12-29 05:20:00,23917.36,23924.28,23914.66,23921.98,0
2025-12-29 05:25:00,23919.66,23920.82,23918.9,23920.82,0
2025-12-29 05:30:00,23924.67,23924.67,23918.51,23920.05,0
2025-12-29 05:35:00,23915.43,23922.36,23915.43,23922.36,0
2025-12-29 05:40:00,23920.82,23922.74,23918.9,23918.9,0
2025-12-29 05:45:00,23918.9,23919.66,23915.04,23915.04,0
2025-12-29 05:50:00,23915.82,23916.97,23913.89,23913.89,0
2025-12-29 05:55:00,23913.12,23913.12,23908.5,23911.2,0
2025-12-29 06:00:00,23909.66,23917.74,23905.04,23913.89,0
2025-12-29 06:05:00,23914.28,23914.28,23910.81,23910.81,0
2025-12-29 06:10:00,23911.96,23912.74,23906.58,23906.58,0
2025-12-29 06:15:00,23906.58,23906.96,23901.18,23901.96,0
2025-12-29 06:20:00,23903.88,23910.04,23901.18,23901.18,0
2025-12-29 06:25:00,23909.27,23909.27,23908.12,23908.12,0
2025-12-29 06:30:00,23909.66,23921.59,23909.66,23921.59,0
2025-12-29 06:35:00,23923.13,23925.44,23919.28,23924.67,0
2025-12-29 06:40:00,23924.67,23934.3,23924.67,23930.83,0
2025-12-29 06:45:00,23934.3,23935.45,23927.75,23927.75,0
2025-12-29 06:50:00,23928.14,23933.52,23927.36,23931.98,0
2025-12-29 06:55:00,23932.37,23932.37,23928.52,23932.37,0
2025-12-29 07:00:00,23931.98,23934.68,23923.52,23932.37,0
2025-12-29 07:05:00,23931.98,23931.98,23924.28,23927.36,0
2025-12-29 07:10:00,23927.36,23931.6,23924.28,23929.68,0
2025-12-29 07:15:00,23926.98,23930.83,23926.98,23930.06,0
2025-12-29 07:20:00,23930.45,23938.91,23930.45,23936.6,0
2025-12-29 07:25:00,23935.06,23935.06,23930.06,23930.06,0
2025-12-29 07:30:00,23930.06,23935.45,23924.67,23928.9,0
2025-12-29 07:35:00,23927.75,23929.29,23920.05,23927.36,0
2025-12-29 07:40:00,23927.75,23928.52,23909.66,23909.66,0
2025-12-29 07:45:00,23908.5,23909.66,23900.45,23907.73,0
2025-12-29 07:50:00,23910.42,23916.24,23910.42,23916.24,0
2025-12-29 07:55:00,23914.31,23915.43,23910.42,23910.42,0
2025-12-29 08:00:00,23916.15,24037.74,23899.24,23919.7,0
2025-12-29 08:05:00,23919.47,24019.76,23916.2,23918.12,0
2025-12-29 08:10:00,23917.36,23917.36,23907.34,23914.05,0
2025-12-29 08:15:00,23913.15,23915.43,23905.8,23907.34,0
2025-12-29 08:20:00,23907.34,23908.88,23902.53,23906.96,0
2025-12-29 08:25:00,23906.77,23919.28,23905.42,23912.35,0
2025-12-29 08:30:00,23911.25,23912.36,23899.64,23906.19,0
2025-12-29 08:35:00,23905.85,23912.35,23897.34,23900.79,0
2025-12-29 08:40:00,23900.81,23906.96,23899.64,23903.88,0
2025-12-29 08:45:00,23903.69,24019.76,23848.05,23848.05,0
2025-12-29 08:50:00,23847.28,23855.37,23831.88,23854.21,0
2025-12-29 08:55:00,23853.83,23868.08,23851.9,23863.06,0
2025-12-29 09:00:00,23862.68,23869.62,23856.14,23857.66,0
2025-12-29 09:05:00,23857.68,23862.3,23849.98,23854.98,0
2025-12-29 09:10:00,23856.14,23867.69,23852.31,23864.22,0
2025-12-29 09:15:00,23865.0,23867.3,23828.42,23849.21,0
2025-12-29 09:20:00,23849.6,23853.45,23844.98,23848.82,0
2025-12-29 09:25:00,23849.6,23879.62,23849.6,23876.54,0
2025-12-29 09:30:00,23874.23,23891.56,23835.73,23887.33,1567458
2025-12-29 09:35:00,23887.33,23976.84,23886.17,23956.24,1061326
2025-12-29 09:40:00,23956.24,23964.71,23941.61,23952.51,499520
2025-12-29 09:45:00,23953.35,23953.54,23899.26,23911.58,523980
2025-12-29 09:50:00,23910.04,23923.13,23878.09,23898.71,376180
2025-12-29 09:55:00,23897.34,23908.5,23878.28,23888.48,243366
2025-12-29 10:00:00,23889.25,23905.03,23873.66,23876.54,209373
2025-12-29 10:05:00,23876.16,23886.94,23852.67,23852.75,389505
2025-12-29 10:10:00,23853.06,23859.8,23832.66,23847.28,386719
2025-12-29 10:15:00,23847.28,23883.47,23846.52,23873.85,336791
2025-12-29 10:20:00,23873.08,23905.03,23872.89,23903.49,251689
2025-12-29 10:25:00,23903.69,23913.89,23899.65,23909.66,375274
2025-12-29 10:30:00,23909.27,23919.66,23905.23,23918.51,279463
2025-12-29 10:35:00,23918.51,23935.07,23902.73,23912.73,340670
2025-12-29 10:40:00,23912.73,23923.52,23904.27,23918.51,197238
2025-12-29 10:45:00,23918.51,23920.82,23875.78,23878.09,230133
2025-12-29 10:50:00,23878.09,23880.01,23844.78,23866.53,384953
2025-12-29 10:55:00,23866.15,23889.25,23859.6,23870.77,187360
2025-12-29 11:00:00,23870.39,23881.55,23854.6,23856.14,166676
2025-12-29 11:05:00,23856.33,23870.39,23850.36,23859.22,363408
2025-12-29 11:10:00,23860.38,23883.99,23857.29,23878.3,186069
2025-12-29 11:15:00,23878.47,23878.85,23853.06,23865.38,183582
2025-12-29 11:20:00,23864.61,23872.31,23855.76,23870.19,127322
2025-12-29 11:25:00,23870.0,23873.08,23855.95,23872.5,135073
2025-12-29 11:30:00,23871.16,23884.63,23863.46,23864.61,259768
2025-12-29 11:35:00,23864.22,23876.16,23859.6,23861.34,146607
2025-12-29 11:40:00,23860.76,23863.07,23850.17,23858.69,180372
2025-12-29 11:45:00,23859.03,23870.77,23858.06,23869.61,200136
2025-12-29 11:50:00,23869.61,23874.75,23862.3,23870.38,269236
2025-12-29 11:55:00,23871.16,23878.47,23863.84,23864.61,123850
2025-12-29 12:00:00,23864.61,23874.62,23859.99,23865.38,100955
2025-12-29 12:05:00,23865.77,23867.69,23852.67,23854.6,95028
2025-12-29 12:10:00,23854.31,23858.07,23844.59,23854.22,98251
2025-12-29 12:15:00,23853.06,23859.8,23845.82,23852.67,7728784
2025-12-29 12:20:00,23852.48,23855.18,23843.05,23844.97,0
2025-12-29 12:25:00,23845.36,23845.55,23821.1,23830.58,318673
2025-12-29 12:30:00,23830.54,23845.55,23827.65,23839.2,226456
2025-12-29 12:35:00,23839.2,23847.86,23836.51,23839.2,131631
2025-12-29 12:40:00,23839.01,23852.67,23836.89,23849.79,142297
2025-12-29 12:45:00,23849.21,23857.1,23847.09,23853.06,120780
2025-12-29 12:50:00,23852.87,23871.16,23852.67,23868.65,195994
2025-12-29 12:55:00,23868.84,23873.46,23866.92,23868.08,154432
2025-12-29 13:00:00,23867.69,23867.69,23855.37,23863.07,146190
2025-12-29 13:05:00,23863.44,23867.88,23859.99,23860.76,120175
2025-12-29 13:10:00,23861.15,23861.15,23850.75,23853.83,100862
2025-12-29 13:15:00,23853.06,23866.53,23851.71,23864.61,125667
2025-12-29 13:20:00,23864.61,23878.09,23862.88,23876.74,123957
2025-12-29 13:25:00,23876.93,23877.32,23864.61,23870.77,109257
2025-12-29 13:30:00,23870.77,23882.71,23869.23,23881.93,112050
2025-12-29 13:35:00,23883.09,23895.41,23882.9,23886.55,161757
2025-12-29 13:40:00,23886.55,23887.33,23874.94,23875.97,105890
2025-12-29 13:45:00,23876.16,23876.93,23867.88,23868.84,106073
2025-12-29 13:50:00,23868.84,23872.31,23865.38,23866.77,70157
2025-12-29 13:55:00,23866.53,23867.11,23859.41,23863.84,115859
2025-12-29 14:00:00,23863.46,23866.15,23854.22,23859.17,117771
2025-12-29 14:05:00,23859.22,23863.07,23856.14,23859.8,94534
2025-12-29 14:10:00,23860.38,23861.91,23856.53,23858.07,83136
2025-12-29 14:15:00,23858.07,23863.84,23856.33,23861.15,74219
2025-12-29 14:20:00,23861.53,23878.47,23861.53,23874.62,132655
2025-12-29 14:25:00,23874.23,23880.2,23872.31,23878.66,122266
2025-12-29 14:30:00,23878.47,23891.95,23876.93,23889.64,171949
2025-12-29 14:35:00,23890.02,23895.03,23885.78,23891.18,352796
2025-12-29 14:40:00,23891.56,23903.5,23891.56,23899.64,123532
2025-12-29 14:45:00,23899.65,23920.05,23898.88,23915.04,260298
2025-12-29 14:50:00,23915.04,23926.79,23915.04,23924.1,213831
2025-12-29 14:55:00,23924.28,23935.26,23924.28,23927.36,235479
2025-12-29 15:00:00,23927.56,23927.75,23913.89,23917.93,137216
2025-12-29 15:05:00,23917.74,23918.9,23912.35,23915.24,100566
2025-12-29 15:10:00,23915.43,23920.43,23914.28,23919.86,98043
2025-12-29 15:15:00,23919.66,23928.14,23916.97,23920.43,111445
2025-12-29 15:20:00,23920.63,23924.28,23918.12,23922.75,94358
2025-12-29 15:25:00,23923.32,23924.16,23911.97,23912.73,221457
2025-12-29 15:30:00,23912.93,23920.82,23911.97,23914.66,127287
2025-12-29 15:35:00,23914.66,23916.97,23908.11,23908.5,140283
2025-12-29 15:40:00,23908.31,23912.35,23899.65,23905.65,163234
2025-12-29 15:45:00,23905.42,23911.39,23903.49,23908.55,201695
2025-12-29 15:50:00,23909.27,23918.12,23895.79,23898.2,320060
2025-12-29 15:55:00,23898.49,23910.81,23893.48,23903.88,676724
2025-12-29 16:00:00,23903.88,24019.76,23892.33,23902.34,0
2025-12-29 16:05:00,23901.66,23904.26,23898.49,23900.41,0
2025-12-29 16:10:00,23901.57,23903.11,23899.07,23900.03,0
2025-12-29 16:15:00,23899.64,23906.58,23899.64,23906.58,0
2025-12-29 16:20:00,23905.8,23906.19,23903.11,23904.26,0
2025-12-29 16:25:00,23904.64,23906.19,23873.46,23905.8,0
2025-12-29 16:30:00,23906.19,23906.19,23901.96,23903.5,0
2025-12-29 16:35:00,23903.11,23906.58,23903.11,23905.8,0
2025-12-29 16:40:00,23907.34,23909.66,23903.5,23908.5,0
2025-12-29 16:45:00,23909.27,23909.27,23907.34,23907.34,0
2025-12-29 16:50:00,23908.12,23909.27,23906.58,23907.15,0
2025-12-29 16:55:00,23907.73,23909.27,23906.96,23907.73,0
2025-12-29 17:00:00,23908.88,23908.88,23906.58,23907.15,0
2025-12-29 17:05:00,23906.77,23906.96,23903.5,23905.8,0
2025-12-29 17:10:00,23905.8,23908.5,23903.5,23907.54,0
2025-12-29 17:15:00,23907.34,23907.34,23903.11,23903.88,0
2025-12-29 17:20:00,23906.19,23906.19,23903.11,23903.5,0
2025-12-29 17:25:00,23903.8,23905.42,23903.6,23904.46,0
2025-12-29 17:30:00,23903.5,23908.5,23903.5,23905.42,0
2025-12-29 17:35:00,23905.42,23906.19,23900.8,23901.57,0
2025-12-29 17:40:00,23901.96,23903.5,23898.91,23900.01,0
2025-12-29 17:45:00,23899.26,23900.8,23898.88,23899.64,0
2025-12-29 17:50:00,23899.64,23900.8,23899.26,23899.45,0
2025-12-29 17:55:00,23899.45,23903.5,23898.88,23900.99,0
2025-12-29 18:00:00,23903.5,23906.19,23895.8,23897.34,0
2025-12-29 18:05:00,23896.56,23898.84,23891.56,23898.1,0
2025-12-29 18:10:00,23897.34,23897.34,23890.75,23890.75,0
2025-12-29 18:15:00,23891.95,23891.95,23879.24,23879.24,0
2025-12-29 18:20:00,23878.45,23887.13,23877.7,23885.59,0
2025-12-29 18:25:00,23885.78,23885.78,23874.99,23875.39,0
2025-12-29 18:30:00,23875.58,23884.24,23875.58,23884.24,0
2025-12-29 18:35:00,23885.59,23887.52,23883.48,23885.36,0
2025-12-29 18:40:00,23882.51,23883.09,23875.0,23877.12,0
2025-12-29 18:45:00,23875.58,23878.09,23872.7,23876.54,0
2025-12-29 18:50:00,23876.54,23877.32,23874.62,23875.2,0
2025-12-29 18:55:00,23875.2,23878.09,23873.08,23873.08,0
2025-12-30 04:00:00,23905.04,23912.35,23898.49,23912.35,0
2025-12-30 04:05:00,23913.12,23914.28,23910.04,23912.35,0
2025-12-30 04:10:00,23911.96,23911.96,23905.42,23906.19,0
2025-12-30 04:15:00,23906.19,23909.27,23905.42,23909.27,0
2025-12-30 04:20:00,23907.73,23912.74,23906.58,23911.58,0
2025-12-30 04:25:00,23912.74,23916.97,23912.74,23916.97,0
2025-12-30 04:30:00,23916.97,23916.97,23913.89,23915.43,0
2025-12-30 04:35:00,23915.43,23918.12,23914.28,23914.28,0
2025-12-30 04:40:00,23913.89,23913.89,23908.5,23908.5,0
2025-12-30 04:45:00,23907.34,23907.73,23904.26,23904.26,0
2025-12-30 04:50:00,23902.34,23903.88,23900.03,23901.18,0
2025-12-30 04:55:00,23901.96,23909.66,23901.96,23908.5,0
2025-12-30 05:00:00,23908.88,23912.35,23904.65,23905.42,0
2025-12-30 05:05:00,23906.96,23906.96,23904.65,23904.65,0
2025-12-30 05:10:00,23906.58,23908.12,23906.58,23906.58,0
2025-12-30 05:15:00,23906.58,23906.58,23906.58,23906.58,0
2025-12-30 05:20:00,23911.58,23913.12,23910.42,23913.12,0
2025-12-30 05:25:00,23911.96,23911.96,23906.58,23906.58,0
2025-12-30 05:30:00,23906.19,23909.66,23906.19,23908.12,0
2025-12-30 05:35:00,23907.34,23907.73,23900.8,23900.8,0
2025-12-30 05:40:00,23901.57,23908.88,23900.03,23908.5,0
2025-12-30 05:45:00,23908.12,23908.12,23901.57,23901.57,0
2025-12-30 05:50:00,23900.8,23900.8,23891.18,23899.64,0
2025-12-30 05:55:00,23896.95,23897.72,23895.41,23895.41,0
2025-12-30 06:00:00,23893.87,23896.56,23893.87,23896.56,0
2025-12-30 06:05:00,23894.26,23894.26,23883.48,23883.48,0
2025-12-30 06:10:00,23881.55,23889.64,23880.4,23887.71,0
2025-12-30 06:15:00,23888.48,23888.48,23883.48,23883.86,0
2025-12-30 06:20:00,23881.94,23885.4,23881.94,23885.02,0
2025-12-30 06:25:00,23878.86,23879.24,23875.0,23878.09,0
2025-12-30 06:30:00,23880.4,23880.4,23878.86,23880.01,0
2025-12-30 06:35:00,23880.4,23883.48,23880.01,23881.55,0
2025-12-30 06:40:00,23883.09,23883.86,23883.09,23883.86,0
2025-12-30 06:45:00,23888.86,23903.11,23888.86,23903.11,0
2025-12-30 06:50:00,23902.34,23904.65,23902.34,23902.34,0
2025-12-30 06:55:00,23904.65,23904.65,23903.11,23903.11,0
2025-12-30 07:00:00,23901.57,23906.96,23900.41,23903.88,0
2025-12-30 07:05:00,23904.65,23905.42,23903.11,23905.42,0
2025-12-30 07:10:00,23905.04,23908.5,23905.04,23905.42,0
2025-12-30 07:15:00,23905.42,23908.5,23905.42,23906.58,0
2025-12-30 07:20:00,23908.5,23908.5,23902.34,23903.11,0
2025-12-30 07:25:00,23899.64,23899.64,23896.91,23898.1,0
2025-12-30 07:30:00,23896.95,23901.57,23889.64,23889.64,0
2025-12-30 07:35:00,23886.94,23893.87,23882.7,23893.87,0
2025-12-30 07:40:00,23895.8,23900.8,23895.8,23900.8,0
2025-12-30 07:45:00,23901.96,23903.92,23896.95,23896.95,0
2025-12-30 07:50:00,23898.49,23898.49,23893.87,23897.3,0
2025-12-30 07:55:00,23895.41,23895.8,23891.18,23894.64,0
2025-12-30 08:00:00,23907.3,23918.51,23857.3,23897.53,0
2025-12-30 08:05:00,23903.5,23903.5,23892.37,23901.6,0
2025-12-30 08:10:00,23902.72,23909.66,23886.17,23902.15,0
2025-12-30 08:15:00,23902.72,23908.11,23901.53,23906.19,0
2025-12-30 08:20:00,23906.96,23911.57,23904.26,23909.05,0
2025-12-30 08:25:00,23909.27,23909.27,23899.26,23902.31,0
2025-12-30 08:30:00,23900.8,23903.11,23880.42,23886.93,0
2025-12-30 08:35:00,23886.56,23888.48,23867.69,23870.38,0
2025-12-30 08:40:00,23870.0,23880.4,23866.92,23876.93,0
2025-12-30 08:45:00,23877.32,23903.5,23870.77,23871.54,0
2025-12-30 08:50:00,23870.96,23872.31,23863.46,23866.92,0
2025-12-30 08:55:00,23866.54,23883.86,23866.53,23883.13,0
2025-12-30 09:00:00,23881.55,23882.7,23874.62,23880.78,0
2025-12-30 09:05:00,23879.24,23882.32,23877.51,23880.78,0
2025-12-30 09:10:00,23880.01,23889.64,23879.43,23889.25,0
2025-12-30 09:15:00,23888.67,23890.4,23884.24,23890.4,0
2025-12-30 09:20:00,23890.3,23890.79,23875.39,23876.16,0
2025-12-30 09:25:00,23875.39,23877.32,23860.38,23863.46,0
2025-12-30 09:30:00,23883.86,23900.8,23876.54,23888.48,775334
2025-12-30 09:35:00,23890.02,23893.48,23858.45,23862.88,448199
2025-12-30 09:40:00,23863.84,23875.01,23853.83,23861.15,257917
2025-12-30 09:45:00,23861.15,23903.88,23846.13,23902.72,469475
2025-12-30 09:50:00,23902.72,23914.28,23893.01,23909.27,314690
2025-12-30 09:55:00,23909.27,23937.38,23907.73,23921.21,415589
2025-12-30 10:00:00,23920.05,23924.67,23901.57,23901.91,299121
2025-12-30 10:05:00,23902.34,23905.03,23884.63,23888.48,272522
2025-12-30 10:10:00,23888.48,23889.64,23854.22,23865.77,483649
2025-12-30 10:15:00,23866.53,23878.47,23858.07,23867.3,246443
2025-12-30 10:20:00,23867.3,23890.94,23861.91,23872.7,282498
2025-12-30 10:25:00,23872.31,23874.23,23863.07,23868.46,180527
2025-12-30 10:30:00,23867.69,23870.58,23860.38,23862.3,195057
2025-12-30 10:35:00,23862.3,23873.47,23858.84,23870.39,162341
2025-12-30 10:40:00,23870.58,23873.85,23853.83,23863.26,186079
2025-12-30 10:45:00,23864.61,23880.78,23859.54,23880.4,191021
2025-12-30 10:50:00,23880.78,23905.03,23876.93,23896.57,324197
2025-12-30 10:55:00,23896.95,23917.35,23896.95,23910.08,269546
2025-12-30 11:00:00,23909.66,23926.98,23905.04,23924.39,4460828
2025-12-30 11:05:00,23924.28,23928.52,23913.12,23916.19,0
2025-12-30 11:10:00,23915.82,23925.83,23914.66,23921.59,145039
2025-12-30 11:15:00,23921.97,23930.45,23920.82,23929.29,174106
2025-12-30 11:20:00,23929.67,23953.54,23929.67,23943.73,430329
2025-12-30 11:25:00,23943.92,23943.92,23933.71,23935.84,152964
2025-12-30 11:30:00,23935.84,23938.15,23928.14,23929.44,209559
2025-12-30 11:35:00,23929.67,23932.18,23903.69,23908.11,213262
2025-12-30 11:40:00,23907.73,23909.27,23897.34,23905.23,218923
2025-12-30 11:45:00,23905.42,23907.73,23898.1,23899.26,147352
2025-12-30 11:50:00,23899.65,23901.38,23887.71,23893.1,180567
2025-12-30 11:55:00,23893.48,23896.95,23885.4,23888.09,151262
2025-12-30 12:00:00,23887.71,23889.06,23878.66,23880.78,180339
2025-12-30 12:05:00,23881.55,23891.17,23881.16,23888.03,349772
2025-12-30 12:10:00,23888.09,23891.37,23876.93,23878.47,126274
2025-12-30 12:15:00,23878.47,23886.75,23870.39,23885.78,144188
2025-12-30 12:20:00,23885.98,23891.95,23882.32,23889.64,153053
2025-12-30 12:25:00,23888.86,23892.72,23885.4,23890.79,143878
2025-12-30 12:30:00,23890.79,23899.65,23886.55,23897.72,6878572
2025-12-30 12:35:00,23897.72,23901.57,23897.72,23900.8,0
2025-12-30 12:40:00,23900.8,23905.03,23890.02,23890.79,144044
2025-12-30 12:45:00,23890.41,23893.87,23881.55,23891.56,124134
2025-12-30 12:50:00,23891.56,23898.49,23889.64,23897.91,114715
2025-12-30 12:55:00,23897.72,23900.8,23893.87,23896.95,95521
2025-12-30 13:00:00,23897.34,23897.34,23877.32,23889.06,172424
2025-12-30 13:05:00,23889.25,23900.41,23889.25,23899.31,141211
2025-12-30 13:10:00,23899.25,23901.96,23895.03,23898.1,121281
2025-12-30 13:15:00,23898.88,23902.72,23896.18,23902.15,88326
2025-12-30 13:20:00,23901.96,23902.92,23894.64,23897.91,265755
2025-12-30 13:25:00,23897.87,23905.42,23896.57,23903.49,117009
2025-12-30 13:30:00,23903.49,23909.66,23902.34,23905.8,172889
2025-12-30 13:35:00,23905.23,23905.23,23893.48,23895.6,105023
2025-12-30 13:40:00,23895.79,23896.57,23887.33,23895.22,135629
2025-12-30 13:45:00,23895.41,23904.6,23891.37,23903.42,140900
2025-12-30 13:50:00,23903.49,23905.03,23895.79,23896.95,142849
2025-12-30 13:55:00,23897.34,23901.96,23894.59,23898.88,122638
2025-12-30 14:00:00,23898.1,23901.96,23886.94,23886.94,102719
2025-12-30 14:05:00,23886.75,23897.34,23882.71,23892.91,124139
2025-12-30 14:10:00,23892.72,23901.96,23886.55,23901.57,106417
2025-12-30 14:15:00,23901.57,23907.58,23896.95,23907.34,168164
2025-12-30 14:20:00,23906.96,23907.73,23902.92,23905.09,123835
2025-12-30 14:25:00,23905.03,23907.73,23898.88,23901.38,104740
2025-12-30 14:30:00,23901.57,23906.19,23895.75,23898.49,133718
2025-12-30 14:35:00,23898.49,23898.49,23890.79,23895.03,93612
2025-12-30 14:40:00,23895.03,23899.26,23893.1,23894.64,106705
2025-12-30 14:45:00,23894.47,23895.03,23884.63,23885.59,9578482
2025-12-30 14:50:00,23885.4,23888.86,23875.78,23883.3,0
2025-12-30 14:55:00,23883.47,23884.24,23877.32,23881.93,118887
2025-12-30 15:00:00,23881.55,23882.32,23878.47,23881.16,82077
2025-12-30 15:05:00,23881.16,23881.93,23868.46,23871.54,153551
2025-12-30 15:10:00,23871.77,23872.7,23854.6,23864.99,173723
2025-12-30 15:15:00,23864.43,23876.16,23862.68,23874.1,123617
2025-12-30 15:20:00,23873.85,23884.63,23872.7,23883.86,203286
2025-12-30 15:25:00,23883.86,23886.94,23874.81,23874.81,144770
2025-12-30 15:30:00,23874.62,23880.78,23872.31,23880.2,183188
2025-12-30 15:35:00,23880.4,23881.74,23876.93,23880.2,167983
2025-12-30 15:40:00,23880.2,23883.67,23876.54,23878.09,176362
2025-12-30 15:45:00,23878.47,23878.85,23868.46,23870.39,214707
2025-12-30 15:50:00,23869.61,23874.62,23856.14,23858.07,375568
2025-12-30 15:55:00,23858.07,23863.46,23839.78,23847.67,819387
2025-12-30 16:00:00,23847.67,23903.5,23840.74,23842.66,0
2025-12-30 16:05:00,23842.67,23855.37,23842.67,23853.06,0
2025-12-30 16:10:00,23848.05,23857.3,23848.05,23856.52,0
2025-12-30 16:15:00,23856.14,23859.6,23848.05,23859.22,0
2025-12-30 16:20:00,23848.05,23859.22,23848.05,23858.64,0
2025-12-30 16:25:00,23858.84,23858.84,23853.06,23854.22,0
2025-12-30 16:30:00,23855.81,23855.81,23851.71,23852.1,0
2025-12-30 16:35:00,23852.68,23853.45,23851.14,23851.91,0
2025-12-30 16:40:00,23852.68,23858.06,23852.29,23856.51,0
2025-12-30 16:45:00,23856.72,23858.45,23852.29,23854.6,0
2025-12-30 16:50:00,23854.74,23856.91,23848.05,23855.37,0
2025-12-30 16:55:00,23856.14,23856.14,23845.74,23847.28,0
2025-12-30 17:00:00,23846.9,23850.17,23846.9,23848.05,0
2025-12-30 17:05:00,23848.44,23850.36,23847.67,23848.25,0
2025-12-30 17:10:00,23850.75,23853.83,23848.05,23850.17,0
2025-12-30 17:15:00,23849.98,23851.9,23847.67,23849.75,0
2025-12-30 17:20:00,23849.6,23851.14,23848.05,23849.64,0
2025-12-30 17:25:00,23850.56,23852.29,23849.64,23852.29,0
2025-12-30 17:30:00,23851.9,23854.22,23850.75,23851.87,0
2025-12-30 17:35:00,23851.33,23851.9,23850.75,23851.33,0
2025-12-30 17:40:00,23851.84,23851.9,23851.33,23851.33,0
2025-12-30 17:45:00,23851.33,23851.9,23849.6,23850.75,0
2025-12-30 17:50:00,23850.94,23850.94,23848.82,23848.86,0
2025-12-30 17:55:00,23849.6,23850.75,23848.82,23848.84,0
2025-12-30 18:00:00,23850.75,23858.38,23848.63,23853.83,0
2025-12-30 18:05:00,23854.6,23857.68,23854.6,23855.76,0
2025-12-30 18:10:00,23855.56,23856.66,23830.72,23835.55,0
2025-12-30 18:15:00,23834.58,23839.93,23833.81,23835.75,0
2025-12-30 18:20:00,23836.5,23838.95,23834.95,23838.82,0
2025-12-30 18:25:00,23838.82,23842.66,23835.0,23837.66,0
2025-12-30 18:30:00,23836.05,23838.39,23834.58,23834.58,0
2025-12-30 18:35:00,23833.42,23835.74,23818.37,23821.49,0
2025-12-30 18:40:00,23821.82,23830.34,23821.49,23830.34,0
2025-12-30 18:45:00,23829.41,23830.73,23823.8,23826.15,0
2025-12-30 18:50:00,23828.37,23830.34,23826.11,23829.38,0
2025-12-30 18:55:00,23829.52,23830.34,23828.04,23829.96,0
2025-12-31 04:00:00,23744.1,23770.28,23744.1,23769.52,0
2025-12-31 04:05:00,23769.52,23771.05,23762.97,23762.97,0
2025-12-31 04:10:00,23762.97,23762.97,23758.74,23762.59,0
2025-12-31 04:15:00,23767.2,23767.2,23765.28,23765.66,0
2025-12-31 04:20:00,23765.28,23769.13,23760.28,23760.28,0
2025-12-31 04:25:00,23760.66,23760.66,23755.66,23756.04,0
2025-12-31 04:30:00,23757.58,23761.04,23757.58,23761.04,0
2025-12-31 04:35:00,23757.58,23765.28,23757.58,23765.28,0
2025-12-31 04:40:00,23764.51,23764.51,23758.74,23759.5,0
2025-12-31 04:45:00,23759.5,23763.74,23759.5,23760.28,0
2025-12-31 04:50:00,23759.12,23759.5,23756.04,23756.04,0
2025-12-31 04:55:00,23758.35,23758.35,23758.35,23758.35,0
2025-12-31 05:00:00,23754.5,23754.5,23749.5,23753.34,0
2025-12-31 05:05:00,23753.34,23761.43,23751.42,23754.5,0
2025-12-31 05:10:00,23758.35,23762.2,23757.96,23762.2,0
2025-12-31 05:15:00,23765.28,23765.66,23761.82,23764.12,0
2025-12-31 05:20:00,23761.43,23764.12,23761.43,23764.12,0
2025-12-31 05:25:00,23761.04,23771.82,23761.04,23769.9,0
2025-12-31 05:30:00,23773.75,23773.75,23762.97,23765.28,0
2025-12-31 05:35:00,23766.05,23766.05,23763.74,23764.51,0
2025-12-31 05:40:00,23766.82,23766.82,23765.28,23766.05,0
2025-12-31 05:45:00,23765.66,23766.05,23764.51,23765.66,0
2025-12-31 05:50:00,23764.51,23767.98,23763.74,23767.98,0
2025-12-31 06:00:00,23773.36,23779.14,23771.44,23778.37,0
2025-12-31 06:05:00,23778.37,23778.37,23774.9,23774.9,0
2025-12-31 06:10:00,23774.9,23777.6,23773.75,23777.6,0
2025-12-31 06:15:00,23778.37,23782.6,23769.52,23771.44,0
2025-12-31 06:20:00,23774.9,23774.9,23774.52,23774.9,0
2025-12-31 06:25:00,23779.14,23781.06,23779.14,23779.14,0
2025-12-31 06:30:00,23780.3,23784.14,23779.52,23782.6,0
2025-12-31 06:35:00,23784.91,23787.22,23784.91,23786.07,0
2025-12-31 06:40:00,23786.07,23788.76,23784.53,23788.76,0
2025-12-31 06:45:00,23789.15,23789.15,23786.84,23789.15,0
2025-12-31 06:50:00,23789.15,23789.15,23787.22,23787.22,0
2025-12-31 06:55:00,23789.54,23794.92,23789.15,23793.77,0
2025-12-31 07:00:00,23793.38,23798.0,23784.91,23788.0,0
2025-12-31 07:05:00,23789.15,23794.16,23789.15,23794.16,0
2025-12-31 07:10:00,23794.16,23794.16,23790.65,23791.46,0
2025-12-31 07:15:00,23793.0,23803.4,23793.0,23803.4,0
2025-12-31 07:20:00,23803.4,23807.24,23803.4,23806.86,0
2025-12-31 07:25:00,23808.36,23809.94,23807.63,23808.4,0
2025-12-31 07:30:00,23805.7,23810.75,23803.4,23809.94,0
2025-12-31 07:35:00,23812.25,23813.79,23808.02,23808.02,0
2025-12-31 07:40:00,23808.02,23809.55,23803.78,23804.55,0
2025-12-31 07:45:00,23804.55,23808.78,23804.16,23808.78,0
2025-12-31 07:50:00,23807.63,23807.63,23805.32,23805.32,0
2025-12-31 07:55:00,23806.48,23813.4,23806.09,23813.4,0
2025-12-31 08:00:00,23747.91,23815.33,23743.01,23811.48,0
2025-12-31 08:05:00,23810.32,23848.05,23807.73,23809.18,0
2025-12-31 08:10:00,23811.1,23812.25,23807.63,23812.25,0
2025-12-31 08:15:00,23811.86,23820.74,23810.71,23816.48,0
2025-12-31 08:20:00,23816.87,23825.72,23814.59,23825.72,0
2025-12-31 08:25:00,23825.72,23830.34,23823.8,23828.04,0
2025-12-31 08:30:00,23826.11,23833.81,23822.68,23829.0,0
2025-12-31 08:35:00,23829.58,23840.75,23824.96,23839.78,0
2025-12-31 08:40:00,23839.59,23853.06,23838.82,23852.29,0
2025-12-31 08:45:00,23853.45,23861.14,23848.05,23859.22,0
2025-12-31 08:50:00,23859.22,23889.25,23858.45,23879.61,0
2025-12-31 08:55:00,23878.47,23887.71,23874.24,23877.73,0
2025-12-31 09:00:00,23879.62,23891.95,23877.7,23886.55,0
2025-12-31 09:05:00,23886.55,23888.45,23879.62,23879.98,0
2025-12-31 09:10:00,23879.05,23881.94,23874.62,23877.17,0
2025-12-31 09:15:00,23876.54,23877.32,23870.77,23871.54,0
2025-12-31 09:20:00,23872.29,23877.7,23870.0,23870.02,0
2025-12-31 09:25:00,23870.0,23874.04,23855.76,23857.68,0
2025-12-31 09:30:00,23860.38,23868.46,23830.65,23844.21,1028171
2025-12-31 09:35:00,23843.43,23859.6,23794.73,23812.25,691858
2025-12-31 09:40:00,23812.25,23813.41,23792.81,23801.47,437727
2025-12-31 09:45:00,23801.85,23807.63,23767.25,23787.99,471906
2025-12-31 09:50:00,23787.99,23811.48,23776.45,23810.33,502490
2025-12-31 09:55:00,23810.71,23816.48,23782.99,23789.92,355974
2025-12-31 10:00:00,23790.3,23798.01,23779.14,23794.54,305918
2025-12-31 10:05:00,23794.54,23800.7,23786.07,23791.46,240859
2025-12-31 10:10:00,23791.46,23794.92,23769.13,23787.99,315631
2025-12-31 10:15:00,23787.99,23794.29,23755.66,23765.28,345880
2025-12-31 10:20:00,23765.66,23783.38,23762.97,23772.98,273509
2025-12-31 10:25:00,23772.59,23793.77,23771.83,23786.84,223565
2025-12-31 10:30:00,23786.46,23792.61,23772.98,23779.91,297205
2025-12-31 10:35:00,23779.14,23782.22,23765.28,23771.44,243696
2025-12-31 10:40:00,23770.28,23776.47,23761.43,23774.14,372749
2025-12-31 10:45:00,23774.14,23774.91,23763.93,23773.36,150114
2025-12-31 10:50:00,23773.36,23773.36,23754.5,23755.08,156402
2025-12-31 10:55:00,23754.89,23757.19,23733.33,23744.68,368238
2025-12-31 11:00:00,23743.53,23756.42,23742.57,23752.58,228271
2025-12-31 11:05:00,23752.11,23757.0,23747.57,23750.27,153781
2025-12-31 11:10:00,23750.27,23754.5,23745.26,23751.61,192445
2025-12-31 11:15:00,23751.23,23764.9,23751.23,23764.9,195611
2025-12-31 11:20:00,23764.61,23770.67,23758.93,23767.21,139268
2025-12-31 11:25:00,23767.21,23782.99,23766.82,23782.22,333363
2025-12-31 11:30:00,23782.6,23783.18,23763.16,23765.47,183641
2025-12-31 11:35:00,23765.28,23776.06,23762.37,23774.33,123097
2025-12-31 11:40:00,23774.14,23774.14,23759.51,23765.86,122972
2025-12-31 11:45:00,23765.66,23768.17,23759.12,23764.9,122111
2025-12-31 11:50:00,23764.9,23778.76,23762.59,23777.22,145135
2025-12-31 11:55:00,23777.22,23791.84,23777.22,23789.74,171987
2025-12-31 12:00:00,23789.53,23790.69,23782.22,23782.53,154051
2025-12-31 12:05:00,23782.47,23784.53,23757.58,23758.35,391422
2025-12-31 12:10:00,23759.5,23768.55,23756.04,23767.21,185791
2025-12-31 12:15:00,23767.9,23777.98,23765.09,23775.52,128613
2025-12-31 12:20:00,23775.29,23775.29,23764.12,23767.97,108920
2025-12-31 12:25:00,23767.97,23776.64,23764.51,23773.17,81323
2025-12-31 12:30:00,23772.98,23783.76,23771.05,23782.99,403548
2025-12-31 12:35:00,23782.22,23789.53,23776.06,23777.6,186329
2025-12-31 12:40:00,23777.6,23781.07,23770.67,23780.29,99925
2025-12-31 12:45:00,23780.49,23781.84,23771.44,23771.82,83236
2025-12-31 12:50:00,23771.05,23773.17,23762.59,23770.28,135685
2025-12-31 12:55:00,23770.67,23770.67,23759.51,23768.25,112132
2025-12-31 13:00:00,23767.97,23772.41,23762.2,23769.32,91133
2025-12-31 13:05:00,23769.13,23777.41,23760.66,23775.63,103673
2025-12-31 13:10:00,23775.29,23787.22,23772.98,23787.22,127923
2025-12-31 13:15:00,23787.61,23789.15,23771.05,23771.83,136254
2025-12-31 13:20:00,23771.83,23775.98,23770.78,23772.59,66465
2025-12-31 13:25:00,23773.36,23788.38,23771.83,23787.23,135752
2025-12-31 13:30:00,23787.61,23789.95,23781.45,23789.92,117145
2025-12-31 13:35:00,23789.92,23792.23,23784.16,23787.8,106611
2025-12-31 13:40:00,23788.38,23807.82,23788.38,23800.7,214045
2025-12-31 13:45:00,23801.09,23809.94,23798.01,23803.78,181669
2025-12-31 13:50:00,23803.59,23809.94,23800.7,23809.94,133851
2025-12-31 13:55:00,23809.17,23811.48,23795.7,23798.01,9387690
2025-12-31 14:00:00,23797.62,23816.1,23797.62,23809.55,0
2025-12-31 14:05:00,23809.55,23810.71,23800.7,23806.09,110176
2025-12-31 14:10:00,23806.09,23807.24,23801.09,23803.01,90093
2025-12-31 14:15:00,23802.82,23803.4,23783.76,23785.68,147224
2025-12-31 14:20:00,23785.68,23786.9,23774.14,23784.15,221739
2025-12-31 14:25:00,23784.15,23784.15,23766.36,23767.59,187253
2025-12-31 14:30:00,23767.59,23770.67,23725.82,23726.4,316799
2025-12-31 14:35:00,23726.78,23751.42,23726.01,23734.48,366797
2025-12-31 14:40:00,23734.09,23748.34,23733.33,23738.72,190689
2025-12-31 14:45:00,23738.48,23744.49,23733.33,23735.64,153904
2025-12-31 14:50:00,23734.86,23738.72,23723.32,23726.78,186968
2025-12-31 14:55:00,23727.16,23733.33,23724.47,23727.16,180937
2025-12-31 15:00:00,23726.78,23730.24,23699.06,23706.76,482321
2025-12-31 15:05:00,23706.76,23717.92,23690.97,23696.2,298121
2025-12-31 15:10:00,23695.98,23695.98,23679.04,23692.52,335889
2025-12-31 15:15:00,23692.9,23705.23,23689.82,23699.06,281260
2025-12-31 15:20:00,23699.06,23699.06,23675.58,23683.66,393084
2025-12-31 15:25:00,23683.28,23686.93,23667.88,23672.76,370249
2025-12-31 15:30:00,23672.88,23702.14,23666.72,23693.02,396463
2025-12-31 15:35:00,23692.71,23705.99,23690.4,23690.97,252418
2025-12-31 15:40:00,23691.36,23699.45,23680.97,23698.67,497860
2025-12-31 15:45:00,23698.67,23701.6,23675.19,23675.96,889301
2025-12-31 15:50:00,23675.58,23687.9,23669.03,23673.84,757636
2025-12-31 15:55:00,23674.03,23690.4,23640.92,23649.78,1970064
2025-12-31 16:00:00,23649.01,23848.05,23642.85,23652.9,0
2025-12-31 16:05:00,23653.63,23657.86,23638.22,23643.62,0
2025-12-31 16:10:00,23650.94,23653.63,23642.84,23653.25,0
2025-12-31 16:15:00,23653.63,23653.63,23639.0,23646.32,0
2025-12-31 16:20:00,23650.94,23650.94,23639.77,23639.77,0
2025-12-31 16:25:00,23639.46,23644.74,23636.69,23641.31,0
2025-12-31 16:30:00,23640.92,23641.31,23633.61,23637.04,0
2025-12-31 16:35:00,23637.08,23639.77,23636.31,23637.08,0
2025-12-31 16:40:00,23636.88,23640.54,23636.88,23639.77,0
2025-12-31 16:45:00,23639.0,23640.92,23631.68,23636.22,0
2025-12-31 16:50:00,23636.3,23650.94,23635.54,23640.16,0
2025-12-31 16:55:00,23640.54,23650.94,23627.84,23632.46,0
2025-12-31 17:00:00,23630.91,23650.94,23630.63,23635.92,0
2025-12-31 17:05:00,23636.3,23638.62,23634.76,23637.84,0
2025-12-31 17:10:00,23637.08,23637.84,23632.84,23633.8,0
2025-12-31 17:15:00,23634.38,23639.0,23631.3,23637.45,0
2025-12-31 17:20:00,23637.46,23650.94,23634.0,23637.84,0
2025-12-31 17:25:00,23638.23,23642.85,23387.72,23642.66,0
2025-12-31 17:30:00,23642.66,23645.93,23639.0,23645.93,0
2025-12-31 17:35:00,23644.97,23648.62,23643.28,23647.47,0
2025-12-31 17:40:00,23647.86,23648.62,23647.47,23647.86,0
2025-12-31 17:45:00,23648.24,23648.62,23647.47,23647.86,0
2025-12-31 17:50:00,23647.47,23650.94,23647.47,23650.55,0
2025-12-31 17:55:00,23650.55,23650.94,23648.62,23649.78,0
2025-12-31 18:00:00,23649.78,23652.48,23649.4,23650.94,0
2025-12-31 18:05:00,23650.94,23652.86,23649.4,23650.94,0
2025-12-31 18:10:00,23649.4,23652.48,23648.61,23650.74,0
2025-12-31 18:15:00,23652.48,23652.48,23649.01,23649.37,0
2025-12-31 18:20:00,23649.97,23652.48,23649.32,23650.94,0
2025-12-31 18:25:00,23650.94,23652.09,23649.4,23649.78,0
2025-12-31 18:30:00,23649.78,23650.94,23648.62,23648.62,0
2025-12-31 18:35:00,23650.52,23650.94,23648.62,23650.18,0
2025-12-31 18:40:00,23650.94,23651.7,23650.16,23650.88,0
2025-12-31 18:45:00,23650.94,23651.7,23648.68,23650.15,0
2025-12-31 18:50:00,23649.75,23649.78,23647.86,23649.2,0
2025-12-31 18:55:00,23649.2,23651.7,23648.65,23651.7,0
2026-01-02 04:00:00,23891.95,23908.5,23890.79,23898.49,0
2026-01-02 04:05:00,23902.72,23910.42,23898.49,23908.12,0
2026-01-02 04:10:00,23910.42,23921.2,23910.42,23916.97,0
2026-01-02 04:15:00,23912.35,23912.35,23900.8,23908.12,0
2026-01-02 04:20:00,23910.42,23912.35,23903.5,23903.5,0
2026-01-02 04:25:00,23905.04,23915.43,23901.96,23915.04,0
2026-01-02 04:30:00,23916.2,23916.2,23908.12,23910.04,0
2026-01-02 04:35:00,23911.58,23914.66,23910.04,23913.89,0
2026-01-02 04:40:00,23914.28,23916.2,23912.74,23915.43,0
2026-01-02 04:45:00,23915.43,23917.36,23907.73,23908.5,0
2026-01-02 04:50:00,23911.96,23912.35,23906.19,23912.35,0
2026-01-02 04:55:00,23914.28,23919.66,23907.73,23916.2,0
2026-01-02 05:00:00,23919.66,23920.05,23912.35,23913.5,0
2026-01-02 05:05:00,23913.5,23914.28,23908.12,23908.12,0
2026-01-02 05:10:00,23912.35,23919.28,23912.35,23912.35,0
2026-01-02 05:15:00,23912.35,23918.51,23910.81,23910.81,0
2026-01-02 05:20:00,23911.2,23911.58,23899.26,23902.34,0
2026-01-02 05:25:00,23899.64,23904.26,23897.72,23901.57,0
2026-01-02 05:30:00,23901.96,23902.72,23893.1,23894.26,0
2026-01-02 05:35:00,23895.02,23901.57,23895.02,23901.57,0
2026-01-02 05:40:00,23900.8,23908.12,23900.8,23907.73,0
2026-01-02 05:45:00,23907.73,23919.28,23907.73,23919.28,0
2026-01-02 05:50:00,23918.9,23918.9,23915.04,23916.97,0
2026-01-02 05:55:00,23916.97,23918.12,23912.35,23913.89,0
2026-01-02 06:00:00,23913.89,23924.67,23913.89,23920.82,0
2026-01-02 06:05:00,23920.82,23920.82,23915.04,23915.82,0
2026-01-02 06:10:00,23917.74,23920.05,23916.2,23918.51,0
2026-01-02 06:15:00,23918.51,23919.66,23908.12,23908.12,0
2026-01-02 06:20:00,23907.34,23909.66,23904.65,23906.19,0
2026-01-02 06:25:00,23906.58,23906.96,23900.41,23901.18,0
2026-01-02 06:30:00,23903.5,23907.34,23903.5,23905.04,0
2026-01-02 06:35:00,23907.34,23911.2,23907.34,23907.73,0
2026-01-02 06:40:00,23907.73,23912.74,23906.58,23911.2,0
2026-01-02 06:45:00,23910.81,23913.12,23910.04,23912.74,0
2026-01-02 06:50:00,23913.12,23913.12,23908.5,23908.5,0
2026-01-02 06:55:00,23906.96,23912.35,23902.72,23911.2,0
2026-01-02 07:00:00,23910.42,23910.42,23884.24,23889.29,0
2026-01-02 07:05:00,23887.75,23889.64,23878.47,23878.86,0
2026-01-02 07:10:00,23878.09,23879.24,23869.23,23876.58,0
2026-01-02 07:15:00,23881.94,23885.78,23880.78,23883.51,0
2026-01-02 07:20:00,23883.48,23883.51,23877.32,23878.43,0
2026-01-02 07:25:00,23876.93,23882.7,23875.78,23882.7,0
2026-01-02 07:30:00,23880.4,23888.86,23880.4,23883.48,0
2026-01-02 07:35:00,23881.55,23881.55,23874.62,23880.01,0
2026-01-02 07:40:00,23880.01,23889.64,23877.32,23888.1,0
2026-01-02 07:45:00,23888.48,23890.02,23884.24,23884.63,0
2026-01-02 07:50:00,23885.4,23887.71,23880.01,23884.63,0
2026-01-02 07:55:00,23884.63,23888.86,23881.55,23886.94,0
2026-01-02 08:00:00,23902.72,23924.35,23803.43,23883.49,0
2026-01-02 08:05:00,23883.86,23891.56,23650.94,23883.86,0
2026-01-02 08:10:00,23885.02,23891.18,23882.32,23887.69,0
2026-01-02 08:15:00,23887.32,23892.33,23882.35,23888.86,0
2026-01-02 08:20:00,23888.86,23891.95,23878.47,23880.01,0
2026-01-02 08:25:00,23880.4,23884.05,23875.0,23882.7,0
2026-01-02 08:30:00,23882.32,23886.55,23875.39,23879.62,0
2026-01-02 08:35:00,23878.09,23887.71,23876.54,23877.32,0
2026-01-02 08:40:00,23878.09,23885.02,23875.56,23879.24,0
2026-01-02 08:45:00,23880.01,23886.17,23650.94,23876.16,0
2026-01-02 08:50:00,23875.78,23879.24,23869.23,23870.4,0
2026-01-02 08:55:00,23870.38,23886.17,23866.91,23878.42,0
2026-01-02 09:00:00,23877.7,23891.02,23875.0,23889.64,0
2026-01-02 09:05:00,23889.64,23890.77,23873.85,23879.05,0
2026-01-02 09:10:00,23879.62,23881.55,23861.34,23861.91,0
2026-01-02 09:15:00,23861.53,23868.08,23856.52,23858.06,0
2026-01-02 09:20:00,23857.3,23866.92,23851.33,23864.61,0
2026-01-02 09:25:00,23864.22,23881.94,23859.22,23872.7,0
2026-01-02 09:30:00,23872.7,23915.43,23843.24,23865.96,1791738
2026-01-02 09:35:00,23866.15,23888.86,23839.97,23841.12,922834
2026-01-02 09:40:00,23841.12,23882.71,23827.65,23876.93,622358
2026-01-02 09:45:00,23876.54,23954.32,23875.78,23934.68,1025560
2026-01-02 09:50:00,23936.22,23979.72,23913.12,23926.13,562967
2026-01-02 09:55:00,23925.44,23936.22,23910.81,23915.82,346294
2026-01-02 10:00:00,23915.82,23957.4,23913.89,23920.05,547019
2026-01-02 10:05:00,23919.28,23921.97,23880.01,23885.02,417852
2026-01-02 10:10:00,23883.47,23890.41,23786.84,23795.7,817308
2026-01-02 10:15:00,23796.27,23798.39,23747.96,23772.21,890068
2026-01-02 10:20:00,23772.59,23774.14,23682.51,23688.09,1032994
2026-01-02 10:25:00,23687.9,23709.46,23662.48,23693.28,875596
2026-01-02 10:30:00,23693.28,23745.65,23674.03,23738.33,907796
2026-01-02 10:35:00,23737.95,23760.47,23719.47,23753.34,522104
2026-01-02 10:40:00,23753.73,23797.62,23746.41,23777.98,531820
2026-01-02 10:45:00,23778.37,23787.8,23727.55,23728.32,542392
2026-01-02 10:50:00,23730.63,23731.78,23648.62,23682.89,872596
2026-01-02 10:55:00,23682.51,23695.59,23573.93,23587.6,1014165
2026-01-02 11:00:00,23588.18,23590.88,23549.68,23565.85,899349
2026-01-02 11:05:00,23563.92,23578.17,23539.28,23577.4,1013186
2026-01-02 11:10:00,23577.02,23593.57,23513.88,23592.03,1256966
2026-01-02 11:15:00,23592.03,23616.67,23548.53,23562.77,704758
2026-01-02 11:20:00,23563.54,23607.43,23546.22,23600.31,562493
2026-01-02 11:25:00,23599.73,23617.94,23582.02,23591.26,399818
2026-01-02 11:30:00,23590.1,23636.11,23580.45,23628.6,370048
2026-01-02 11:35:00,23628.99,23635.92,23593.96,23597.8,417500
2026-01-02 11:40:00,23597.42,23602.42,23577.02,23580.48,365006
2026-01-02 11:45:00,23580.48,23594.34,23567.39,23576.63,280234
2026-01-02 11:50:00,23575.86,23583.17,23523.5,23535.43,413344
2026-01-02 11:55:00,23536.59,23562.0,23532.74,23560.08,363783
2026-01-02 12:00:00,23558.15,23565.08,23535.43,23546.21,258984
2026-01-02 12:05:00,23545.83,23578.17,23545.83,23563.92,262496
2026-01-02 12:10:00,23562.77,23615.52,23562.39,23609.74,390287
2026-01-02 12:15:00,23609.74,23616.86,23595.88,23596.46,238626
2026-01-02 12:20:00,23595.88,23602.04,23581.25,23592.41,227173
2026-01-02 12:25:00,23591.65,23600.88,23577.78,23600.88,191918
2026-01-02 12:30:00,23600.89,23613.48,23585.48,23591.26,197120
2026-01-02 12:35:00,23591.26,23600.11,23577.4,23585.1,190602
2026-01-02 12:40:00,23585.1,23599.13,23577.4,23587.79,146444
2026-01-02 12:45:00,23588.57,23598.58,23540.44,23550.07,279471
2026-01-02 12:50:00,23549.68,23559.69,23538.9,23555.84,283361
2026-01-02 12:55:00,23555.46,23567.01,23533.51,23545.06,347281
2026-01-02 13:00:00,23543.52,23569.75,23540.83,23562.0,164670
2026-01-02 13:05:00,23561.61,23567.01,23539.28,23550.07,154706
2026-01-02 13:10:00,23550.45,23561.34,23535.05,23536.97,222342
2026-01-02 13:15:00,23537.36,23569.7,23529.28,23565.66,241945
2026-01-02 13:20:00,23565.66,23581.06,23553.91,23555.84,156675
2026-01-02 13:25:00,23556.99,23563.16,23543.14,23552.76,144643
2026-01-02 13:30:00,23552.38,23555.07,23537.36,23543.91,129163
2026-01-02 13:35:00,23544.67,23565.47,23537.94,23554.3,240071
2026-01-02 13:40:00,23553.53,23558.5,23541.98,23557.77,115607
2026-01-02 13:45:00,23558.15,23569.32,23506.95,23509.64,292555
2026-01-02 13:50:00,23509.26,23520.03,23490.78,23517.46,524426
2026-01-02 13:55:00,23517.72,23518.11,23496.93,23517.34,275090
2026-01-02 14:00:00,23517.25,23542.36,23512.34,23540.83,248305
2026-01-02 14:05:00,23540.83,23578.94,23540.05,23575.47,365808
2026-01-02 14:10:00,23575.09,23608.2,23568.16,23600.89,304177
2026-01-02 14:15:00,23600.89,23609.35,23586.06,23590.1,392618
2026-01-02 14:20:00,23590.1,23624.37,23580.09,23620.14,279213
2026-01-02 14:25:00,23621.67,23631.68,23609.35,23623.22,225331
2026-01-02 14:30:00,23623.22,23654.4,23622.45,23650.16,689245
2026-01-02 14:35:00,23649.78,23660.17,23637.27,23650.93,274833
2026-01-02 14:40:00,23651.32,23665.57,23644.01,23645.35,281779
2026-01-02 14:45:00,23645.16,23653.82,23633.99,23645.16,263272
2026-01-02 14:50:00,23646.32,23647.47,23619.75,23631.68,254364
2026-01-02 14:55:00,23632.07,23633.61,23603.0,23614.36,263140
2026-01-02 15:00:00,23613.97,23632.84,23603.97,23623.79,190446
2026-01-02 15:05:00,23623.22,23630.53,23614.74,23627.07,222160
2026-01-02 15:10:00,23627.84,23646.32,23627.45,23633.22,197543
2026-01-02 15:15:00,23633.22,23655.17,23628.99,23654.78,215573
2026-01-02 15:20:00,23654.78,23660.17,23642.85,23646.7,246371
2026-01-02 15:25:00,23646.7,23655.17,23632.84,23643.23,171967
2026-01-02 15:30:00,23642.85,23651.32,23627.84,23629.38,375022
2026-01-02 15:35:00,23629.21,23645.16,23626.88,23628.22,217871
2026-01-02 15:40:00,23628.22,23628.6,23606.85,23608.59,311230
2026-01-02 15:45:00,23608.59,23615.52,23586.26,23596.65,443625
2026-01-02 15:50:00,23595.49,23618.21,23590.1,23595.49,23028289
2026-01-02 15:55:00,23595.49,23612.82,23581.25,23603.97,0
2026-01-02 16:00:00,23603.96,23650.94,23602.81,23609.36,0
2026-01-02 16:05:00,23609.36,23618.21,23605.12,23616.28,0
2026-01-02 16:10:00,23617.05,23618.02,23597.42,23610.9,0
2026-01-02 16:15:00,23612.44,23612.44,23605.12,23608.97,0
2026-01-02 16:20:00,23608.59,23612.05,23607.82,23610.12,0
2026-01-02 16:25:00,23610.12,23611.66,23608.97,23610.9,0
2026-01-02 16:30:00,23610.32,23615.52,23610.32,23614.94,0
2026-01-02 16:35:00,23614.94,23615.9,23605.12,23613.98,0
2026-01-02 16:40:00,23613.98,23615.52,23612.44,23615.09,0
2026-01-02 16:45:00,23614.74,23615.13,23606.85,23607.43,0
2026-01-02 16:50:00,23605.5,23605.5,23597.04,23601.66,0
2026-01-02 16:55:00,23600.88,23611.28,23599.73,23610.12,0
2026-01-02 17:00:00,23610.12,23611.66,23602.42,23608.59,0
2026-01-02 17:05:00,23608.59,23610.12,23606.28,23609.74,0
2026-01-02 17:10:00,23609.16,23609.9,23607.06,23607.82,0
2026-01-02 17:15:00,23608.2,23610.12,23605.12,23609.16,0
2026-01-02 17:20:00,23609.16,23610.12,23606.28,23609.32,0
2026-01-02 17:25:00,23609.32,23609.74,23602.04,23607.82,0
2026-01-02 17:30:00,23606.66,23608.2,23605.12,23606.66,0
2026-01-02 17:35:00,23605.89,23606.28,23600.5,23604.74,0
2026-01-02 17:40:00,23604.35,23607.04,23603.77,23603.77,0
2026-01-02 17:45:00,23603.77,23609.74,23603.58,23606.66,0
2026-01-02 17:50:00,23606.66,23609.74,23606.66,23606.72,0
2026-01-02 17:55:00,23606.66,23610.9,23603.0,23610.9,0
2026-01-02 18:00:00,23611.28,23613.2,23604.8,23611.66,0
2026-01-02 18:05:00,23611.66,25144.77,23603.2,23611.59,0
2026-01-02 18:10:00,23610.12,23615.9,23604.35,23614.9,0
2026-01-02 18:15:00,23614.63,23614.63,23606.28,23612.05,0
2026-01-02 18:20:00,23612.05,23614.74,23608.2,23610.32,0
2026-01-02 18:25:00,23610.32,23612.05,23608.59,23608.59,0
2026-01-02 18:30:00,23610.32,23612.05,23608.66,23610.12,0
2026-01-02 18:35:00,23610.32,23611.66,23608.97,23611.28,0
2026-01-02 18:40:00,23611.28,23615.13,23611.28,23613.4,0
2026-01-02 18:45:00,23615.13,23618.98,23612.05,23618.21,0
2026-01-02 18:50:00,23618.98,23618.98,23617.44,23617.48,0
2026-01-02 18:55:00,23618.86,23618.98,23617.44,23618.96,0
2026-01-05 04:00:00,23716.38,23737.18,23716.38,23737.18,0
2026-01-05 04:05:00,23739.1,23741.41,23729.09,23733.71,0
2026-01-05 04:10:00,23734.48,23737.18,23727.55,23734.1,0
2026-01-05 04:15:00,23731.4,23732.94,23725.62,23732.94,0
2026-01-05 04:20:00,23733.32,23739.87,23720.62,23720.62,0
2026-01-05 04:25:00,23719.08,23719.08,23708.3,23711.38,0
2026-01-05 04:30:00,23711.0,23720.62,23709.07,23718.31,0
2026-01-05 04:35:00,23722.54,23728.7,23719.08,23728.7,0
2026-01-05 04:40:00,23730.63,23735.25,23722.54,23726.4,0
2026-01-05 04:45:00,23729.09,23731.78,23719.85,23719.85,0
2026-01-05 04:50:00,23726.4,23733.71,23726.01,23726.01,0
2026-01-05 04:55:00,23726.4,23726.4,23718.7,23723.32,0
2026-01-05 05:00:00,23726.01,23732.55,23724.09,23732.55,0
2026-01-05 05:05:00,23733.71,23742.95,23733.71,23741.41,0
2026-01-05 05:10:00,23739.1,23753.34,23739.1,23749.88,0
2026-01-05 05:15:00,23750.65,23756.81,23750.26,23754.88,0
2026-01-05 05:20:00,23757.2,23760.66,23755.66,23757.96,0
2026-01-05 05:25:00,23758.35,23761.43,23752.96,23753.34,0
2026-01-05 05:30:00,23751.8,23754.5,23747.96,23754.5,0
2026-01-05 05:35:00,23750.26,23752.96,23744.1,23746.41,0
2026-01-05 05:40:00,23746.41,23754.5,23746.03,23749.5,0
2026-01-05 05:45:00,23754.5,23764.12,23754.5,23759.5,0
2026-01-05 05:50:00,23761.43,23762.2,23754.5,23762.2,0
2026-01-05 05:55:00,23763.36,23766.05,23758.35,23761.82,0
2026-01-05 06:00:00,23761.04,23766.44,23761.04,23766.05,0
2026-01-05 06:05:00,23764.9,23770.28,23753.34,23753.34,0
2026-01-05 06:10:00,23756.42,23762.2,23756.04,23762.2,0
2026-01-05 06:15:00,23763.36,23764.51,23761.04,23763.74,0
2026-01-05 06:20:00,23763.74,23774.14,23763.74,23768.74,0
2026-01-05 06:25:00,23770.67,23772.98,23757.2,23757.58,0
2026-01-05 06:30:00,23756.81,23771.44,23756.81,23766.44,0
2026-01-05 06:35:00,23770.67,23777.6,23769.9,23774.14,0
2026-01-05 06:40:00,23776.45,23777.98,23772.6,23774.52,0
2026-01-05 06:45:00,23772.6,23779.14,23772.21,23778.37,0
2026-01-05 06:50:00,23778.76,23783.76,23776.45,23776.45,0
2026-01-05 06:55:00,23777.22,23779.52,23774.14,23774.52,0
2026-01-05 07:00:00,23776.06,23791.46,23771.82,23771.82,0
2026-01-05 07:05:00,23772.6,23785.3,23768.74,23777.6,0
2026-01-05 07:10:00,23777.6,23781.1,23774.56,23775.68,0
2026-01-05 07:15:00,23776.41,23777.98,23773.75,23777.98,0
2026-01-05 07:20:00,23780.3,23782.6,23776.45,23776.83,0
2026-01-05 07:25:00,23776.83,23776.83,23766.05,23767.98,0
2026-01-05 07:30:00,23767.59,23775.68,23760.28,23769.52,0
2026-01-05 07:35:00,23769.52,23777.6,23769.52,23775.29,0
2026-01-05 07:40:00,23775.68,23775.68,23754.5,23759.12,0
2026-01-05 07:45:00,23757.58,23764.12,23753.73,23763.36,0
2026-01-05 07:50:00,23762.97,23768.36,23755.66,23764.9,0
2026-01-05 07:55:00,23762.2,23769.9,23762.2,23764.51,0
2026-01-05 08:00:00,23766.44,23790.69,23673.75,23766.66,0
2026-01-05 08:05:00,23605.12,23767.59,23587.45,23755.27,0
2026-01-05 08:10:00,23755.25,23778.02,23605.12,23769.13,0
2026-01-05 08:15:00,23769.52,23770.12,23759.89,23759.89,0
2026-01-05 08:20:00,23760.24,23760.24,23627.45,23737.18,0
2026-01-05 08:25:00,23737.18,23749.5,23732.55,23747.38,0
2026-01-05 08:30:00,23748.34,23766.44,23748.34,23766.44,0
2026-01-05 08:35:00,23767.59,23770.67,23759.39,23763.55,0
2026-01-05 08:40:00,23763.36,23763.74,23750.65,23755.67,0
2026-01-05 08:45:00,23755.66,23773.75,23753.73,23771.44,0
2026-01-05 08:50:00,23771.44,23777.02,23767.59,23773.75,0
2026-01-05 08:55:00,23773.75,23795.7,23773.75,23781.84,0
2026-01-05 09:00:00,23782.6,23819.18,23781.45,23818.99,0
2026-01-05 09:05:00,23818.41,23819.16,23798.58,23800.7,0
2026-01-05 09:10:00,23801.66,23814.95,23799.93,23810.33,0
2026-01-05 09:15:00,23810.32,23823.03,23809.94,23823.03,0
2026-01-05 09:20:00,23823.41,23826.89,23817.64,23826.5,0
2026-01-05 09:25:00,23825.72,23846.9,23821.49,23846.13,0
2026-01-05 09:30:00,23858.07,23862.68,23784.91,23792.23,2601977
2026-01-05 09:35:00,23791.84,23807.89,23756.04,23772.59,839128
2026-01-05 09:40:00,23773.36,23813.98,23743.72,23803.4,752484
2026-01-05 09:45:00,23803.4,23832.27,23765.28,23799.16,661595
2026-01-05 09:50:00,23798.39,23823.41,23776.83,23807.63,567133
2026-01-05 09:55:00,23808.4,23821.24,23772.21,23795.31,555224
2026-01-05 10:00:00,23796.85,23838.42,23770.28,23833.42,484446
2026-01-05 10:05:00,23834.58,23848.83,23818.03,23844.59,440618
2026-01-05 10:10:00,23845.74,23849.21,23824.57,23838.04,437730
2026-01-05 10:15:00,23839.97,23858.84,23825.72,23858.45,360522
2026-01-05 10:20:00,23858.84,23860.38,23837.66,23859.22,293761
2026-01-05 10:25:00,23858.84,23878.85,23833.81,23869.23,459714
2026-01-05 10:30:00,23870.0,23885.02,23863.84,23879.24,345042
2026-01-05 10:35:00,23878.85,23882.32,23847.67,23852.64,336211
2026-01-05 10:40:00,23851.89,23868.08,23836.12,23839.59,337155
2026-01-05 10:45:00,23839.59,23859.22,23839.2,23853.45,162679
2026-01-05 10:50:00,23853.83,23864.61,23841.9,23851.14,289139
2026-01-05 10:55:00,23851.14,23867.3,23839.97,23861.53,283617
2026-01-05 11:00:00,23861.53,23870.0,23849.21,23865.77,238896
2026-01-05 11:05:00,23866.15,23886.94,23859.22,23881.93,370853
2026-01-05 11:10:00,23881.55,23890.79,23868.84,23868.84,380130
2026-01-05 11:15:00,23868.84,23880.4,23864.99,23872.31,256105
2026-01-05 11:20:00,23872.7,23883.67,23870.0,23880.78,274110
2026-01-05 11:25:00,23880.01,23885.02,23876.54,23879.24,186287
2026-01-05 11:30:00,23878.85,23890.98,23872.7,23873.47,279974
2026-01-05 11:35:00,23873.47,23886.94,23870.39,23881.36,263697
2026-01-05 11:40:00,23881.55,23882.51,23859.6,23876.16,262611
2026-01-05 11:45:00,23876.16,23899.65,23874.62,23895.41,295216
2026-01-05 11:50:00,23895.79,23901.18,23873.48,23877.32,305253
2026-01-05 11:55:00,23877.32,23879.24,23854.98,23856.53,288601
2026-01-05 12:00:00,23856.91,23869.61,23851.14,23860.76,324152
2026-01-05 12:05:00,23862.3,23865.77,23847.67,23852.67,214821
2026-01-05 12:10:00,23853.45,23869.61,23842.66,23868.27,203681
2026-01-05 12:15:00,23868.46,23869.23,23843.05,23847.28,202959
2026-01-05 12:20:00,23846.13,23848.44,23827.65,23831.5,244034
2026-01-05 12:25:00,23831.11,23831.89,23816.83,23828.42,335715
2026-01-05 12:30:00,23829.58,23830.34,23809.55,23816.87,275155
2026-01-05 12:35:00,23817.26,23832.66,23815.14,23826.88,225827
2026-01-05 12:40:00,23826.88,23831.89,23813.41,23815.72,250510
2026-01-05 12:45:00,23814.95,23835.35,23813.02,23827.65,233551
2026-01-05 12:50:00,23828.03,23829.38,23813.21,23821.49,169466
2026-01-05 12:55:00,23821.49,23830.73,23817.26,23827.65,112316
2026-01-05 13:00:00,23826.88,23832.66,23819.95,23827.27,144193
2026-01-05 13:05:00,23827.27,23828.42,23793.0,23805.71,263548
2026-01-05 13:10:00,23805.71,23810.33,23795.7,23800.32,179439
2026-01-05 13:15:00,23800.7,23800.7,23764.12,23782.8,504784
2026-01-05 13:20:00,23782.6,23802.62,23771.83,23802.24,292110
2026-01-05 13:25:00,23802.24,23809.55,23794.92,23807.82,194392
2026-01-05 13:30:00,23808.02,23817.26,23803.95,23809.32,178787
2026-01-05 13:35:00,23809.55,23812.25,23793.0,23809.17,176261
2026-01-05 13:40:00,23809.17,23821.49,23807.24,23819.57,197426
2026-01-05 13:45:00,23820.34,23826.11,23818.79,23818.79,243286
2026-01-05 13:50:00,23819.18,23819.18,23810.33,23813.79,178532
2026-01-05 13:55:00,23813.41,23816.87,23808.57,23814.75,151211
2026-01-05 14:00:00,23814.95,23819.57,23812.25,23817.26,121549
2026-01-05 14:05:00,23817.64,23817.64,23804.55,23809.17,150805
2026-01-05 14:10:00,23808.78,23809.55,23795.7,23803.78,162611
2026-01-05 14:15:00,23803.78,23806.47,23798.78,23802.62,328096
2026-01-05 14:20:00,23802.43,23805.08,23795.31,23796.08,199768
2026-01-05 14:25:00,23796.47,23801.85,23787.61,23789.15,249435
2026-01-05 14:30:00,23789.15,23794.54,23785.68,23789.92,135245
2026-01-05 14:35:00,23790.12,23791.84,23769.9,23776.45,178792
2026-01-05 14:40:00,23775.67,23775.67,23756.04,23768.36,272723
2026-01-05 14:45:00,23767.97,23787.99,23767.97,23780.68,225542
2026-01-05 14:50:00,23780.87,23781.42,23771.05,23777.98,145121
2026-01-05 14:55:00,23778.37,23791.08,23776.83,23781.45,170742
2026-01-05 15:00:00,23781.45,23782.99,23771.83,23776.45,570600
2026-01-05 15:05:00,23776.83,23796.85,23772.98,23795.7,289097
2026-01-05 15:10:00,23795.7,23805.95,23794.16,23803.01,215302
2026-01-05 15:15:00,23802.62,23807.63,23798.39,23800.7,134037
2026-01-05 15:20:00,23799.93,23803.01,23795.7,23801.93,121410
2026-01-05 15:25:00,23801.85,23804.93,23797.62,23802.62,144476
2026-01-05 15:30:00,23802.62,23807.24,23794.16,23799.16,332833
2026-01-05 15:35:00,23800.12,23805.71,23799.93,23803.57,116969
2026-01-05 15:40:00,23802.82,23805.32,23796.85,23802.62,366557
2026-01-05 15:45:00,23802.62,23814.95,23801.47,23809.55,271232
2026-01-05 15:50:00,23809.94,23815.33,23774.91,23777.08,423084
2026-01-05 15:55:00,23776.45,23793.39,23771.83,23791.08,866513
2026-01-05 16:00:00,23791.08,23794.16,23778.76,23793.96,0
2026-01-05 16:05:00,23793.0,23794.92,23786.46,23786.84,0
2026-01-05 16:10:00,23788.19,23792.62,23779.52,23785.68,0
2026-01-05 16:15:00,23784.14,23792.62,23782.27,23786.05,0
2026-01-05 16:20:00,23785.68,23789.15,23785.3,23788.76,0
2026-01-05 16:25:00,23788.96,23793.0,23788.0,23789.15,0
2026-01-05 16:30:00,23791.46,23792.23,23788.19,23790.69,0
2026-01-05 16:35:00,23790.33,23793.38,23789.73,23790.76,0
2026-01-05 16:40:00,23789.92,23790.69,23784.14,23784.53,0
2026-01-05 16:45:00,23785.3,23787.22,23783.38,23783.38,0
2026-01-05 16:50:00,23786.42,23787.03,23783.4,23786.26,0
2026-01-05 16:55:00,23785.68,23789.89,23782.99,23784.4,0
2026-01-05 17:00:00,23791.08,23791.08,23784.14,23787.22,0
2026-01-05 17:05:00,23786.84,23788.0,23780.3,23782.6,0
2026-01-05 17:10:00,23782.8,23816.1,23781.45,23806.86,0
2026-01-05 17:15:00,23805.32,23806.86,23789.15,23792.62,0
2026-01-05 17:20:00,23792.23,23792.23,23785.71,23790.69,0
2026-01-05 17:25:00,23789.15,23790.69,23783.04,23784.53,0
2026-01-05 17:30:00,23785.3,23788.93,23782.33,23788.93,0
2026-01-05 17:35:00,23785.68,23790.3,23785.68,23787.03,0
2026-01-05 17:40:00,23787.03,23790.3,23783.76,23789.54,0
2026-01-05 17:45:00,23789.54,23789.54,23779.42,23784.53,0
2026-01-05 17:50:00,23784.53,23792.62,23782.22,23784.34,0
2026-01-05 17:55:00,23782.22,23790.3,23782.22,23785.49,0
2026-01-05 18:00:00,23789.15,23797.04,23785.68,23794.05,0
2026-01-05 18:05:00,23791.65,23796.27,23790.3,23795.67,0
2026-01-05 18:10:00,23795.31,23798.78,23791.77,23792.62,0
2026-01-05 18:15:00,23790.5,23791.08,23784.72,23788.96,0
2026-01-05 18:20:00,23789.19,23792.62,23786.26,23788.76,0
2026-01-05 18:25:00,23787.61,23794.16,23787.61,23791.46,0
2026-01-05 18:30:00,23790.64,23790.64,23773.8,23774.33,0
2026-01-05 18:35:00,23774.14,23781.06,23772.6,23778.95,0
2026-01-05 18:40:00,23778.39,23778.95,23773.83,23775.75,0
2026-01-05 18:45:00,23775.48,23779.52,23772.79,23773.94,0
2026-01-05 18:50:00,23773.36,23773.75,23767.98,23768.94,0
2026-01-05 18:55:00,23769.9,23773.75,23769.32,23771.82,0
2026-01-06 04:00:00,23793.77,23793.77,23776.45,23779.52,0
2026-01-06 04:05:00,23780.68,23785.3,23769.9,23772.21,0
2026-01-06 04:10:00,23778.37,23791.08,23778.37,23790.69,0
2026-01-06 04:15:00,23786.07,23794.16,23781.84,23785.68,0
2026-01-06 04:20:00,23782.22,23783.76,23773.36,23781.84,0
2026-01-06 04:25:00,23781.84,23782.99,23777.6,23779.91,0
2026-01-06 04:30:00,23778.37,23784.91,23776.45,23776.83,0
2026-01-06 04:35:00,23781.45,23791.08,23780.3,23786.84,0
2026-01-06 04:40:00,23793.0,23797.24,23792.23,23797.24,0
2026-01-06 04:45:00,23796.46,23796.85,23789.15,23795.7,0
2026-01-06 04:50:00,23797.62,23813.79,23793.0,23799.93,0
2026-01-06 04:55:00,23803.78,23806.09,23793.77,23795.31,0
2026-01-06 05:00:00,23796.08,23797.24,23790.69,23791.46,0
2026-01-06 05:05:00,23789.15,23798.39,23787.22,23791.08,0
2026-01-06 05:10:00,23792.23,23798.78,23788.76,23789.15,0
2026-01-06 05:15:00,23790.69,23790.69,23786.46,23786.84,0
2026-01-06 05:20:00,23785.3,23785.3,23782.22,23784.91,0
2026-01-06 05:25:00,23786.46,23791.46,23786.46,23789.15,0
2026-01-06 05:30:00,23788.0,23795.7,23787.61,23793.38,0
2026-01-06 05:35:00,23792.62,23798.78,23792.62,23798.39,0
2026-01-06 05:40:00,23798.39,23801.86,23796.85,23798.39,0
2026-01-06 05:45:00,23799.54,23802.24,23796.85,23796.85,0
2026-01-06 05:50:00,23795.31,23804.55,23793.77,23804.16,0
2026-01-06 05:55:00,23804.16,23804.16,23800.7,23800.7,0
2026-01-06 06:00:00,23801.47,23808.02,23801.09,23807.24,0
2026-01-06 06:05:00,23806.86,23808.4,23803.78,23808.4,0
2026-01-06 06:10:00,23808.4,23811.48,23806.86,23808.4,0
2026-01-06 06:15:00,23806.86,23806.86,23798.78,23804.55,0
2026-01-06 06:20:00,23806.86,23808.4,23802.24,23804.55,0
2026-01-06 06:25:00,23803.78,23804.16,23800.32,23800.32,0
2026-01-06 06:30:00,23801.86,23802.24,23800.7,23801.09,0
2026-01-06 06:35:00,23804.55,23804.55,23799.54,23801.09,0
2026-01-06 06:40:00,23802.62,23805.32,23800.32,23805.32,0
2026-01-06 06:45:00,23804.55,23805.7,23799.93,23800.7,0
2026-01-06 06:50:00,23801.09,23809.55,23800.7,23809.55,0
2026-01-06 06:55:00,23809.55,23816.87,23804.55,23804.55,0
2026-01-06 07:00:00,23804.55,23812.25,23800.32,23807.63,0
2026-01-06 07:05:00,23806.86,23814.56,23805.32,23811.86,0
2026-01-06 07:10:00,23813.02,23822.26,23813.02,23821.49,0
2026-01-06 07:15:00,23821.1,23822.26,23818.8,23818.8,0
2026-01-06 07:20:00,23817.26,23821.88,23814.95,23821.1,0
2026-01-06 07:25:00,23819.56,23821.88,23819.56,23821.49,0
2026-01-06 07:30:00,23822.26,23823.8,23819.56,23822.61,0
2026-01-06 07:35:00,23824.18,23826.11,23821.49,23823.76,0
2026-01-06 07:40:00,23826.5,23840.36,23826.5,23838.43,0
2026-01-06 07:45:00,23839.97,23843.44,23836.89,23843.44,0
2026-01-06 07:50:00,23843.82,23844.2,23837.28,23838.47,0
2026-01-06 07:55:00,23838.04,23851.94,23838.04,23846.52,0
2026-01-06 08:00:00,23781.02,23873.85,23746.8,23847.67,0
2026-01-06 08:05:00,23792.62,23845.95,23792.62,23836.89,0
2026-01-06 08:10:00,23836.89,23843.05,23829.96,23835.77,0
2026-01-06 08:15:00,23836.31,23845.74,23834.2,23834.96,0
2026-01-06 08:20:00,23834.58,23838.04,23831.5,23836.12,0
2026-01-06 08:25:00,23835.74,23837.69,23826.11,23829.96,0
2026-01-06 08:30:00,23830.73,23839.59,23827.07,23837.47,0
2026-01-06 08:35:00,23837.28,23841.9,23828.04,23832.27,0
2026-01-06 08:40:00,23833.42,23835.35,23826.88,23827.26,0
2026-01-06 08:45:00,23826.5,23828.8,23813.78,23816.87,0
2026-01-06 08:50:00,23816.87,23820.34,23799.92,23819.95,0
2026-01-06 08:55:00,23819.95,23830.34,23819.95,23824.57,0
2026-01-06 09:00:00,23823.41,23824.57,23801.09,23814.75,0
2026-01-06 09:05:00,23813.27,23818.6,23808.02,23808.4,0
2026-01-06 09:10:00,23808.4,23823.41,23808.02,23821.1,0
2026-01-06 09:15:00,23822.64,23824.18,23818.02,23823.03,0
2026-01-06 09:20:00,23822.26,23823.8,23815.35,23820.58,0
2026-01-06 09:25:00,23821.1,23840.36,23821.1,23839.97,0
2026-01-06 09:30:00,23839.97,23876.16,23836.89,23850.36,1412054
2026-01-06 09:35:00,23850.75,23876.16,23830.73,23843.05,739569
2026-01-06 09:40:00,23843.82,23854.55,23814.17,23832.27,394809
2026-01-06 09:45:00,23884.24,23915.82,23883.09,23907.34,782073
2026-01-06 09:50:00,23907.73,23942.77,23903.88,23926.98,540636
2026-01-06 09:55:00,23926.98,23954.32,23920.82,23946.4,503243
2026-01-06 10:00:00,23945.46,23964.33,23934.1,23942.03,597096
2026-01-06 10:05:00,23941.99,23958.93,23930.45,23932.37,413488
2026-01-06 10:10:00,23932.37,23953.16,23921.97,23946.61,380759
2026-01-06 10:15:00,23946.61,23958.93,23936.22,23946.61,266032
2026-01-06 10:20:00,23946.61,23959.71,23928.14,23955.66,270829
2026-01-06 10:25:00,23955.85,23969.72,23951.23,23963.55,431334
2026-01-06 10:30:00,23963.17,23964.33,23941.99,23948.54,540170
2026-01-06 10:35:00,23947.77,23952.78,23927.17,23947.0,319897
2026-01-06 10:40:00,23929.87,23937.95,23925.05,23927.75,348604
2026-01-06 10:45:00,23913.12,23926.42,23910.42,23923.52,482253
2026-01-06 10:50:00,23924.28,23930.06,23890.41,23890.79,455480
2026-01-06 10:55:00,23887.33,23891.56,23873.85,23886.55,664839
2026-01-06 11:00:00,23886.17,23886.75,23866.15,23866.92,297122
2026-01-06 11:05:00,23866.53,23876.35,23847.09,23875.78,525433
2026-01-06 11:10:00,23875.78,23878.85,23871.54,23873.21,326347
2026-01-06 11:15:00,23877.32,23880.01,23864.22,23870.39,282812
2026-01-06 11:20:00,23878.09,23905.42,23878.09,23904.27,388281
2026-01-06 11:25:00,23879.62,23884.63,23876.54,23877.7,315986
2026-01-06 11:30:00,23878.09,23893.87,23874.23,23890.02,264699
2026-01-06 11:35:00,23891.17,23895.79,23875.01,23893.48,303061
2026-01-06 11:40:00,23893.48,23895.03,23893.48,23894.83,5846
2026-01-06 11:50:00,23893.87,23897.12,23888.67,23890.79,714118
2026-01-06 11:55:00,23890.41,23890.41,23871.65,23883.47,163407
2026-01-06 12:00:00,23885.4,23886.55,23875.77,23878.47,195336
2026-01-06 12:05:00,23905.03,23909.27,23900.41,23906.58,298852
2026-01-06 12:10:00,23907.34,23913.51,23903.11,23912.16,159863
2026-01-06 12:15:00,23912.35,23917.55,23908.5,23910.57,149528
2026-01-06 12:20:00,23924.67,23937.76,23923.13,23930.06,304901
2026-01-06 12:25:00,23931.02,23938.91,23928.14,23930.93,327186
2026-01-06 12:30:00,23931.22,23953.74,23930.45,23953.74,324943
2026-01-06 12:35:00,23953.93,23977.03,23951.23,23964.33,305928
2026-01-06 12:40:00,23964.71,23967.41,23954.32,23956.62,225175
2026-01-06 12:45:00,23962.4,23962.98,23952.39,23953.93,145185
2026-01-06 12:50:00,23947.77,23955.09,23945.08,23955.09,214217
2026-01-06 12:55:00,23952.01,23954.7,23952.01,23953.16,182465
2026-01-06 13:00:00,23953.93,23955.85,23949.31,23953.54,111006
2026-01-06 13:05:00,23943.53,23949.7,23941.99,23949.31,229264
2026-01-06 13:10:00,23948.92,23956.62,23948.92,23956.62,130812
2026-01-06 13:15:00,23956.24,23972.41,23955.85,23970.29,148575
2026-01-06 13:20:00,23966.25,23968.95,23964.33,23965.86,103733
2026-01-06 13:25:00,23963.56,23963.56,23950.85,23952.39,159846
2026-01-06 13:30:00,23956.66,23960.86,23943.92,23947.39,240873
2026-01-06 13:35:00,23947.39,23960.86,23947.39,23954.89,138783
2026-01-06 13:40:00,23955.09,23974.91,23954.32,23974.72,163915
2026-01-06 13:45:00,23974.72,23994.35,23973.18,23992.43,281027
2026-01-06 13:50:00,23989.54,23992.04,23987.23,23988.39,204997
2026-01-06 13:55:00,23986.27,23994.16,23983.58,23993.97,401162
2026-01-06 14:00:00,23993.97,23998.97,23985.89,23988.58,179893
2026-01-06 14:05:00,23988.39,23991.28,23984.34,23985.5,117795
2026-01-06 14:10:00,23985.89,23993.97,23984.9,23992.82,95537
2026-01-06 14:15:00,23993.97,23997.82,23992.2,23997.43,163835
2026-01-06 14:20:00,23997.24,24001.11,23995.32,24000.52,148978
2026-01-06 14:25:00,24000.13,24001.09,23996.28,23998.59,112323
2026-01-06 14:30:00,24001.16,24005.14,23999.36,24004.75,101530
2026-01-06 14:35:00,24005.52,24005.52,23999.74,23999.74,229388
2026-01-06 14:40:00,23999.74,24008.98,23999.36,24004.17,185402
2026-01-06 14:45:00,24004.36,24006.87,24003.21,24003.98,92592
2026-01-06 14:50:00,24002.61,24004.75,24002.05,24003.59,104826
2026-01-06 14:55:00,23999.74,23999.94,23995.7,23996.66,327016
2026-01-06 15:00:00,23997.05,24003.4,23993.39,23998.21,159297
2026-01-06 15:05:00,23998.21,23998.97,23991.47,23993.59,125743
2026-01-06 15:10:00,23994.16,24002.05,23993.59,24000.71,86947
2026-01-06 15:15:00,24002.83,24010.14,24002.05,24003.98,169858
2026-01-06 15:20:00,24005.14,24005.52,24000.52,24002.05,116518
2026-01-06 15:25:00,24003.79,24004.36,23999.14,23999.36,189460
2026-01-06 15:30:00,23998.97,24003.59,23997.05,24002.63,169463
2026-01-06 15:35:00,24002.83,24006.29,24000.42,24006.21,252640
2026-01-06 15:40:00,24016.64,24021.5,24013.8,24018.99,445852
2026-01-06 15:45:00,24017.26,24021.69,24016.3,24021.11,166743
2026-01-06 15:50:00,24017.84,24021.69,24013.22,24019.19,774860
2026-01-06 15:55:00,24019.19,24023.61,24014.95,24016.3,167145
2026-01-06 16:00:00,24010.91,24013.99,24001.67,24008.98,0
2026-01-06 16:05:00,24009.37,24009.76,24001.67,24008.62,0
2026-01-06 16:10:00,24013.22,24014.76,24012.45,24013.22,0
2026-01-06 16:15:00,24012.06,24015.91,24010.94,24015.14,0
2026-01-06 16:20:00,24015.53,24015.72,24011.68,24013.41,0
2026-01-06 16:25:00,24013.6,24013.99,24012.06,24012.84,0
2026-01-06 16:30:00,24012.84,24012.84,24008.6,24011.3,0
2026-01-06 16:35:00,24010.91,24012.45,24009.56,24012.45,0
2026-01-06 16:40:00,24012.38,24016.68,24001.67,24015.91,0
2026-01-06 16:45:00,24015.91,24019.38,24014.76,24018.61,0
2026-01-06 16:50:00,24018.61,24021.67,24015.18,24019.0,0
2026-01-06 16:55:00,24020.54,24021.69,24017.07,24020.15,0
2026-01-06 17:00:00,24022.08,24025.97,23842.66,24025.49,0
2026-01-06 17:05:00,24023.83,24025.54,24020.54,24023.41,0
2026-01-06 17:10:00,24023.62,24024.38,24021.69,24021.69,0
2026-01-06 17:15:00,24023.23,24023.23,24020.54,24020.73,0
2026-01-06 17:20:00,24020.92,24021.69,24016.3,24019.0,0
2026-01-06 17:25:00,24019.42,24019.42,24012.45,24016.3,0
2026-01-06 17:30:00,24016.3,24021.69,24012.45,24016.68,0
2026-01-06 17:35:00,24016.68,24020.54,24013.22,24016.68,0
2026-01-06 17:40:00,24017.46,24018.61,24013.22,24018.03,0
2026-01-06 17:45:00,24017.46,24020.15,24016.3,24018.69,0
2026-01-06 17:50:00,24018.22,24020.15,24016.68,24018.8,0
2026-01-06 17:55:00,24018.8,24020.15,24017.07,24017.65,0
2026-01-06 18:00:00,24018.22,24032.09,24012.45,24025.73,0
2026-01-06 18:05:00,24024.38,24026.89,24016.49,24026.38,0
2026-01-06 18:10:00,24025.92,24025.92,24018.22,24019.0,0
2026-01-06 18:15:00,24017.47,24019.42,24015.91,24016.88,0
2026-01-06 18:20:00,24015.91,24017.07,24010.33,24013.41,0
2026-01-06 18:25:00,24014.18,24015.91,24011.49,24014.76,0
2026-01-06 18:30:00,24013.95,24014.76,24010.55,24010.55,0
2026-01-06 18:35:00,24011.3,24012.84,24007.45,24007.45,0
2026-01-06 18:40:00,24007.25,24009.75,24007.25,24008.6,0
2026-01-06 18:45:00,24008.99,24015.53,24008.99,24011.68,0
2026-01-06 18:50:00,24011.87,24018.22,24011.68,24017.84,0
2026-01-06 18:55:00,24017.84,24020.11,24013.22,24013.6,0
2026-01-07 04:00:00,23951.62,23955.86,23939.68,23948.92,0
2026-01-07 04:05:00,23944.69,23944.69,23933.14,23939.3,0
2026-01-07 04:10:00,23935.45,23945.46,23933.14,23944.3,0
2026-01-07 04:15:00,23943.15,23945.46,23933.91,23933.91,0
2026-01-07 04:20:00,23933.14,23935.06,23926.6,23933.52,0
2026-01-07 04:25:00,23931.22,23943.54,23930.83,23943.54,0
2026-01-07 04:30:00,23943.15,23952.78,23943.15,23952.78,0
2026-01-07 04:35:00,23949.7,23949.7,23943.15,23945.08,0
2026-01-07 04:40:00,23943.92,23950.85,23939.3,23948.92,0
2026-01-07 04:45:00,23952.0,23954.7,23950.46,23950.85,0
2026-01-07 04:50:00,23949.7,23949.7,23947.0,23948.54,0
2026-01-07 04:55:00,23948.92,23951.62,23948.92,23951.24,0
2026-01-07 05:00:00,23950.08,23951.24,23943.15,23950.85,0
2026-01-07 05:05:00,23954.7,23955.09,23950.85,23952.78,0
2026-01-07 05:10:00,23953.93,23958.55,23952.39,23957.01,0
2026-01-07 05:15:00,23955.86,23955.86,23946.23,23946.23,0
2026-01-07 05:20:00,23947.0,23947.38,23943.15,23945.46,0
2026-01-07 05:25:00,23945.84,23945.84,23933.91,23934.68,0
2026-01-07 05:30:00,23933.52,23934.3,23929.29,23930.45,0
2026-01-07 05:35:00,23931.6,23939.68,23931.6,23937.38,0
2026-01-07 05:40:00,23938.91,23939.3,23931.98,23931.98,0
2026-01-07 05:45:00,23931.6,23931.98,23927.75,23931.22,0
2026-01-07 05:50:00,23930.06,23935.45,23929.68,23930.45,0
2026-01-07 05:55:00,23930.45,23936.6,23929.68,23936.6,0
2026-01-07 06:00:00,23937.38,23937.38,23933.91,23935.84,0
2026-01-07 06:05:00,23935.84,23936.6,23932.37,23933.52,0
2026-01-07 06:10:00,23933.52,23946.23,23931.22,23942.76,0
2026-01-07 06:15:00,23941.22,23947.77,23941.22,23947.77,0
2026-01-07 06:20:00,23946.23,23946.23,23941.22,23945.08,0
2026-01-07 06:25:00,23942.76,23943.15,23938.91,23938.91,0
2026-01-07 06:30:00,23940.07,23950.85,23939.68,23950.85,0
2026-01-07 06:35:00,23953.16,23960.48,23950.85,23956.24,0
2026-01-07 06:40:00,23956.24,23959.7,23956.24,23956.24,0
2026-01-07 06:45:00,23955.09,23958.55,23954.32,23958.55,0
2026-01-07 06:50:00,23957.4,23960.86,23955.86,23960.86,0
2026-01-07 06:55:00,23962.4,23965.1,23962.4,23965.1,0
2026-01-07 07:00:00,23965.48,23970.1,23960.09,23969.33,0
2026-01-07 07:05:00,23969.72,23971.64,23966.25,23970.1,0
2026-01-07 07:10:00,23969.33,23977.41,23968.18,23968.95,0
2026-01-07 07:15:00,23967.79,23976.22,23967.79,23972.8,0
2026-01-07 07:20:00,23972.41,23977.03,23971.64,23977.03,0
2026-01-07 07:25:00,23977.8,23978.96,23972.41,23973.56,0
2026-01-07 07:30:00,23971.26,23971.26,23953.16,23957.36,0
2026-01-07 07:35:00,23957.78,23960.09,23953.54,23960.09,0
2026-01-07 07:40:00,23958.94,23967.4,23957.78,23965.83,0
2026-01-07 07:45:00,23966.25,23973.95,23966.25,23972.41,0
2026-01-07 07:50:00,23970.1,23970.1,23964.32,23964.32,0
2026-01-07 07:55:00,23964.32,23966.64,23958.55,23965.1,0
2026-01-07 08:00:00,23953.5,23993.2,23926.98,23962.21,0
2026-01-07 08:05:00,24001.67,24001.67,23957.4,23959.28,0
2026-01-07 08:10:00,23959.51,23964.32,23955.47,23962.02,0
2026-01-07 08:15:00,23962.38,23970.87,23961.24,23963.55,0
2026-01-07 08:20:00,23965.1,23971.64,23963.17,23967.02,0
2026-01-07 08:25:00,23967.4,23973.18,23966.25,23972.41,0
2026-01-07 08:30:00,23973.56,23987.04,23972.8,23973.56,0
2026-01-07 08:35:00,23971.44,23982.8,23851.9,23981.26,0
2026-01-07 08:40:00,23980.5,23989.74,23977.8,23987.42,0
2026-01-07 08:45:00,23987.04,24001.67,23974.72,23980.5,0
2026-01-07 08:50:00,23980.5,23983.96,23970.48,23980.88,0
2026-01-07 08:55:00,23980.88,23986.27,23980.88,23985.13,0
2026-01-07 09:00:00,23985.88,23985.88,23972.43,23974.34,0
2026-01-07 09:05:00,23974.34,23974.34,23961.24,23967.4,0
2026-01-07 09:10:00,23967.02,23973.37,23966.64,23971.26,0
2026-01-07 09:15:00,23970.87,23979.72,23969.52,23977.8,0
2026-01-07 09:20:00,23977.8,23978.18,23961.63,23970.48,0
2026-01-07 09:25:00,23970.87,23987.04,23970.87,23987.04,0
2026-01-07 09:30:00,23987.04,24016.3,23968.56,24016.3,1629887
2026-01-07 09:35:00,24015.84,24028.62,23994.35,24028.22,593539
2026-01-07 09:40:00,24028.04,24054.79,24017.07,24045.17,723066
2026-01-07 09:45:00,24045.56,24061.73,24032.85,24047.87,597025
2026-01-07 09:50:00,24047.48,24062.5,24036.32,24043.83,411436
2026-01-07 09:55:00,24044.79,24068.28,24044.02,24047.1,379788
2026-01-07 10:00:00,24048.26,24053.26,24005.91,24033.62,3621827
2026-01-07 10:05:00,24033.62,24055.57,24025.92,24048.64,0
2026-01-07 10:10:00,24046.33,24059.8,24042.86,24049.41,319129
2026-01-07 10:15:00,24049.41,24049.79,24014.76,24029.01,394091
2026-01-07 10:20:00,24028.23,24050.57,24020.92,24048.64,240583
2026-01-07 10:25:00,24049.41,24064.85,24029.97,24055.96,294037
2026-01-07 10:30:00,24055.96,24075.59,24047.87,24070.97,360345
2026-01-07 10:35:00,24071.74,24089.07,24005.52,24042.48,800293
2026-01-07 10:40:00,24043.64,24064.04,24029.58,24045.17,463294
2026-01-07 10:45:00,24045.95,24092.91,24043.06,24085.6,351566
2026-01-07 10:50:00,24085.98,24097.53,24081.36,24092.15,287053
2026-01-07 10:55:00,24092.53,24094.84,24084.45,24092.53,183410
2026-01-07 11:00:00,24092.91,24111.4,24090.22,24106.53,280755
2026-01-07 11:05:00,24106.16,24109.85,24106.01,24107.35,10711
2026-01-07 11:10:00,24106.56,24109.47,24106.56,24109.09,367317
2026-01-07 11:15:00,24109.85,24112.93,24101.77,24106.01,159584
2026-01-07 11:20:00,24105.23,24105.23,24085.48,24089.84,296255
2026-01-07 11:25:00,24089.84,24090.99,24068.05,24083.29,383117
2026-01-07 11:30:00,24083.29,24096.38,24078.28,24089.84,264367
2026-01-07 11:35:00,24090.6,24096.38,24085.02,24093.3,213108
2026-01-07 11:40:00,24093.3,24128.72,24092.53,24126.6,305349
2026-01-07 11:45:00,24126.79,24145.66,24123.72,24133.92,420947
2026-01-07 11:50:00,24134.11,24138.34,24129.1,24136.61,340008
2026-01-07 11:55:00,24137.58,24152.59,24137.58,24151.43,8531748
2026-01-07 12:00:00,24151.43,24156.05,24146.62,24154.49,0
2026-01-07 12:05:00,24154.13,24168.38,24153.74,24164.33,221479
2026-01-07 12:10:00,24164.33,24166.07,24152.59,24157.13,192985
2026-01-07 12:15:00,24156.83,24162.22,24151.82,24161.45,150762
2026-01-07 12:20:00,24162.14,24169.53,24160.29,24166.45,187227
2026-01-07 12:25:00,24166.73,24170.3,24158.36,24164.72,166942
2026-01-07 12:30:00,24164.91,24165.89,24157.59,24162.21,189176
2026-01-07 12:35:00,24162.22,24164.14,24156.05,24162.22,167884
2026-01-07 12:40:00,24162.6,24175.69,24159.91,24173.77,158464
2026-01-07 12:45:00,24173.77,24175.69,24161.83,24163.76,139228
2026-01-07 12:50:00,24163.37,24163.76,24143.73,24151.82,351492
2026-01-07 12:55:00,24152.29,24160.67,24146.04,24152.97,191072
2026-01-07 13:00:00,24151.82,24153.74,24141.81,24144.51,137787
2026-01-07 13:05:00,24144.12,24148.74,24140.27,24144.51,145212
2026-01-07 13:10:00,24144.12,24145.27,24131.8,24144.09,174668
2026-01-07 13:15:00,24144.51,24144.51,24123.33,24130.64,214279
2026-01-07 13:20:00,24130.26,24130.65,24118.71,24123.87,181393
2026-01-07 13:25:00,24123.72,24128.72,24111.78,24115.24,217653
2026-01-07 13:30:00,24115.63,24136.03,24115.24,24135.46,269731
2026-01-07 13:35:00,24135.27,24137.19,24126.8,24136.42,144192
2026-01-07 13:40:00,24136.42,24154.13,24136.42,24152.21,225510
2026-01-07 13:45:00,24152.37,24156.05,24144.89,24156.05,151236
2026-01-07 13:50:00,24156.05,24160.29,24153.36,24154.52,138437
2026-01-07 13:55:00,24154.13,24156.25,24134.49,24139.11,270924
2026-01-07 14:00:00,24139.11,24139.69,24127.57,24137.58,142275
2026-01-07 14:05:00,24137.58,24137.58,24114.09,24119.48,171838
2026-01-07 14:10:00,24119.09,24120.25,24088.68,24105.23,372072
2026-01-07 14:15:00,24105.62,24107.54,24079.44,24101.39,395646
2026-01-07 14:20:00,24101.29,24102.16,24086.37,24088.87,222663
2026-01-07 14:25:00,24089.07,24091.18,24079.44,24087.33,191740
2026-01-07 14:30:00,24088.29,24103.62,24080.98,24101.39,294659
2026-01-07 14:35:00,24101.08,24107.54,24093.68,24104.08,212525
2026-01-07 14:40:00,24104.08,24104.08,24092.5,24101.77,139185
2026-01-07 14:45:00,24101.77,24104.08,24095.61,24100.95,121052
2026-01-07 14:50:00,24101.58,24104.08,24094.46,24102.54,146728
2026-01-07 14:55:00,24102.54,24104.18,24089.07,24090.03,158165
2026-01-07 15:00:00,24090.03,24096.77,24086.55,24095.22,146814
2026-01-07 15:05:00,24095.61,24100.61,24087.14,24089.45,172631
2026-01-07 15:10:00,24089.07,24090.22,24054.8,24060.19,14371591
2026-01-07 15:15:00,24060.19,24075.97,24048.64,24074.82,0
2026-01-07 15:20:00,24074.05,24075.97,24054.41,24055.57,212040
2026-01-07 15:25:00,24055.57,24059.8,24043.64,24050.95,337973
2026-01-07 15:30:00,24050.95,24052.88,24030.16,24031.12,683455
2026-01-07 15:35:00,24030.54,24030.54,24011.29,24015.91,377971
2026-01-07 15:40:00,24015.53,24032.85,24009.37,24025.92,318852
2026-01-07 15:45:00,24026.31,24034.01,24020.53,24028.62,385453
2026-01-07 15:50:00,24028.62,24038.63,24027.08,24033.62,555175
2026-01-07 15:55:00,24033.62,24033.62,24012.45,24025.54,1322090
2026-01-07 16:00:00,24026.31,24031.12,24016.68,24018.22,0
2026-01-07 16:05:00,24018.21,24020.19,24016.3,24018.22,0
2026-01-07 16:10:00,24017.84,24024.77,24015.48,24019.0,0
2026-01-07 16:15:00,24019.38,24024.77,24012.84,24024.0,0
2026-01-07 16:20:00,24024.0,24026.67,24022.08,24024.02,0
2026-01-07 16:25:00,24024.38,24025.16,24019.96,24023.2,0
2026-01-07 16:30:00,24022.08,24023.23,24020.73,24021.69,0
2026-01-07 16:35:00,24022.08,24024.77,24020.54,24023.42,0
2026-01-07 16:40:00,24023.23,24024.38,24022.27,24022.84,0
2026-01-07 16:45:00,24023.62,24026.31,24022.65,24024.58,0
2026-01-07 16:50:00,24024.77,24029.39,24022.64,24028.6,0
2026-01-07 16:55:00,24028.62,24030.54,24024.77,24027.27,0
2026-01-07 17:00:00,24027.66,24029.0,24024.0,24024.96,0
2026-01-07 17:05:00,24024.96,24025.54,24024.0,24025.16,0
2026-01-07 17:10:00,24025.16,24025.54,24024.0,24024.58,0
2026-01-07 17:15:00,24024.0,24027.85,24024.0,24027.79,0
2026-01-07 17:20:00,24026.14,24027.85,24024.0,24024.01,0
2026-01-07 17:25:00,24024.38,24028.43,24024.13,24024.77,0
2026-01-07 17:30:00,24027.66,24030.93,24024.77,24029.78,0
2026-01-07 17:35:00,24029.77,24031.32,24025.16,24027.66,0
2026-01-07 17:40:00,24027.85,24028.62,24024.0,24024.37,0
2026-01-07 17:45:00,24024.19,24024.77,24024.0,24024.38,0
2026-01-07 17:50:00,24024.77,24027.46,24024.0,24025.16,0
2026-01-07 17:55:00,24025.16,24027.08,24025.16,24025.16,0
2026-01-07 18:00:00,24027.85,24038.63,24027.85,24029.78,0
2026-01-07 18:05:00,24029.78,24037.1,24024.0,24024.0,0
2026-01-07 18:10:00,24024.0,24026.7,24020.54,24022.08,0
2026-01-07 18:15:00,24021.69,24025.92,24016.68,24017.07,0
2026-01-07 18:20:00,24017.07,24024.0,24017.07,24020.15,0
2026-01-07 18:25:00,24019.96,24022.46,24017.46,24021.3,0
2026-01-07 18:30:00,24022.84,24023.23,24019.96,24020.92,0
2026-01-07 18:35:00,24021.88,24024.75,24018.95,24024.75,0
2026-01-07 18:40:00,24023.04,24026.75,24022.84,24024.31,0
2026-01-07 18:45:00,24023.27,24025.35,24020.54,24022.46,0
2026-01-07 18:50:00,24022.08,24022.08,24012.45,24014.76,0
2026-01-07 18:55:00,24014.76,24015.72,24011.68,24015.53,0
2026-01-08 04:00:00,23981.65,23993.2,23973.95,23990.12,0
2026-01-08 04:05:00,23988.96,23988.96,23980.88,23980.88,0
2026-01-08 04:10:00,23984.73,23987.04,23979.72,23984.34,0
2026-01-08 04:15:00,23981.65,23981.65,23963.94,23967.4,0
2026-01-08 04:20:00,23969.33,23974.72,23963.94,23974.72,0
2026-01-08 04:25:00,23975.88,23977.41,23969.72,23970.1,0
2026-01-08 04:30:00,23966.25,23971.64,23966.25,23970.87,0
2026-01-08 04:35:00,23972.41,23972.41,23957.78,23957.78,0
2026-01-08 04:40:00,23958.16,23964.32,23958.16,23959.7,0
2026-01-08 04:45:00,23959.7,23962.78,23953.93,23958.16,0
2026-01-08 04:50:00,23957.01,23960.48,23954.32,23958.94,0
2026-01-08 04:55:00,23960.48,23968.56,23960.48,23966.64,0
2026-01-08 05:00:00,23968.95,23968.95,23947.0,23958.55,0
2026-01-08 05:05:00,23959.7,23962.4,23952.0,23952.78,0
2026-01-08 05:10:00,23953.16,23953.16,23946.62,23950.46,0
2026-01-08 05:15:00,23951.24,23955.09,23950.46,23950.85,0
2026-01-08 05:20:00,23950.08,23954.7,23947.38,23954.7,0
2026-01-08 05:25:00,23955.47,23958.16,23948.92,23948.92,0
2026-01-08 05:30:00,23952.39,23962.4,23952.39,23959.32,0
2026-01-08 05:35:00,23962.4,23964.71,23957.01,23964.71,0
2026-01-08 05:40:00,23966.25,23967.02,23964.71,23966.25,0
2026-01-08 05:45:00,23966.25,23966.25,23954.7,23957.01,0
2026-01-08 05:50:00,23957.4,23967.79,23957.4,23966.64,0
2026-01-08 05:55:00,23968.18,23973.95,23967.4,23971.26,0
2026-01-08 06:00:00,23973.95,23977.8,23972.8,23973.95,0
2026-01-08 06:05:00,23974.72,23978.57,23966.25,23966.25,0
2026-01-08 06:10:00,23964.32,23973.95,23964.32,23972.02,0
2026-01-08 06:15:00,23973.18,23973.95,23970.1,23972.8,0
2026-01-08 06:20:00,23971.64,23977.03,23971.26,23977.03,0
2026-01-08 06:25:00,23975.88,23984.34,23975.88,23978.18,0
2026-01-08 06:30:00,23977.8,23985.12,23943.15,23982.8,0
2026-01-08 06:35:00,23980.5,23982.8,23967.79,23971.26,0
2026-01-08 06:40:00,23972.41,23982.04,23972.41,23973.95,0
2026-01-08 06:45:00,23972.02,23977.8,23970.1,23973.56,0
2026-01-08 06:50:00,23976.26,23985.12,23975.49,23979.72,0
2026-01-08 06:55:00,23978.96,23980.5,23970.1,23970.1,0
2026-01-08 07:00:00,23972.02,23973.95,23950.85,23954.32,0
2026-01-08 07:05:00,23954.7,23962.4,23950.85,23956.24,0
2026-01-08 07:10:00,23958.55,23963.94,23957.78,23961.63,0
2026-01-08 07:15:00,23962.4,23970.1,23962.4,23965.13,0
2026-01-08 07:20:00,23965.1,23973.95,23962.4,23973.95,0
2026-01-08 07:25:00,23974.34,23977.8,23970.1,23975.88,0
2026-01-08 07:30:00,23971.64,23973.95,23960.86,23965.1,0
2026-01-08 07:35:00,23960.86,23962.4,23957.43,23958.16,0
2026-01-08 07:40:00,23958.16,23965.48,23958.16,23958.94,0
2026-01-08 07:45:00,23958.94,23968.18,23958.55,23967.79,0
2026-01-08 07:50:00,23969.33,23976.64,23968.56,23974.34,0
2026-01-08 07:55:00,23974.34,23977.41,23968.18,23968.56,0
2026-01-08 08:00:00,23983.53,24006.75,23880.01,23964.71,0
2026-01-08 08:05:00,23965.29,24024.77,23963.6,23970.48,0
2026-01-08 08:10:00,23970.87,23985.5,23969.72,23982.04,0
2026-01-08 08:15:00,23982.04,23998.6,23973.95,23995.12,0
2026-01-08 08:20:00,23996.66,24008.22,23996.66,24001.67,0
2026-01-08 08:25:00,24001.67,24005.9,23997.05,24002.82,0
2026-01-08 08:30:00,24004.36,24015.53,23985.5,23992.43,0
2026-01-08 08:35:00,23992.43,24000.9,23987.04,23997.82,0
2026-01-08 08:40:00,23997.44,24004.36,23994.74,23997.44,0
2026-01-08 08:45:00,23996.66,23998.01,23989.35,23992.77,0
2026-01-08 08:50:00,23992.04,23997.05,23988.96,23991.85,0
2026-01-08 08:55:00,23990.53,23999.74,23987.62,23998.59,0
2026-01-08 09:00:00,23998.2,24007.06,23981.65,23998.98,0
2026-01-08 09:05:00,23998.98,24003.21,22815.48,24002.44,0
2026-01-08 09:10:00,24002.44,24009.76,23978.18,23994.36,0
2026-01-08 09:15:00,23994.74,23997.74,23986.66,23988.39,0
2026-01-08 09:20:00,23987.81,23990.89,23979.34,23980.88,0
2026-01-08 09:25:00,23982.04,23990.12,23975.1,23986.27,0
2026-01-08 09:30:00,23956.62,23966.06,23899.65,23911.97,1621593
2026-01-08 09:35:00,23911.97,23933.53,23884.63,23886.55,888923
2026-01-08 09:40:00,23886.94,23906.19,23831.5,23833.04,1175394
2026-01-08 09:45:00,23812.25,23883.86,23811.48,23860.76,830865
2026-01-08 09:50:00,23857.68,23878.66,23831.11,23860.76,535470
2026-01-08 09:55:00,23859.6,23867.69,23813.79,23816.87,510938
2026-01-08 10:00:00,23815.33,23826.88,23785.3,23822.07,854329
2026-01-08 10:05:00,23821.68,23888.86,23815.72,23885.4,608782
2026-01-08 10:10:00,23886.94,23889.25,23863.07,23885.4,399478
2026-01-08 10:15:00,23885.4,23905.42,23876.16,23893.49,481413
2026-01-08 10:20:00,23893.87,23910.42,23881.16,23899.3,350353
2026-01-08 10:25:00,23899.26,23918.12,23888.48,23903.49,431324
2026-01-08 10:30:00,23902.72,23910.81,23873.47,23875.39,407844
2026-01-08 10:35:00,23874.23,23877.32,23836.12,23871.92,564037
2026-01-08 10:40:00,23871.16,23904.65,23861.91,23890.41,388746
2026-01-08 10:45:00,23890.79,23898.1,23856.91,23862.3,495121
2026-01-08 10:50:00,23863.84,23870.39,23825.34,23828.42,567612
2026-01-08 10:55:00,23827.65,23892.33,23823.72,23890.41,606649
2026-01-08 11:00:00,23891.17,23892.72,23871.92,23883.09,317324
2026-01-08 11:05:00,23882.71,23884.63,23844.59,23851.52,339253
2026-01-08 11:10:00,23852.67,23872.31,23838.82,23845.74,242725
2026-01-08 11:15:00,23845.36,23857.29,23826.11,23852.29,367686
2026-01-08 11:20:00,23852.29,23877.32,23842.28,23847.28,324767
2026-01-08 11:25:00,23847.28,23861.91,23832.85,23836.12,293978
2026-01-08 11:30:00,23834.2,23844.97,23821.49,23828.03,267676
2026-01-08 11:35:00,23826.49,23844.21,23797.62,23835.73,443501
2026-01-08 11:40:00,23834.97,23860.87,23832.08,23857.29,482382
2026-01-08 11:45:00,23857.68,23884.82,23856.91,23875.39,10603487
2026-01-08 11:50:00,23875.39,23877.7,23841.9,23852.29,0
2026-01-08 11:55:00,23851.91,23880.4,23844.97,23877.58,205239
2026-01-08 12:00:00,23877.32,23880.4,23851.52,23858.07,280625
2026-01-08 12:05:00,23858.07,23864.58,23846.52,23854.98,154862
2026-01-08 12:10:00,23853.45,23861.91,23844.21,23858.84,223435
2026-01-08 12:15:00,23858.45,23880.59,23851.91,23880.59,154352
2026-01-08 12:20:00,23880.4,23886.17,23862.23,23862.23,197334
2026-01-08 12:25:00,23861.53,23861.91,23836.51,23845.48,211495
2026-01-08 12:30:00,23845.36,23875.01,23844.2,23869.61,151446
2026-01-08 12:35:00,23869.23,23875.01,23864.99,23871.92,151282
2026-01-08 12:40:00,23871.54,23886.94,23868.46,23880.4,291291
2026-01-08 12:45:00,23880.4,23894.26,23880.01,23891.56,325808
2026-01-08 12:50:00,23891.56,23908.11,23891.56,23902.34,232823
2026-01-08 12:55:00,23902.72,23904.65,23883.47,23886.21,213992
2026-01-08 13:00:00,23886.17,23889.83,23868.46,23876.54,263975
2026-01-08 13:05:00,23875.39,23875.39,23853.83,23860.38,257291
2026-01-08 13:10:00,23860.76,23863.07,23831.11,23836.45,417391
2026-01-08 13:15:00,23836.12,23870.0,23829.96,23869.81,280976
2026-01-08 13:20:00,23871.54,23875.78,23849.21,23854.98,189449
2026-01-08 13:25:00,23855.76,23870.77,23849.98,23866.15,142357
2026-01-08 13:30:00,23866.15,23869.61,23856.53,23858.06,124781
2026-01-08 13:35:00,23857.68,23873.46,23856.91,23864.35,131728
2026-01-08 13:40:00,23864.22,23871.73,23860.76,23867.3,409765
2026-01-08 13:45:00,23867.3,23881.94,23859.6,23874.23,157931
2026-01-08 13:50:00,23874.23,23876.93,23844.59,23844.59,196540
2026-01-08 13:55:00,23844.21,23849.98,23834.58,23840.53,237047
2026-01-08 14:00:00,23840.35,23864.61,23835.79,23854.98,269712
2026-01-08 14:05:00,23854.98,23863.46,23847.67,23847.67,246796
2026-01-08 14:10:00,23848.83,23849.06,23824.57,23824.96,308945
2026-01-08 14:15:00,23824.57,23841.51,23808.78,23841.12,15750889
2026-01-08 14:20:00,23841.12,23856.14,23830.34,23836.12,0
2026-01-08 14:25:00,23836.12,23838.04,23829.96,23836.89,128592
2026-01-08 14:30:00,23836.51,23853.45,23835.35,23843.82,177186
2026-01-08 14:35:00,23844.21,23845.74,23829.58,23831.11,136141
2026-01-08 14:40:00,23831.11,23838.43,23823.41,23830.09,132829
2026-01-08 14:45:00,23830.34,23838.04,23826.88,23838.04,143466
2026-01-08 14:50:00,23838.04,23853.45,23834.97,23843.43,498446
2026-01-08 14:55:00,23842.66,23843.05,23826.88,23842.66,183324
2026-01-08 15:00:00,23841.9,23852.61,23836.15,23847.28,153021
2026-01-08 15:05:00,23847.28,23848.83,23834.77,23847.28,124986
2026-01-08 15:10:00,23846.9,23863.2,23846.9,23861.74,181142
2026-01-08 15:15:00,23861.91,23865.38,23848.44,23851.52,188262
2026-01-08 15:20:00,23852.29,23864.99,23846.9,23860.38,161195
2026-01-08 15:25:00,23861.53,23887.71,23861.53,23880.4,302385
2026-01-08 15:30:00,23881.16,23896.37,23879.24,23896.13,208749
2026-01-08 15:35:00,23896.18,23902.34,23885.4,23886.55,272393
2026-01-08 15:40:00,23886.94,23891.56,23872.31,23884.24,258453
2026-01-08 15:45:00,23883.86,23895.41,23880.4,23891.56,353988
2026-01-08 15:50:00,23890.41,23900.8,23876.16,23894.81,435062
2026-01-08 15:55:00,23894.64,23902.72,23884.63,23885.78,842222
2026-01-08 16:00:00,23887.32,23903.5,23886.17,23894.64,0
2026-01-08 16:05:00,23893.88,23896.56,23888.1,23895.8,0
2026-01-08 16:10:00,23895.02,23895.02,23888.1,23893.48,0
2026-01-08 16:15:00,23892.72,23893.29,23888.1,23890.79,0
2026-01-08 16:20:00,23889.64,23896.56,23889.06,23894.62,0
2026-01-08 16:25:00,23894.26,23900.41,23894.26,23899.26,0
2026-01-08 16:30:00,23898.88,23908.9,23898.88,23908.16,0
2026-01-08 16:35:00,23910.42,23927.37,23910.05,23926.6,0
2026-01-08 16:40:00,23926.21,23940.65,23925.82,23930.83,0
2026-01-08 16:45:00,23929.29,23932.95,23927.53,23929.29,0
2026-01-08 16:50:00,23930.83,23934.75,23925.82,23925.82,0
2026-01-08 16:55:00,23927.72,23927.72,23908.12,23911.96,0
2026-01-08 17:00:00,23912.93,23914.28,23888.1,23911.58,0
2026-01-08 17:05:00,23913.1,23914.47,23910.04,23910.49,0
2026-01-08 17:10:00,23910.62,23910.62,23907.73,23908.5,0
2026-01-08 17:15:00,23908.12,23910.73,23907.73,23908.12,0
2026-01-08 17:20:00,23908.12,23910.42,23907.73,23908.5,0
2026-01-08 17:25:00,23909.27,23921.98,23908.5,23921.98,0
2026-01-08 17:30:00,23917.16,23917.74,23912.74,23916.59,0
2026-01-08 17:35:00,23916.78,23920.44,23915.04,23918.7,0
2026-01-08 17:40:00,23918.7,23934.3,23916.97,23926.6,0
2026-01-08 17:45:00,23925.05,23933.52,23924.67,23928.9,0
2026-01-08 17:50:00,23930.45,23932.76,23925.82,23929.58,0
2026-01-08 17:55:00,23927.75,23928.52,23919.28,23922.17,0
2026-01-08 18:00:00,23921.2,23927.75,23916.2,23917.55,0
2026-01-08 18:05:00,23916.78,23923.46,23913.89,23921.2,0
2026-01-08 18:10:00,23920.44,23920.44,23911.39,23911.39,0
2026-01-08 18:15:00,23911.39,23912.74,23909.26,23910.42,0
2026-01-08 18:20:00,23910.4,23912.35,23910.04,23910.42,0
2026-01-08 18:25:00,23900.84,23904.26,23898.66,23898.88,0
2026-01-08 18:30:00,23899.26,23901.15,23896.18,23896.18,0
2026-01-08 18:35:00,23895.02,23896.95,23889.64,23890.4,0
2026-01-08 18:40:00,23890.98,23893.68,23889.62,23891.52,0
2026-01-08 18:45:00,23890.79,23895.71,23888.49,23891.56,0
2026-01-08 18:50:00,23890.4,23890.63,23881.16,23885.02,0
2026-01-08 18:55:00,23884.99,23884.99,23878.09,23881.94,0
2026-01-09 04:00:00,23889.25,23893.1,23878.47,23881.55,0
2026-01-09 04:05:00,23885.4,23889.25,23880.01,23882.32,0
2026-01-09 04:10:00,23881.55,23886.94,23881.16,23886.94,0
2026-01-09 04:15:00,23889.25,23894.26,23887.32,23894.26,0
2026-01-09 04:20:00,23895.02,23898.88,23893.1,23898.88,0
2026-01-09 04:25:00,23899.64,23909.27,23898.49,23909.27,0
2026-01-09 04:30:00,23910.42,23928.14,23910.42,23927.75,0
2026-01-09 04:35:00,23929.68,23933.91,23926.21,23929.29,0
2026-01-09 04:40:00,23928.14,23930.45,23922.74,23922.74,0
2026-01-09 04:45:00,23925.05,23934.3,23925.05,23926.6,0
2026-01-09 04:50:00,23926.6,23934.3,23923.9,23934.3,0
2026-01-09 04:55:00,23931.6,23932.76,23930.83,23932.37,0
2026-01-09 05:00:00,23935.45,23939.3,23930.06,23930.06,0
2026-01-09 05:05:00,23931.6,23935.45,23931.22,23935.45,0
2026-01-09 05:10:00,23935.45,23939.3,23933.14,23934.68,0
2026-01-09 05:15:00,23935.45,23940.46,23935.45,23940.46,0
2026-01-09 05:20:00,23938.53,23947.0,23938.53,23944.69,0
2026-01-09 05:25:00,23945.46,23947.0,23940.84,23941.22,0
2026-01-09 05:30:00,23940.84,23945.08,23939.3,23943.15,0
2026-01-09 05:35:00,23943.54,23943.54,23938.91,23941.61,0
2026-01-09 05:40:00,23939.68,23939.68,23933.91,23936.99,0
2026-01-09 05:45:00,23938.53,23943.92,23937.76,23943.92,0
2026-01-09 05:50:00,23943.92,23946.62,23939.3,23942.38,0
2026-01-09 05:55:00,23941.61,23943.92,23939.3,23939.3,0
2026-01-09 06:00:00,23939.3,23943.15,23933.14,23939.3,0
2026-01-09 06:05:00,23939.3,23943.54,23937.38,23937.38,0
2026-01-09 06:10:00,23938.14,23941.22,23937.76,23937.76,0
2026-01-09 06:15:00,23936.6,23944.3,23935.45,23944.3,0
2026-01-09 06:20:00,23946.23,23951.62,23943.92,23951.62,0
2026-01-09 06:25:00,23950.85,23958.16,23950.85,23956.24,0
2026-01-09 06:30:00,23958.55,23966.25,23954.7,23965.86,0
2026-01-09 06:35:00,23965.86,23970.1,23962.4,23970.1,0
2026-01-09 06:40:00,23970.87,23973.95,23962.4,23970.87,0
2026-01-09 06:45:00,23973.95,23973.95,23960.86,23961.24,0
2026-01-09 06:50:00,23962.4,23962.4,23958.55,23958.55,0
2026-01-09 06:55:00,23957.01,23957.01,23947.77,23950.85,0
2026-01-09 07:00:00,23949.31,23954.7,23947.0,23954.7,0
2026-01-09 07:05:00,23954.7,23961.24,23952.39,23954.32,0
2026-01-09 07:10:00,23953.16,23953.54,23946.23,23947.0,0
2026-01-09 07:15:00,23945.84,23947.77,23939.3,23940.84,0
2026-01-09 07:20:00,23939.3,23943.92,23937.38,23943.92,0
2026-01-09 07:25:00,23944.3,23944.69,23932.37,23936.99,0
2026-01-09 07:30:00,23938.14,23938.14,23931.22,23931.22,0
2026-01-09 07:35:00,23932.37,23932.37,23925.82,23929.68,0
2026-01-09 07:40:00,23931.6,23939.3,23930.06,23939.3,0
2026-01-09 07:45:00,23939.3,23950.85,23939.3,23950.85,0
2026-01-09 07:50:00,23952.0,23955.47,23945.46,23945.84,0
2026-01-09 07:55:00,23950.85,23957.01,23950.85,23957.01,0
2026-01-09 08:00:00,23890.36,23973.6,23870.0,23946.6,0
2026-01-09 08:05:00,23946.13,23955.47,23870.19,23954.32,0
2026-01-09 08:10:00,23953.74,23955.43,23941.22,23949.56,0
2026-01-09 08:15:00,23950.08,23952.2,23936.99,23950.08,0
2026-01-09 08:20:00,23948.92,23957.01,23940.46,23942.38,0
2026-01-09 08:25:00,23940.46,23954.7,23936.25,23954.7,0
2026-01-09 08:30:00,23947.0,23991.66,23947.0,23985.88,0
2026-01-09 08:35:00,23987.39,24007.83,23985.5,23995.9,0
2026-01-09 08:40:00,23995.51,24008.22,23994.33,23996.91,0
2026-01-09 08:45:00,23997.8,24005.52,23888.1,23994.74,0
2026-01-09 08:50:00,23995.9,24002.43,23987.04,24000.71,0
2026-01-09 08:55:00,24001.07,24008.99,23997.05,24006.68,0
2026-01-09 09:00:00,24007.45,24024.77,24005.52,24011.9,0
2026-01-09 09:05:00,24011.87,24027.27,23995.12,23999.61,0
2026-01-09 09:10:00,23999.36,24004.36,23959.31,23973.95,0
2026-01-09 09:15:00,23972.41,23977.8,23935.05,23942.38,0
2026-01-09 09:20:00,23942.0,23943.15,23911.58,23936.22,0
2026-01-09 09:25:00,23935.45,23940.46,23914.28,23923.13,0
2026-01-09 09:30:00,23879.62,23906.58,23863.84,23889.25,2243503
2026-01-09 09:35:00,23889.25,23995.51,23886.17,23963.94,1108792
2026-01-09 09:40:00,23963.55,23982.8,23942.38,23960.28,550629
2026-01-09 09:45:00,23959.32,23975.88,23887.71,23916.59,563489
2026-01-09 09:50:00,23917.35,23964.71,23898.1,23947.0,372742
2026-01-09 09:55:00,23945.46,23952.01,23903.49,23943.98,307978
2026-01-09 10:00:00,23945.08,23967.02,23913.89,23922.74,617093
2026-01-09 10:05:00,23922.83,23928.91,23833.81,23858.72,712805
2026-01-09 10:10:00,23859.99,23959.32,23855.37,23955.85,786456
2026-01-09 10:15:00,23955.85,23974.91,23941.84,23974.91,505019
2026-01-09 10:20:00,23975.88,24016.68,23959.71,24003.59,497048
2026-01-09 10:25:00,24003.59,24058.46,24001.67,24052.49,752741
2026-01-09 10:30:00,24052.88,24075.59,24031.32,24062.5,575954
2026-01-09 10:35:00,24062.5,24067.51,24040.94,24042.09,364284
2026-01-09 10:40:00,24042.29,24046.72,23984.92,23985.89,458686
2026-01-09 10:45:00,23985.89,24002.83,23967.41,23978.18,607506
2026-01-09 10:50:00,23977.8,24011.29,23975.49,23982.03,416115
2026-01-09 10:55:00,23980.88,24017.46,23970.48,24015.15,369632
2026-01-09 11:00:00,24016.3,24053.65,24015.15,24040.94,392979
2026-01-09 11:05:00,24040.94,24084.45,24037.47,24081.75,379910
2026-01-09 11:10:00,24081.36,24096.38,24060.58,24086.76,401537
2026-01-09 11:15:00,24086.76,24089.84,24072.51,24082.91,258991
2026-01-09 11:20:00,24083.29,24086.76,24069.43,24077.28,242061
2026-01-09 11:25:00,24076.36,24077.13,24057.49,24061.37,277373
2026-01-09 11:30:00,24061.34,24073.28,24049.41,24054.8,215762
2026-01-09 11:35:00,24054.8,24064.04,24044.41,24063.08,194251
2026-01-09 11:40:00,24063.66,24072.9,24051.34,24066.35,186483
2026-01-09 11:45:00,24065.58,24094.46,24064.81,24091.57,214103
2026-01-09 11:50:00,24091.76,24111.01,24091.57,24108.7,388225
2026-01-09 11:55:00,24108.7,24113.71,24100.61,24104.47,361696
2026-01-09 12:00:00,24103.7,24118.71,24094.07,24116.02,344238
2026-01-09 12:05:00,24116.78,24118.33,24108.7,24113.32,191417
2026-01-09 12:10:00,24113.32,24114.47,24097.92,24107.54,206068
2026-01-09 12:15:00,24107.16,24107.54,24081.94,24082.52,200691
2026-01-09 12:20:00,24082.52,24109.47,24082.52,24106.78,222838
2026-01-09 12:25:00,24107.16,24115.63,24103.7,24107.16,177428
2026-01-09 12:30:00,24107.16,24118.71,24100.23,24116.21,141574
2026-01-09 12:35:00,24116.02,24117.17,24106.0,24109.47,169923
2026-01-09 12:40:00,24109.09,24109.47,24098.69,24104.47,134620
2026-01-09 12:45:00,24104.08,24121.02,24100.42,24114.05,251302
2026-01-09 12:50:00,24114.09,24125.26,24112.16,24114.93,270344
2026-01-09 12:55:00,24114.86,24127.57,24111.01,24116.4,209391
2026-01-09 13:00:00,24116.4,24116.4,24100.23,24102.54,237411
2026-01-09 13:05:00,24102.92,24113.51,24085.98,24086.76,270220
2026-01-09 13:10:00,24087.14,24094.46,24083.1,24087.91,191153
2026-01-09 13:15:00,24087.91,24093.68,24083.29,24088.68,345938
2026-01-09 13:20:00,24088.29,24092.91,24083.67,24087.14,129765
2026-01-09 13:25:00,24086.76,24104.08,24079.44,24103.7,195411
2026-01-09 13:30:00,24102.92,24121.79,24102.54,24119.09,199615
2026-01-09 13:35:00,24119.09,24143.35,24118.33,24142.0,298968
2026-01-09 13:40:00,24142.2,24150.28,24130.45,24131.42,268134
2026-01-09 13:45:00,24131.41,24143.73,24129.49,24141.42,172620
2026-01-09 13:50:00,24141.81,24146.82,24136.42,24145.47,188979
2026-01-09 13:55:00,24145.66,24157.21,24142.97,24151.43,239070
2026-01-09 14:00:00,24151.43,24152.59,24142.97,24147.59,163235
2026-01-09 14:05:00,24147.2,24148.74,24139.69,24146.28,144621
2026-01-09 14:10:00,24146.43,24151.05,24141.81,24144.89,114166
2026-01-09 14:15:00,24144.89,24156.25,24144.89,24153.36,13093126
2026-01-09 14:20:00,24153.74,24154.71,24148.74,24152.78,0
2026-01-09 14:25:00,24152.59,24153.75,24147.59,24149.51,102752
2026-01-09 14:30:00,24149.51,24151.24,24143.73,24144.51,139061
2026-01-09 14:35:00,24144.51,24152.21,24143.35,24149.9,79960
2026-01-09 14:40:00,24149.9,24154.13,24146.82,24152.21,203167
2026-01-09 14:45:00,24152.21,24159.91,24148.74,24154.9,173073
2026-01-09 14:50:00,24154.64,24161.83,24154.13,24154.9,220258
2026-01-09 14:55:00,24154.9,24154.9,24144.12,24144.89,152734
2026-01-09 15:00:00,24144.51,24159.91,24140.66,24153.94,195345
2026-01-09 15:05:00,24154.13,24163.37,24151.05,24159.91,154737
2026-01-09 15:10:00,24159.91,24161.06,24154.13,24156.05,156924
2026-01-09 15:15:00,24156.05,24163.56,24154.13,24161.25,157250
2026-01-09 15:20:00,24161.45,24172.61,24159.52,24169.53,206803
2026-01-09 15:25:00,24169.53,24173.77,24156.83,24156.83,322808
2026-01-09 15:30:00,24157.21,24162.22,24154.13,24160.29,357597
2026-01-09 15:35:00,24159.91,24160.1,24152.59,24154.52,176915
2026-01-09 15:40:00,24154.9,24154.9,24146.04,24152.21,362615
2026-01-09 15:45:00,24152.21,24155.67,24147.97,24152.97,387619
2026-01-09 15:50:00,24152.97,24153.36,24135.27,24144.51,794817
2026-01-09 15:55:00,24144.12,24145.66,24125.45,24126.41,1127609
2026-01-09 16:00:00,24126.8,24132.57,24121.02,24130.26,0
2026-01-09 16:05:00,24129.88,24135.65,24123.72,24130.07,0
2026-01-09 16:10:00,24129.88,24131.76,24126.02,24126.8,0
2026-01-09 16:15:00,24126.02,24134.06,24124.48,24130.84,0
2026-01-09 16:20:00,24131.03,24132.18,24126.02,24127.95,0
2026-01-09 16:25:00,24128.34,24128.72,24126.02,24127.56,0
2026-01-09 16:30:00,24127.37,24127.76,24123.73,24124.1,0
2026-01-09 16:35:00,24124.1,24124.48,24121.02,24124.48,0
2026-01-09 16:40:00,24124.87,24126.42,24120.06,24121.0,0
2026-01-09 16:45:00,24119.86,24122.95,24118.32,24122.37,0
2026-01-09 16:50:00,24121.98,24126.8,24121.02,24125.83,0
2026-01-09 16:55:00,24124.48,24127.56,24122.95,24125.64,0
2026-01-09 17:00:00,24127.31,24129.88,24123.33,24128.21,0
2026-01-09 17:05:00,24123.45,24128.34,24123.33,24126.6,0
2026-01-09 17:10:00,24126.6,24127.95,24125.64,24126.4,0
2026-01-09 17:15:00,24126.22,24127.95,24126.02,24127.95,0
2026-01-09 17:20:00,24126.02,24133.34,24126.02,24127.18,0
2026-01-09 17:25:00,24127.18,24130.53,24126.41,24127.95,0
2026-01-09 17:30:00,24127.76,24128.53,24126.02,24127.56,0
2026-01-09 17:35:00,24127.18,24131.03,24126.02,24128.28,0
2026-01-09 17:40:00,24126.02,24128.34,24126.02,24127.15,0
2026-01-09 17:45:00,24126.6,24128.34,24126.41,24128.34,0
2026-01-09 17:50:00,24128.34,24128.34,24126.02,24126.99,0
2026-01-09 17:55:00,24126.99,24127.95,24126.02,24127.9,0
2026-01-09 18:00:00,24127.56,24127.95,24127.18,24127.95,0
2026-01-09 18:05:00,24127.56,24127.95,24126.02,24127.37,0
2026-01-09 18:10:00,24127.95,24127.95,24126.02,24127.18,0
2026-01-09 18:15:00,24127.95,24127.95,24126.41,24127.18,0
2026-01-09 18:20:00,24127.95,24139.5,24126.41,24138.47,0
2026-01-09 18:25:00,24136.75,24139.53,24130.67,24135.65,0
2026-01-09 18:30:00,24139.5,24139.5,24132.18,24133.72,0
2026-01-09 18:35:00,24133.34,24139.12,24132.18,24139.12,0
2026-01-09 18:40:00,24134.5,24139.12,24132.18,24132.57,0
2026-01-09 18:45:00,24132.18,24135.65,24131.8,24133.92,0
2026-01-09 18:50:00,24134.88,24139.12,24131.8,24135.65,0
2026-01-09 18:55:00,24135.46,24138.34,24132.57,24133.72,0
2026-01-12 04:00:00,23894.26,23911.58,23879.62,23889.25,0
2026-01-12 04:05:00,23897.34,23909.66,23894.26,23906.58,0
2026-01-12 04:10:00,23909.27,23914.28,23900.41,23910.04,0
2026-01-12 04:15:00,23911.2,23913.89,23901.18,23907.73,0
2026-01-12 04:20:00,23910.04,23910.04,23888.48,23892.33,0
2026-01-12 04:25:00,23894.26,23896.95,23890.4,23895.02,0
2026-01-12 04:30:00,23893.1,23897.72,23882.32,23888.1,0
2026-01-12 04:35:00,23886.94,23893.1,23884.63,23890.79,0
2026-01-12 04:40:00,23892.72,23898.88,23886.17,23891.56,0
2026-01-12 04:45:00,23892.33,23901.96,23892.33,23898.1,0
2026-01-12 04:50:00,23895.8,23913.5,23892.72,23912.74,0
2026-01-12 04:55:00,23913.89,23919.66,23906.19,23912.74,0
2026-01-12 05:00:00,23915.04,23916.2,23904.65,23908.5,0
2026-01-12 05:05:00,23908.88,23911.58,23906.58,23907.34,0
2026-01-12 05:10:00,23907.34,23910.81,23903.88,23903.88,0
2026-01-12 05:15:00,23905.42,23920.05,23903.11,23920.05,0
2026-01-12 05:20:00,23916.97,23916.97,23905.8,23915.43,0
2026-01-12 05:25:00,23913.89,23920.05,23911.96,23920.05,0
2026-01-12 05:30:00,23921.2,23931.98,23921.2,23931.98,0
2026-01-12 05:35:00,23931.6,23935.06,23924.67,23931.98,0
2026-01-12 05:40:00,23931.6,23935.45,23929.68,23929.68,0
2026-01-12 05:45:00,23930.06,23930.06,23924.67,23928.9,0
2026-01-12 05:50:00,23927.36,23927.36,23922.74,23925.82,0
2026-01-12 05:55:00,23923.9,23923.9,23916.2,23922.36,0
2026-01-12 06:00:00,23922.74,23933.91,23921.2,23923.52,0
2026-01-12 06:05:00,23923.9,23933.52,23923.9,23927.75,0
2026-01-12 06:10:00,23931.98,23945.46,23931.98,23940.84,0
2026-01-12 06:15:00,23942.38,23943.15,23928.52,23929.29,0
2026-01-12 06:20:00,23928.14,23933.91,23928.14,23933.91,0
2026-01-12 06:25:00,23934.68,23935.45,23931.6,23931.98,0
2026-01-12 06:30:00,23931.98,23931.98,23925.82,23930.83,0
2026-01-12 06:35:00,23929.29,23935.84,23926.98,23931.22,0
2026-01-12 06:40:00,23930.45,23935.06,23930.45,23931.6,0
2026-01-12 06:45:00,23931.6,23935.45,23926.6,23926.6,0
2026-01-12 06:50:00,23930.06,23931.22,23927.36,23930.06,0
2026-01-12 06:55:00,23928.9,23931.98,23923.52,23931.98,0
2026-01-12 07:00:00,23930.83,23943.15,23927.75,23943.15,0
2026-01-12 07:05:00,23943.88,23953.16,23941.61,23941.61,0
2026-01-12 07:10:00,23945.46,23953.16,23942.38,23945.84,0
2026-01-12 07:15:00,23946.62,23952.0,23946.58,23946.58,0
2026-01-12 07:20:00,23947.0,23951.24,23947.0,23950.08,0
2026-01-12 07:25:00,23950.04,23950.04,23939.3,23942.38,0
2026-01-12 07:30:00,23944.69,23959.7,23944.69,23959.7,0
2026-01-12 07:35:00,23957.78,23958.94,23945.08,23947.38,0
2026-01-12 07:40:00,23946.23,23958.55,23945.46,23956.24,0
2026-01-12 07:45:00,23955.86,23958.55,23950.08,23958.55,0
2026-01-12 07:50:00,23960.48,23970.48,23960.09,23968.95,0
2026-01-12 07:55:00,23970.1,23972.41,23961.24,23965.1,0
2026-01-12 08:00:00,23932.37,23972.41,23855.37,23965.99,0
2026-01-12 08:05:00,24126.02,24126.02,23942.76,23942.76,0
2026-01-12 08:10:00,23943.54,23957.4,23943.54,23944.69,0
2026-01-12 08:15:00,23944.69,23968.56,23944.5,23966.83,0
2026-01-12 08:20:00,23967.79,23973.56,23954.32,23957.59,0
2026-01-12 08:25:00,23958.16,23967.79,23957.78,23964.76,0
2026-01-12 08:30:00,23965.48,23966.23,23951.62,23962.02,0
2026-01-12 08:35:00,23961.63,23965.48,23954.51,23962.4,0
2026-01-12 08:40:00,23962.78,23966.25,23950.84,23957.78,0
2026-01-12 08:45:00,23957.76,24126.02,23953.73,23956.24,0
2026-01-12 08:50:00,23955.46,23965.86,23953.16,23962.4,0
2026-01-12 08:55:00,23961.63,23971.26,23956.24,23956.24,0
2026-01-12 09:00:00,23956.62,23963.36,23953.16,23955.86,0
2026-01-12 09:05:00,23955.46,23966.25,23946.04,23959.69,0
2026-01-12 09:10:00,23960.09,23960.09,23952.43,23954.51,0
2026-01-12 09:15:00,23953.54,23957.78,23939.68,23950.85,0
2026-01-12 09:20:00,23951.04,23956.24,23938.53,23939.3,0
2026-01-12 09:25:00,23940.07,23962.78,23934.3,23958.94,0
2026-01-12 09:30:00,23958.93,24064.04,23957.01,24060.53,1900748
2026-01-12 09:35:00,24059.8,24090.22,24051.53,24083.87,893480
2026-01-12 09:40:00,24084.45,24093.3,24053.26,24056.34,699988
2026-01-12 09:45:00,24057.11,24075.59,24039.78,24072.9,615331
2026-01-12 09:50:00,24073.47,24121.79,24070.2,24094.84,614228
2026-01-12 09:55:00,24094.07,24116.4,24091.18,24099.84,366054
2026-01-12 10:00:00,24100.61,24106.39,24074.82,24078.28,487916
2026-01-12 10:05:00,24078.28,24091.38,24069.43,24084.06,376249
2026-01-12 10:10:00,24082.91,24106.01,24073.28,24104.47,461223
2026-01-12 10:15:00,24104.47,24109.47,24085.6,24103.31,420858
2026-01-12 10:20:00,24103.31,24129.1,24098.3,24116.4,503696
2026-01-12 10:25:00,24116.78,24130.26,24109.85,24119.48,389393
2026-01-12 10:30:00,24119.09,24120.64,24078.28,24090.99,527867
2026-01-12 10:35:00,24090.99,24106.78,24080.59,24100.23,340405
2026-01-12 10:40:00,24100.23,24101.77,24075.59,24087.14,319783
2026-01-12 10:45:00,24087.14,24097.53,24065.97,24094.46,306105
2026-01-12 10:50:00,24094.46,24109.85,24082.91,24106.77,244597
2026-01-12 10:55:00,24106.78,24117.55,24100.61,24113.51,226272
2026-01-12 11:00:00,24113.32,24120.83,24100.61,24112.93,217562
2026-01-12 11:05:00,24112.55,24124.48,24111.4,24122.56,189128
2026-01-12 11:10:00,24122.75,24142.58,24122.75,24142.2,348363
2026-01-12 11:15:00,24142.2,24154.52,24138.73,24145.28,289403
2026-01-12 11:20:00,24144.51,24151.82,24130.26,24139.5,323472
2026-01-12 11:25:00,24140.27,24140.66,24126.33,24136.8,181731
2026-01-12 11:30:00,24137.0,24142.97,24129.88,24139.88,99840
2026-01-12 11:35:00,24140.27,24146.04,24136.15,24139.31,146132
2026-01-12 11:40:00,24139.5,24147.59,24128.72,24129.3,120900
2026-01-12 11:45:00,24129.57,24140.66,24119.48,24137.19,229879
2026-01-12 11:50:00,24137.96,24157.21,24137.02,24155.28,218504
2026-01-12 11:55:00,24155.28,24162.98,24153.74,24154.9,194862
2026-01-12 12:00:00,24154.9,24165.29,24146.62,24158.75,167007
2026-01-12 12:05:00,24159.14,24161.64,24147.97,24149.12,112764
2026-01-12 12:10:00,24149.12,24166.84,24148.74,24162.98,173001
2026-01-12 12:15:00,24162.6,24163.76,24148.16,24151.05,134966
2026-01-12 12:20:00,24151.24,24164.53,24150.66,24150.66,150072
2026-01-12 12:25:00,24149.9,24156.83,24144.51,24156.81,115287
2026-01-12 12:30:00,24156.44,24156.44,24144.12,24147.39,91458
2026-01-12 12:35:00,24146.82,24149.51,24135.65,24137.19,121026
2026-01-12 12:40:00,24137.19,24155.48,24134.49,24152.97,128045
2026-01-12 12:45:00,24153.36,24165.29,24151.43,24162.98,157459
2026-01-12 12:50:00,24162.98,24164.72,24153.74,24163.56,123475
2026-01-12 12:55:00,24163.56,24165.68,24159.52,24162.02,113723
2026-01-12 13:00:00,24162.22,24171.65,24159.14,24170.68,140372
2026-01-12 13:05:00,24171.46,24183.78,24170.88,24178.58,234388
2026-01-12 13:10:00,24178.77,24180.31,24174.15,24177.23,107940
2026-01-12 13:15:00,24177.61,24177.61,24168.38,24176.07,119865
2026-01-12 13:20:00,24175.69,24188.4,24175.3,24185.51,103553
2026-01-12 13:25:00,24185.32,24185.89,24179.16,24182.62,89412
2026-01-12 13:30:00,24183.01,24184.93,24174.53,24176.08,106793
2026-01-12 13:35:00,24176.46,24179.16,24172.22,24176.84,62734
2026-01-12 13:40:00,24176.65,24178.19,24171.84,24174.73,100401
2026-01-12 13:45:00,24174.73,24182.62,24172.42,24179.54,78405
2026-01-12 13:50:00,24179.54,24184.41,24169.15,24169.15,94645
2026-01-12 13:55:00,24169.34,24172.61,24167.22,24171.26,171238
2026-01-12 14:00:00,24171.07,24171.07,24159.13,24160.67,117792
2026-01-12 14:05:00,24160.29,24172.22,24156.44,24171.84,131331
2026-01-12 14:10:00,24171.46,24176.08,24169.53,24173.92,104845
2026-01-12 14:15:00,24174.15,24183.2,24170.68,24183.01,115164
2026-01-12 14:20:00,24183.2,24187.06,24179.35,24186.85,132936
2026-01-12 14:25:00,24187.24,24194.17,24183.97,24188.01,145568
2026-01-12 14:30:00,24188.4,24204.18,24187.62,24201.48,245196
2026-01-12 14:35:00,24201.48,24206.1,24197.64,24199.56,258961
2026-01-12 14:40:00,24199.56,24200.83,24194.94,24197.64,130081
2026-01-12 14:45:00,24197.64,24202.64,24196.82,24199.95,97711
2026-01-12 14:50:00,24199.75,24202.06,24195.71,24197.25,91795
2026-01-12 14:55:00,24197.25,24206.49,24196.09,24204.95,123814
2026-01-12 15:00:00,24205.14,24210.53,24195.33,24196.86,162256
2026-01-12 15:05:00,24196.86,24200.72,24194.17,24194.36,121461
2026-01-12 15:10:00,24194.21,24199.17,24189.16,24193.78,125326
2026-01-12 15:15:00,24193.64,24193.78,24184.93,24186.14,275445
2026-01-12 15:20:00,24186.47,24189.16,24178.77,24181.85,184281
2026-01-12 15:25:00,24181.47,24186.47,24179.54,24183.39,150905
2026-01-12 15:30:00,24183.39,24188.01,24176.08,24181.85,168318
2026-01-12 15:35:00,24181.47,24182.23,24174.92,24175.3,13055714
2026-01-12 15:40:00,24174.92,24177.24,24167.8,24173.0,0
2026-01-12 15:45:00,24172.99,24183.01,24168.38,24177.61,355410
2026-01-12 15:50:00,24176.46,24176.46,24152.97,24167.99,634992
2026-01-12 15:55:00,24167.6,24167.6,24146.04,24146.82,856485
2026-01-12 16:00:00,24147.59,24153.36,24144.12,24151.24,0
2026-01-12 16:05:00,24151.05,24157.98,24146.04,24152.2,0
2026-01-12 16:10:00,24146.04,24156.05,24146.04,24154.52,0
2026-01-12 16:15:00,24146.04,24153.55,24146.04,24150.09,0
2026-01-12 16:20:00,24150.28,24157.68,24146.04,24157.6,0
2026-01-12 16:25:00,24157.6,24166.84,24157.6,24162.98,0
2026-01-12 16:30:00,24164.14,24164.22,24159.52,24162.22,0
2026-01-12 16:35:00,24162.18,24162.18,24156.84,24157.4,0
2026-01-12 16:40:00,24156.82,24161.45,24156.82,24161.45,0
2026-01-12 16:45:00,24161.83,24162.22,24141.04,24141.04,0
2026-01-12 16:50:00,24142.58,24142.95,24129.88,24133.75,0
2026-01-12 16:55:00,24133.72,24141.42,24131.01,24137.19,0
2026-01-12 17:00:00,24138.15,24146.04,24137.19,24139.88,0
2026-01-12 17:05:00,24139.5,24146.04,24137.25,24139.31,0
2026-01-12 17:10:00,24139.31,24140.27,24138.73,24139.5,0
2026-01-12 17:15:00,24140.27,24141.42,24139.12,24139.5,0
2026-01-12 17:20:00,24138.34,24142.2,24136.42,24140.27,0
2026-01-12 17:25:00,24140.27,24141.81,24139.54,24140.85,0
2026-01-12 17:30:00,24140.27,24147.2,24140.27,24145.28,0
2026-01-12 17:35:00,24143.35,24147.2,24143.35,24144.5,0
2026-01-12 17:40:00,24146.95,24147.2,24141.81,24144.12,0
2026-01-12 17:45:00,24144.2,24146.04,24143.35,24145.85,0
2026-01-12 17:50:00,24147.2,24147.2,24144.51,24146.43,0
2026-01-12 17:55:00,24146.82,24147.59,24144.5,24147.51,0
2026-01-12 18:00:00,24142.9,24142.9,24114.06,24118.52,0
2026-01-12 18:05:00,24118.13,24124.87,24113.7,24121.79,0
2026-01-12 18:10:00,24122.54,24128.34,24119.15,24126.41,0
2026-01-12 18:15:00,24124.48,24132.96,24124.48,24129.49,0
2026-01-12 18:20:00,24130.61,24134.11,24129.15,24132.38,0
2026-01-12 18:25:00,24131.8,24132.9,24124.48,24124.68,0
2026-01-12 18:30:00,24124.48,24127.14,24120.64,24124.87,0
2026-01-12 18:35:00,24126.02,24127.95,24122.18,24122.75,0
2026-01-12 18:40:00,24120.25,24121.4,24112.94,24117.3,0
2026-01-12 18:45:00,24117.5,24117.5,24102.92,24104.46,0
2026-01-12 18:50:00,24103.7,24108.3,24098.27,24100.19,0
2026-01-12 18:55:00,24097.8,24101.0,24094.44,24095.61,0
2026-01-13 04:00:00,24107.16,24131.03,24107.16,24125.64,0
2026-01-13 04:05:00,24124.1,24125.26,24119.48,24121.02,0
2026-01-13 04:10:00,24121.79,24129.1,24121.02,24129.1,0
2026-01-13 04:15:00,24129.88,24136.8,24129.1,24132.96,0
2026-01-13 04:20:00,24132.96,24136.04,24127.56,24128.34,0
2026-01-13 04:25:00,24128.34,24129.49,24125.64,24126.41,0
2026-01-13 04:30:00,24124.87,24128.34,24124.48,24125.64,0
2026-01-13 04:35:00,24124.87,24124.87,24118.32,24120.25,0
2026-01-13 04:40:00,24119.48,24119.48,24099.84,24101.0,0
2026-01-13 04:45:00,24102.54,24113.32,24099.84,24113.32,0
2026-01-13 04:50:00,24111.4,24118.32,24111.4,24115.24,0
2026-01-13 04:55:00,24115.24,24116.4,24112.55,24116.02,0
2026-01-13 05:00:00,24112.55,24117.94,24108.7,24108.7,0
2026-01-13 05:05:00,24106.39,24106.78,24097.15,24097.15,0
2026-01-13 05:10:00,24095.61,24101.0,24083.29,24084.45,0
2026-01-13 05:15:00,24084.45,24089.45,24079.44,24088.3,0
2026-01-13 05:20:00,24090.99,24093.3,24085.6,24093.3,0
2026-01-13 05:25:00,24092.91,24092.91,24087.52,24087.91,0
2026-01-13 05:30:00,24087.91,24094.07,24087.91,24094.07,0
2026-01-13 05:35:00,24092.14,24100.23,24092.14,24099.46,0
2026-01-13 05:40:00,24097.92,24098.69,24087.91,24090.22,0
2026-01-13 05:45:00,24089.06,24090.6,24087.14,24090.6,0
2026-01-13 05:50:00,24087.14,24091.38,24085.22,24085.22,0
2026-01-13 05:55:00,24083.68,24085.6,24083.29,24083.68,0
2026-01-13 06:00:00,24086.37,24090.22,24082.52,24090.22,0
2026-01-13 06:05:00,24088.68,24100.23,24088.68,24098.69,0
2026-01-13 06:10:00,24098.69,24098.69,24089.45,24089.45,0
2026-01-13 06:15:00,24089.06,24093.3,24087.52,24092.14,0
2026-01-13 06:20:00,24092.91,24097.54,24090.6,24095.22,0
2026-01-13 06:25:00,24095.22,24095.22,24092.14,24094.07,0
2026-01-13 06:30:00,24093.68,24093.68,24078.28,24079.82,0
2026-01-13 06:35:00,24079.44,24085.6,24078.28,24084.83,0
2026-01-13 06:40:00,24084.83,24089.45,24080.21,24080.21,0
2026-01-13 06:45:00,24085.98,24089.45,24082.52,24085.22,0
2026-01-13 06:50:00,24086.37,24096.38,24083.29,24094.46,0
2026-01-13 06:55:00,24095.22,24104.85,24094.84,24104.85,0
2026-01-13 07:00:00,24104.85,24108.7,24094.07,24102.54,0
2026-01-13 07:05:00,24102.16,24106.78,24102.16,24106.78,0
2026-01-13 07:10:00,24107.54,24110.62,24106.78,24109.09,0
2026-01-13 07:15:00,24107.16,24116.4,24107.16,24109.86,0
2026-01-13 07:20:00,24111.4,24114.48,24109.47,24114.48,0
2026-01-13 07:25:00,24113.32,24120.25,24110.62,24119.1,0
2026-01-13 07:30:00,24118.32,24119.48,24113.7,24116.4,0
2026-01-13 07:35:00,24116.02,24121.02,24115.63,24118.32,0
2026-01-13 07:40:00,24119.1,24120.64,24117.17,24117.17,0
2026-01-13 07:45:00,24118.32,24119.86,24113.7,24113.7,0
2026-01-13 07:50:00,24112.55,24117.17,24106.78,24106.78,0
2026-01-13 07:55:00,24105.24,24105.62,24094.46,24100.62,0
2026-01-13 08:00:00,24103.31,24136.82,24078.27,24109.86,0
2026-01-13 08:05:00,24146.04,24146.04,24105.24,24106.0,0
2026-01-13 08:10:00,24106.39,24111.78,24102.56,24104.85,0
2026-01-13 08:15:00,24104.46,24105.24,24093.3,24097.15,0
2026-01-13 08:20:00,24096.76,24101.38,24092.14,24096.0,0
2026-01-13 08:25:00,24095.01,24114.09,24094.07,24114.09,0
2026-01-13 08:30:00,24115.63,24236.87,24114.48,24209.96,0
2026-01-13 08:35:00,24209.61,24226.52,24164.89,24176.84,0
2026-01-13 08:40:00,24179.92,24198.02,24179.92,24185.7,0
2026-01-13 08:45:00,24184.93,24187.62,24146.04,24169.53,0
2026-01-13 08:50:00,24170.68,24175.69,24145.26,24164.52,0
2026-01-13 08:55:00,24163.76,24168.95,24148.74,24168.38,0
2026-01-13 09:00:00,24167.22,24170.3,24159.71,24170.11,0
2026-01-13 09:05:00,24169.91,24170.68,24163.76,24169.53,0
2026-01-13 09:10:00,24168.38,24176.08,24162.23,24167.99,0
2026-01-13 09:15:00,24169.14,24179.16,24126.22,24176.46,0
2026-01-13 09:20:00,24176.84,24190.91,24176.27,24190.72,0
2026-01-13 09:25:00,24191.86,24196.86,24147.6,24148.93,0
2026-01-13 09:30:00,24148.74,24183.01,24131.41,24180.7,1628974
2026-01-13 09:35:00,24180.5,24205.72,24165.29,24204.18,680036
2026-01-13 09:40:00,24204.95,24234.59,24159.91,24187.2,772081
2026-01-13 09:45:00,24185.7,24197.64,24156.44,24172.26,515959
2026-01-13 09:50:00,24173.1,24189.93,24141.04,24155.28,514040
2026-01-13 09:55:00,24154.9,24176.46,24146.43,24147.2,258873
2026-01-13 10:00:00,24146.43,24166.45,24095.99,24129.88,522691
2026-01-13 10:05:00,24130.65,24156.05,24111.01,24114.47,393880
2026-01-13 10:10:00,24115.24,24124.1,24099.08,24115.63,295022
2026-01-13 10:15:00,24116.02,24116.02,24068.66,24086.76,380998
2026-01-13 10:20:00,24086.76,24087.91,24036.71,24045.17,441415
2026-01-13 10:25:00,24045.17,24055.57,24021.69,24049.76,411243
2026-01-13 10:30:00,24048.41,24067.89,24035.93,24051.72,380765
2026-01-13 10:35:00,24050.95,24086.37,24039.02,24045.17,348532
2026-01-13 10:40:00,24045.56,24053.41,24029.01,24041.67,255184
2026-01-13 10:45:00,24040.94,24057.49,24019.38,24023.23,241318
2026-01-13 10:50:00,24022.46,24092.53,24021.07,24091.38,262184
2026-01-13 10:55:00,24090.6,24106.78,24081.56,24099.08,338690
2026-01-13 11:00:00,24098.3,24107.54,24089.45,24092.15,240094
2026-01-13 11:05:00,24092.53,24109.09,24086.76,24104.47,140769
2026-01-13 11:10:00,24104.08,24114.1,24097.15,24106.39,188901
2026-01-13 11:15:00,24106.2,24126.03,24106.01,24117.17,192522
2026-01-13 11:20:00,24116.59,24122.17,24105.62,24112.17,175151
2026-01-13 11:25:00,24111.4,24113.32,24054.8,24108.24,330278
2026-01-13 11:30:00,24106.01,24146.43,24097.53,24145.81,266219
2026-01-13 11:35:00,24145.66,24152.97,24142.58,24152.21,216627
2026-01-13 11:40:00,24152.97,24178.0,24145.28,24170.3,570262
2026-01-13 11:45:00,24170.3,24191.67,24167.99,24190.32,365846
2026-01-13 11:50:00,24190.71,24209.18,24190.32,24209.18,371699
2026-01-13 11:55:00,24209.18,24218.04,24201.48,24201.87,328635
2026-01-13 12:00:00,24201.87,24209.96,24195.33,24208.03,222047
2026-01-13 12:05:00,24208.03,24210.34,24196.86,24197.29,122432
2026-01-13 12:10:00,24197.64,24200.1,24187.05,24188.01,160917
2026-01-13 12:15:00,24188.01,24189.93,24142.97,24156.83,432028
2026-01-13 12:20:00,24155.28,24180.7,24150.51,24177.61,240165
2026-01-13 12:25:00,24177.23,24177.61,24152.59,24163.75,126858
2026-01-13 12:30:00,24163.76,24174.53,24116.4,24166.37,325722
2026-01-13 12:35:00,24166.45,24171.07,24147.01,24148.35,139771
2026-01-13 12:40:00,24148.74,24151.93,24123.33,24126.22,145127
2026-01-13 12:45:00,24126.79,24144.51,24120.64,24142.97,171592
2026-01-13 12:50:00,24143.35,24145.28,24093.68,24103.7,366806
2026-01-13 12:55:00,24103.31,24103.31,24062.89,24080.21,326832
2026-01-13 13:00:00,24079.44,24085.6,24057.11,24068.66,345710
2026-01-13 13:05:00,24069.43,24095.03,24065.58,24078.67,226404
2026-01-13 13:10:00,24078.48,24105.47,24069.82,24105.47,173833
2026-01-13 13:15:00,24105.81,24112.16,24096.38,24098.77,146004
2026-01-13 13:20:00,24099.08,24100.23,24072.51,24077.9,148397
2026-01-13 13:25:00,24077.9,24092.91,24070.2,24078.67,133261
2026-01-13 13:30:00,24078.28,24095.99,24072.51,24089.45,118976
2026-01-13 13:35:00,24089.07,24105.62,24088.68,24099.08,126962
2026-01-13 13:40:00,24099.08,24099.84,24068.28,24071.25,173580
2026-01-13 13:45:00,24070.17,24084.06,24063.66,24068.58,165504
2026-01-13 13:50:00,24067.89,24068.28,24044.02,24058.65,258557
2026-01-13 13:55:00,24058.65,24062.5,24040.55,24047.03,271953
2026-01-13 14:00:00,24047.48,24058.27,24035.16,24039.21,157693
2026-01-13 14:05:00,24040.55,24049.03,24031.33,24033.62,166081
2026-01-13 14:10:00,24033.24,24047.48,24029.78,24037.47,151730
2026-01-13 14:15:00,24037.09,24069.82,24036.32,24057.95,272423
2026-01-13 14:20:00,24057.88,24074.82,24051.72,24058.27,242521
2026-01-13 14:25:00,24059.03,24074.05,24047.1,24070.97,157001
2026-01-13 14:30:00,24069.82,24074.82,24058.27,24059.42,168257
2026-01-13 14:35:00,24059.42,24070.2,24055.57,24065.2,132993
2026-01-13 14:40:00,24065.97,24077.13,24061.73,24062.5,163808
2026-01-13 14:45:00,24062.89,24065.58,24050.95,24059.42,153455
2026-01-13 14:50:00,24059.42,24080.21,24058.07,24077.52,127751
2026-01-13 14:55:00,24077.9,24089.07,24065.96,24071.74,248633
2026-01-13 15:00:00,24071.35,24072.12,24050.18,24057.88,286041
2026-01-13 15:05:00,24057.39,24069.43,24056.34,24063.27,169299
2026-01-13 15:10:00,24063.46,24063.46,24045.17,24047.48,140873
2026-01-13 15:15:00,24047.87,24057.11,24046.33,24055.96,147225
2026-01-13 15:20:00,24055.18,24055.57,24041.71,24050.57,151141
2026-01-13 15:25:00,24050.18,24050.95,24032.85,24034.97,149689
2026-01-13 15:30:00,24034.78,24037.67,24012.26,24022.08,237906
2026-01-13 15:35:00,24022.46,24041.33,24015.72,24041.33,252070
2026-01-13 15:40:00,24041.71,24052.49,24039.02,24050.57,316757
2026-01-13 15:45:00,24050.95,24063.66,24042.86,24057.88,270805
2026-01-13 15:50:00,24058.27,24092.15,24050.95,24091.76,478399
2026-01-13 15:55:00,24091.38,24112.16,24084.83,24106.01,914267
2026-01-13 16:00:00,24105.24,24125.64,24105.24,24118.9,0
2026-01-13 16:05:00,24119.46,24122.95,24110.24,24113.55,0
2026-01-13 16:10:00,24114.48,24116.4,24109.47,24111.01,0
2026-01-13 16:15:00,24110.24,24115.21,24109.09,24111.01,0
2026-01-13 16:20:00,24112.55,24114.86,24109.09,24109.09,0
2026-01-13 16:25:00,24109.28,24117.17,24106.78,24114.09,0
2026-01-13 16:30:00,24113.32,24113.91,24108.32,24109.28,0
2026-01-13 16:35:00,24109.09,24111.01,24106.78,24106.78,0
2026-01-13 16:40:00,24107.13,24108.12,24100.23,24101.0,0
2026-01-13 16:45:00,24098.69,24103.7,24097.92,24101.77,0
2026-01-13 16:50:00,24102.16,24104.08,24099.84,24104.08,0
2026-01-13 16:55:00,24103.31,24104.05,24097.15,24101.0,0
2026-01-13 17:00:00,24101.77,24110.24,24097.15,24102.88,0
2026-01-13 17:05:00,24101.19,24104.08,24099.46,24101.77,0
2026-01-13 17:10:00,24099.84,24104.08,24099.84,24103.12,0
2026-01-13 17:15:00,24103.12,24103.31,24097.54,24098.5,0
2026-01-13 17:20:00,24098.5,24101.38,24097.54,24100.42,0
2026-01-13 17:25:00,24100.42,24101.38,24097.54,24097.92,0
2026-01-13 17:30:00,24099.65,24101.38,24097.92,24099.46,0
2026-01-13 17:35:00,24100.23,24104.08,24099.08,24101.58,0
2026-01-13 17:40:00,24101.58,24101.58,24085.6,24096.35,0
2026-01-13 17:45:00,24095.8,24099.08,24094.46,24095.42,0
2026-01-13 17:50:00,24096.76,24104.08,24094.07,24097.92,0
2026-01-13 17:55:00,24097.92,24104.08,24097.54,24097.7,0
2026-01-13 18:00:00,24099.08,24112.79,24099.08,24107.54,0
2026-01-13 18:05:00,24109.09,24113.32,24107.19,24110.28,0
2026-01-13 18:10:00,24112.53,24112.53,24093.3,24101.38,0
2026-01-13 18:15:00,24101.58,24101.8,24093.4,24093.67,0
2026-01-13 18:20:00,24094.84,24104.46,24094.84,24097.73,0
2026-01-13 18:25:00,24098.69,24098.69,24089.45,24092.91,0
2026-01-13 18:30:00,24092.34,24097.92,24092.16,24096.19,0
2026-01-13 18:35:00,24096.76,24099.46,24093.88,24097.34,0
2026-01-13 18:40:00,24097.34,24102.73,24097.34,24098.5,0
2026-01-13 18:45:00,24097.92,24098.3,24091.76,24095.61,0
2026-01-13 18:50:00,24096.38,24097.54,24092.14,24094.22,0
2026-01-13 18:55:00,24095.22,24095.22,24092.53,24092.72,0
2026-01-14 04:00:00,24066.74,24076.36,24064.04,24075.98,0
2026-01-14 04:05:00,24072.51,24077.9,24072.12,24077.9,0
2026-01-14 04:10:00,24079.44,24085.22,24077.9,24081.75,0
2026-01-14 04:15:00,24082.14,24084.83,24079.44,24081.75,0
2026-01-14 04:20:00,24081.75,24085.22,24079.82,24080.21,0
2026-01-14 04:25:00,24079.05,24081.36,24070.2,24072.9,0
2026-01-14 04:30:00,24074.05,24076.36,24070.2,24072.12,0
2026-01-14 04:35:00,24072.51,24076.36,24067.89,24073.66,0
2026-01-14 04:40:00,24070.2,24070.2,24057.5,24062.5,0
2026-01-14 04:45:00,24064.42,24064.42,24057.88,24060.58,0
2026-01-14 04:50:00,24059.42,24060.58,24047.1,24060.58,0
2026-01-14 04:55:00,24060.58,24065.2,24058.65,24058.65,0
2026-01-14 05:00:00,24060.96,24060.96,24050.95,24050.95,0
2026-01-14 05:05:00,24052.88,24058.65,24052.1,24058.65,0
2026-01-14 05:10:00,24055.18,24058.65,24041.71,24043.25,0
2026-01-14 05:15:00,24040.55,24040.94,24026.31,24026.31,0
2026-01-14 05:20:00,24026.31,24026.31,23981.65,23992.04,0
2026-01-14 05:25:00,23987.81,23991.28,23973.18,23985.88,0
2026-01-14 05:30:00,23985.88,23988.58,23955.47,23962.78,0
2026-01-14 05:35:00,23958.94,23980.5,23955.47,23977.41,0
2026-01-14 05:40:00,23982.04,23982.04,23966.64,23969.33,0
2026-01-14 05:45:00,23968.18,23968.95,23947.77,23947.77,0
2026-01-14 05:50:00,23948.54,23955.47,23931.6,23945.08,0
2026-01-14 05:55:00,23947.0,23960.48,23943.92,23952.78,0
2026-01-14 09:30:00,23944.88,24001.67,23890.41,23993.2,2244743
2026-01-14 09:35:00,23992.82,24002.83,23909.46,23916.59,999744
2026-01-14 09:40:00,23916.59,23931.22,23848.44,23856.53,980284
2026-01-14 09:45:00,23855.76,23895.03,23840.35,23888.09,953238
2026-01-14 09:50:00,23887.71,23890.79,23836.7,23854.41,901753
2026-01-14 09:55:00,23854.22,23857.29,23809.94,23813.79,780587
2026-01-14 10:00:00,23813.02,23814.17,23764.12,23787.61,1288662
2026-01-14 10:05:00,23786.46,23819.57,23779.14,23815.43,807501
2026-01-14 10:10:00,23815.72,23896.57,23791.84,23894.26,1165577
2026-01-14 10:15:00,23894.64,23911.2,23877.32,23886.36,707393
2026-01-14 10:20:00,23885.78,23907.73,23864.22,23882.71,508789
2026-01-14 10:25:00,23883.47,23890.02,23833.81,23838.04,373600
2026-01-14 10:30:00,23836.12,23839.2,23801.09,23819.95,521154
2026-01-14 10:35:00,23820.34,23844.59,23809.17,23843.82,444587
2026-01-14 10:40:00,23842.66,23856.91,23779.14,23787.42,475934
2026-01-14 10:45:00,23787.61,23798.78,23715.61,23718.31,1016354
2026-01-14 10:50:00,23718.31,23732.94,23706.38,23729.86,760714
2026-01-14 10:55:00,23729.47,23746.8,23718.7,23726.01,1009495
2026-01-14 11:00:00,23726.01,23761.82,23721.78,23761.82,647358
2026-01-14 11:05:00,23762.2,23766.43,23726.4,23736.41,529591
2026-01-14 11:10:00,23736.41,23745.65,23725.24,23732.17,400673
2026-01-14 11:15:00,23732.16,23746.8,23724.09,23743.72,355088
2026-01-14 11:20:00,23743.72,23795.7,23742.95,23792.23,545253
2026-01-14 11:25:00,23792.61,23815.14,23777.22,23804.93,504162
2026-01-14 11:30:00,23804.93,23817.26,23781.45,23790.69,432901
2026-01-14 11:35:00,23789.92,23789.92,23751.8,23774.91,663433
2026-01-14 11:40:00,23774.91,23775.67,23742.57,23745.65,330422
2026-01-14 11:45:00,23746.03,23746.03,23709.07,23711.96,567017
2026-01-14 11:50:00,23711.77,23712.15,23679.42,23688.28,772449
2026-01-14 11:55:00,23687.9,23699.45,23678.66,23696.75,856741
2026-01-14 12:00:00,23696.36,23719.85,23681.35,23694.44,387369
2026-01-14 12:05:00,23694.44,23736.79,23690.21,23734.26,249208
2026-01-14 12:10:00,23734.09,23738.72,23719.47,23729.09,263401
2026-01-14 12:15:00,23729.47,23729.47,23674.8,23690.97,426640
2026-01-14 12:20:00,23691.55,23711.77,23680.58,23710.22,346668
2026-01-14 12:25:00,23710.99,23733.71,23704.84,23727.16,270683
2026-01-14 12:30:00,23726.4,23726.4,23683.66,23687.7,393189
2026-01-14 12:35:00,23689.41,23707.89,23687.9,23699.06,261324
2026-01-14 12:40:00,23699.06,23714.84,23695.21,23713.3,259684
2026-01-14 12:45:00,23712.92,23741.41,23711.77,23724.09,315126
2026-01-14 12:50:00,23723.7,23724.09,23674.42,23682.51,406137
2026-01-14 12:55:00,23682.51,23693.67,23672.11,23687.12,329650
2026-01-14 13:00:00,23686.74,23717.54,23682.51,23713.69,262883
2026-01-14 13:05:00,23712.92,23720.62,23699.83,23717.16,272572
2026-01-14 13:10:00,23715.23,23727.16,23704.88,23721.39,274068
2026-01-14 13:15:00,23721.39,23727.55,23702.53,23710.61,238856
2026-01-14 13:20:00,23710.61,23725.24,23707.91,23712.92,198816
2026-01-14 13:25:00,23713.11,23732.55,23700.98,23730.44,221729
2026-01-14 13:30:00,23729.86,23739.48,23676.73,23684.24,410370
2026-01-14 13:35:00,23684.43,23691.36,23660.56,23672.88,468338
2026-01-14 13:40:00,23672.11,23700.21,23670.79,23699.83,280097
2026-01-14 13:45:00,23699.83,23716.19,23690.21,23703.68,366967
2026-01-14 13:50:00,23704.26,23745.26,23702.91,23731.02,595473
2026-01-14 13:55:00,23731.4,23756.42,23722.54,23746.8,359249
2026-01-14 14:00:00,23746.8,23748.34,23729.09,23736.02,429278
2026-01-14 14:05:00,23735.25,23739.1,23720.23,23731.4,328024
2026-01-14 14:10:00,23731.4,23740.64,23720.62,23733.71,297768
2026-01-14 14:15:00,23732.94,23747.18,23725.62,23745.65,229164
2026-01-14 14:20:00,23745.45,23755.27,23736.79,23747.18,338153
2026-01-14 14:25:00,23746.8,23751.03,23737.56,23744.88,241656
2026-01-14 14:30:00,23745.26,23761.82,23738.72,23741.79,218181
2026-01-14 14:35:00,23742.18,23752.19,23734.87,23750.07,217344
2026-01-14 14:40:00,23750.27,23760.28,23739.65,23744.49,184381
2026-01-14 14:45:00,23744.3,23752.96,23738.33,23748.34,206276
2026-01-14 14:50:00,23748.34,23763.55,23741.79,23744.3,225309
2026-01-14 14:55:00,23744.1,23746.99,23725.62,23733.33,277505
2026-01-14 15:00:00,23732.55,23768.74,23697.91,23752.88,633574
2026-01-14 15:05:00,23753.73,23819.18,23749.49,23796.47,893853
2026-01-14 15:10:00,23796.47,23810.71,23778.76,23781.45,477646
2026-01-14 15:15:00,23781.45,23787.22,23749.88,23768.74,293513
2026-01-14 15:20:00,23769.9,23786.84,23757.58,23781.45,270393
2026-01-14 15:25:00,23781.45,23793.58,23771.44,23790.3,325969
2026-01-14 15:30:00,23790.69,23839.97,23789.92,23830.73,550498
2026-01-14 15:35:00,23830.54,23850.75,23829.96,23848.83,774182
2026-01-14 15:40:00,23848.63,23856.14,23807.82,23809.55,433865
2026-01-14 15:45:00,23810.33,23816.87,23794.54,23797.62,1012872
2026-01-14 15:50:00,23797.23,23826.88,23789.92,23823.41,693210
2026-01-14 15:55:00,23823.8,23862.3,23823.03,23854.6,1510041
2026-01-14 16:00:00,23854.98,23875.78,23852.29,23867.11,0
2026-01-14 16:05:00,23867.0,23870.96,23844.98,23845.74,0
2026-01-14 16:10:00,23846.13,23856.14,23841.9,23854.98,0
2026-01-14 16:15:00,23854.98,23854.98,23842.66,23845.86,0
2026-01-14 16:20:00,23846.9,23851.14,23839.59,23840.36,0
2026-01-14 16:25:00,23841.51,23847.28,23838.43,23843.19,0
2026-01-14 16:30:00,23841.9,23843.82,23838.04,23838.82,0
2026-01-14 16:35:00,23839.01,23839.59,23828.8,23832.66,0
2026-01-14 16:40:00,23833.42,23841.51,23833.42,23841.51,0
2026-01-14 16:45:00,23840.36,23852.68,23839.97,23843.05,0
2026-01-14 16:50:00,23843.05,23850.36,23780.19,23787.61,0
2026-01-14 16:55:00,23785.3,23835.35,23785.3,23831.88,0
2026-01-14 17:00:00,23831.12,23836.89,23823.8,23827.65,0
2026-01-14 17:05:00,23824.38,23852.68,23824.38,23832.27,0
2026-01-14 17:10:00,23832.66,23832.66,23830.34,23831.5,0
2026-01-14 17:15:00,23831.23,23833.81,23827.65,23829.96,0
2026-01-14 17:20:00,23831.5,23831.5,23821.88,23823.72,0
2026-01-14 17:25:00,23823.8,23823.8,23808.4,23818.41,0
2026-01-14 17:30:00,23818.41,23823.98,23812.64,23814.18,0
2026-01-14 17:35:00,23814.18,23814.18,23802.62,23810.32,0
2026-01-14 17:40:00,23810.86,23811.86,23801.66,23805.7,0
2026-01-15 04:00:00,23952.39,23973.56,23950.46,23965.1,0
2026-01-15 04:05:00,23963.55,23977.03,23963.55,23975.49,0
2026-01-15 04:10:00,23980.11,23992.43,23980.11,23989.35,0
2026-01-15 04:15:00,23987.81,23992.82,23977.41,23986.27,0
2026-01-15 04:20:00,23991.28,24008.22,23990.12,24007.06,0
2026-01-15 04:25:00,24008.98,24019.38,24008.6,24014.76,0
2026-01-15 04:30:00,24015.14,24027.08,24015.14,24024.38,0
2026-01-15 04:35:00,24025.54,24039.4,24024.77,24038.24,0
2026-01-15 04:40:00,24039.02,24042.1,24030.54,24036.7,0
2026-01-15 04:45:00,24035.94,24039.4,24030.54,24036.32,0
2026-01-15 04:50:00,24039.78,24039.78,24021.3,24027.46,0
2026-01-15 04:55:00,24031.32,24031.32,24016.68,24022.08,0
2026-01-15 05:00:00,24022.08,24031.7,24019.76,24027.08,0
2026-01-15 09:30:00,24131.61,24136.42,24085.22,24091.95,2836519
2026-01-15 09:35:00,24091.76,24097.53,24058.65,24088.29,894806
2026-01-15 09:40:00,24088.29,24137.96,24065.97,24126.03,705968
2026-01-15 09:45:00,24127.53,24149.51,24092.53,24104.08,671337
2026-01-15 09:50:00,24104.47,24107.93,24049.41,24107.93,946933
2026-01-15 09:55:00,24108.32,24118.33,24068.66,24068.66,566305
2026-01-15 10:00:00,24068.47,24090.22,24060.96,24075.23,416027
2026-01-15 10:05:00,24075.97,24081.75,24047.48,24080.98,664399
2026-01-15 10:10:00,24080.98,24095.22,24058.65,24083.67,396281
2026-01-15 10:15:00,24083.29,24097.53,24063.66,24080.59,327094
2026-01-15 10:20:00,24081.75,24116.4,24068.66,24099.65,356723
2026-01-15 10:25:00,24099.46,24101.77,24050.57,24067.89,344359
2026-01-15 10:30:00,24068.28,24109.09,24062.89,24108.32,470377
2026-01-15 10:35:00,24106.78,24125.99,24094.84,24106.39,478687
2026-01-15 10:40:00,24107.93,24113.66,24056.92,24059.03,811361
2026-01-15 10:45:00,24058.27,24065.2,24026.31,24032.85,708962
2026-01-15 10:50:00,24033.24,24050.18,24014.76,24039.02,444898
2026-01-15 10:55:00,24038.63,24255.0,24016.3,24089.45,645105
2026-01-15 11:00:00,24089.07,24116.02,24083.67,24115.24,530149
2026-01-15 11:05:00,24116.02,24117.55,24099.08,24106.39,301377
2026-01-15 11:10:00,24106.76,24108.7,24087.91,24097.82,243905
2026-01-15 11:15:00,24098.3,24118.33,24091.38,24116.02,193683
2026-01-15 11:20:00,24116.4,24130.65,24104.08,24123.14,332941
2026-01-15 11:25:00,24122.95,24122.95,24096.38,24108.32,207620
2026-01-15 11:30:00,24106.39,24118.33,24095.61,24097.53,182030
2026-01-15 11:35:00,24095.99,24116.4,24085.98,24114.47,161138
2026-01-15 11:40:00,24114.47,24119.86,24104.08,24117.17,373651
2026-01-15 11:45:00,24117.17,24127.95,24105.62,24125.26,138988
2026-01-15 11:50:00,24124.55,24137.19,24110.2,24118.33,292936
2026-01-15 11:55:00,24117.17,24129.11,24107.54,24125.64,169548
2026-01-15 12:00:00,24124.48,24134.88,24115.24,24132.18,184354
2026-01-15 12:05:00,24131.8,24137.96,24124.87,24136.03,132155
2026-01-15 12:10:00,24136.42,24136.42,24108.51,24110.62,151696
2026-01-15 12:15:00,24111.01,24113.32,24094.07,24109.09,300003
2026-01-15 12:20:00,24108.7,24110.62,24099.46,24104.85,132230
2026-01-15 12:25:00,24105.62,24107.54,24082.14,24085.22,231789
2026-01-15 12:30:00,24085.73,24092.53,24070.59,24076.06,515538
2026-01-15 12:35:00,24075.78,24083.29,24066.35,24077.52,490380
2026-01-15 12:40:00,24078.67,24087.53,24073.66,24086.76,139895
2026-01-15 12:45:00,24086.76,24098.69,24074.44,24077.52,181348
2026-01-15 12:50:00,24077.51,24086.37,24072.12,24075.78,150475
2026-01-15 12:55:00,24075.97,24081.36,24057.49,24061.34,150175
2026-01-15 13:00:00,24059.42,24083.87,24056.72,24082.14,227238
2026-01-15 13:05:00,24083.29,24099.08,24074.82,24097.15,277266
2026-01-15 13:10:00,24097.53,24101.39,24075.4,24089.84,122863
2026-01-15 13:15:00,24089.45,24089.84,24077.9,24087.14,143275
2026-01-15 13:20:00,24087.91,24101.39,24087.53,24096.38,108941
2026-01-15 13:25:00,24097.15,24102.16,24090.6,24101.0,116442
2026-01-15 13:30:00,24100.23,24111.01,24097.53,24109.09,149370
2026-01-15 13:35:00,24109.47,24113.32,24092.53,24098.3,160966
2026-01-15 13:40:00,24097.92,24102.99,24093.68,24099.84,93137
2026-01-15 13:45:00,24100.23,24103.31,24093.3,24094.26,79773
2026-01-15 13:50:00,24094.07,24098.3,24084.45,24095.23,127751
2026-01-15 13:55:00,24094.46,24098.3,24090.6,24090.88,342886
2026-01-15 14:00:00,24089.84,24089.84,24042.86,24050.95,309311
2026-01-15 14:05:00,24051.34,24059.8,24032.08,24059.42,227555
2026-01-15 14:10:00,24059.8,24067.12,24042.48,24047.87,208829
2026-01-15 14:15:00,24047.1,24055.18,24036.32,24045.95,187088
2026-01-15 14:20:00,24046.33,24049.79,24028.23,24035.16,165717
2026-01-15 14:25:00,24034.4,24035.55,24003.98,24011.68,468543
2026-01-15 14:30:00,24010.53,24011.68,23968.56,23986.66,525104
2026-01-15 14:35:00,23986.66,24004.36,23975.88,24001.67,598028
2026-01-15 14:40:00,24001.67,24015.53,23993.58,23999.74,601734
2026-01-15 14:45:00,23999.74,24002.83,23988.2,23997.43,371558
2026-01-15 14:50:00,23997.43,24008.98,23983.32,23986.66,313565
2026-01-15 14:55:00,23985.5,23986.27,23960.86,23970.87,348183
2026-01-15 15:00:00,23970.87,23983.58,23947.39,23976.65,393466
2026-01-15 15:05:00,23977.03,23983.58,23968.95,23973.95,206223
2026-01-15 15:10:00,23973.18,23982.42,23959.71,23965.48,253250
2026-01-15 15:15:00,23965.09,23965.48,23926.21,23926.59,574854
2026-01-15 15:20:00,23926.21,23943.53,23909.66,23925.83,562146
2026-01-15 15:25:00,23925.83,23940.07,23911.2,23935.84,475452
2026-01-15 15:30:00,23934.68,23937.38,23913.31,23925.63,337851
2026-01-15 15:35:00,23925.44,23942.77,23906.58,23924.48,383953
2026-01-15 15:40:00,23925.05,23939.3,23923.52,23928.52,333298
2026-01-15 15:45:00,23928.91,23939.99,23909.46,23913.7,577948
2026-01-15 15:50:00,23913.7,23931.22,23900.41,23930.83,707601
2026-01-15 15:55:00,23930.83,23935.45,23908.5,23933.91,844523
2026-01-15 16:00:00,23934.68,23942.38,23930.83,23932.37,0
2026-01-15 16:05:00,23931.61,23938.53,23925.05,23927.36,0
2026-01-15 16:10:00,23927.36,23938.53,23917.74,23918.51,0
2026-01-15 16:15:00,23917.93,23938.53,23913.12,23914.28,0
2026-01-15 16:20:00,23913.51,23920.05,23911.96,23917.3,0
2026-01-15 16:25:00,23917.36,23918.12,23914.24,23916.97,0
2026-01-15 16:30:00,23916.97,23921.2,23915.82,23916.91,0
2026-01-15 16:35:00,23917.16,23918.9,23913.12,23918.72,0
2026-01-15 16:40:00,23919.28,23923.9,23918.7,23921.2,0
2026-01-15 16:45:00,23921.63,23925.82,23921.59,23923.9,0
2026-01-15 16:50:00,23924.67,23938.53,23921.59,23921.78,0
2026-01-15 16:55:00,23922.17,23926.21,23921.01,23925.25,0
2026-01-15 17:00:00,23922.74,23938.53,23922.36,23922.36,0
2026-01-15 17:05:00,23922.36,23926.79,23921.2,23925.63,0
2026-01-15 17:10:00,23925.63,23934.68,23925.05,23931.41,0
2026-01-15 17:15:00,23933.52,23938.15,23931.22,23936.94,0
2026-01-15 17:20:00,23936.03,23940.84,23933.22,23938.91,0
2026-01-15 17:25:00,23938.34,23939.3,23933.14,23937.76,0
2026-01-15 17:30:00,23937.76,23954.7,23935.4,23946.23,0
2026-01-15 17:35:00,23945.84,23946.62,23943.15,23945.46,0
2026-01-15 17:40:00,23943.97,23948.54,23943.97,23946.81,0
2026-01-15 18:45:00,23949.12,23958.13,23948.16,23957.78,0
2026-01-15 18:50:00,23957.9,23965.42,23956.05,23964.71,0
2026-01-15 18:55:00,23965.44,23965.47,23954.7,23955.47,0
2026-01-16 04:00:00,24042.48,24053.64,24042.48,24051.72,0
2026-01-16 04:05:00,24053.26,24058.65,24047.48,24049.41,0
2026-01-16 04:10:00,24051.34,24055.57,24051.34,24052.88,0
2026-01-16 04:15:00,24052.49,24052.49,24040.17,24043.64,0
2026-01-16 04:20:00,24041.32,24047.48,24032.47,24047.48,0
2026-01-16 04:25:00,24047.87,24058.65,24047.87,24058.65,0
2026-01-16 04:30:00,24060.19,24060.58,24051.34,24051.34,0
2026-01-16 04:35:00,24049.02,24052.88,24049.02,24049.41,0
2026-01-16 04:40:00,24047.1,24052.1,24045.95,24047.87,0
2026-01-16 04:45:00,24049.02,24052.1,24044.4,24050.95,0
2026-01-16 04:50:00,24048.26,24048.26,24042.48,24047.1,0
2026-01-16 04:55:00,24046.72,24046.72,24037.09,24037.48,0
2026-01-16 05:00:00,24039.02,24043.64,24036.32,24037.09,0
2026-01-16 05:05:00,24037.48,24039.78,24035.55,24039.4,0
2026-01-16 05:10:00,24043.25,24051.34,24043.25,24049.8,0
2026-01-16 05:15:00,24047.48,24055.18,24046.33,24055.18,0
2026-01-16 05:20:00,24052.1,24056.34,24052.1,24056.34,0
2026-01-16 05:25:00,24056.72,24059.8,24054.8,24059.42,0
2026-01-16 05:30:00,24059.04,24068.28,24059.04,24068.28,0
2026-01-16 05:35:00,24065.58,24071.74,24061.73,24067.89,0
2026-01-16 05:40:00,24068.28,24074.05,24067.12,24072.12,0
2026-01-16 05:45:00,24072.12,24080.98,24072.12,24076.36,0
2026-01-16 05:50:00,24076.36,24076.74,24068.66,24076.74,0
2026-01-16 05:55:00,24078.67,24079.05,24069.43,24075.2,0
2026-01-16 09:30:00,24071.35,24104.08,24052.1,24079.44,1910108
2026-01-16 09:35:00,24079.83,24094.46,24064.04,24074.82,777812
2026-01-16 09:40:00,24075.21,24080.59,24038.43,24038.62,589467
2026-01-16 09:45:00,24039.02,24060.58,24026.7,24039.4,639144
2026-01-16 09:50:00,24039.78,24047.87,23998.21,24006.67,619054
2026-01-16 09:55:00,24006.48,24008.22,23952.39,23954.32,788914
2026-01-16 10:00:00,23954.32,23974.34,23938.15,23956.24,909384
2026-01-16 10:05:00,23956.62,23987.81,23956.62,23980.1,442767
2026-01-16 10:10:00,23978.57,23980.88,23936.22,23946.42,544430
2026-01-16 10:15:00,23946.61,23953.93,23897.34,23904.27,654852
2026-01-16 10:20:00,23904.65,23954.32,23903.49,23952.39,688072
2026-01-16 10:25:00,23952.39,23952.39,23895.41,23898.88,755863
2026-01-16 10:30:00,23898.49,23903.11,23877.7,23888.09,9545822
2026-01-16 10:35:00,23887.71,23888.48,23858.84,23865.77,0
2026-01-16 10:40:00,23865.77,23866.53,23827.27,23855.76,10912953
2026-01-16 10:45:00,23856.14,23864.99,23835.73,23862.99,0
2026-01-16 10:50:00,23863.07,23887.33,23844.21,23886.17,598024
2026-01-16 10:55:00,23886.17,23910.81,23875.79,23909.61,1072910
2026-01-16 11:00:00,23909.27,23919.86,23891.64,23895.99,681101
2026-01-16 11:05:00,23896.57,23921.59,23890.79,23920.43,406372
2026-01-16 11:10:00,23920.82,23931.41,23904.65,23916.97,365314
2026-01-16 11:15:00,23917.35,23926.59,23908.11,23924.67,365154
2026-01-16 11:20:00,23924.67,23943.53,23924.28,23928.14,394282
2026-01-16 11:25:00,23928.14,23943.73,23918.9,23941.22,268686
2026-01-16 11:30:00,23941.61,23961.05,23938.91,23938.91,339133
2026-01-16 11:35:00,23939.3,23957.01,23938.91,23950.47,218655
2026-01-16 11:40:00,23950.47,23965.29,23949.5,23960.47,266141
2026-01-16 11:45:00,23960.47,23973.95,23954.32,23958.74,330674
2026-01-16 11:50:00,23958.82,23972.41,23947.77,23948.54,339461
2026-01-16 11:55:00,23948.16,23948.54,23913.31,23940.07,14075311
2026-01-16 12:00:00,23940.46,23941.61,23927.75,23933.53,0
2026-01-16 12:05:00,23933.91,23944.5,23926.21,23931.38,192008
2026-01-16 12:10:00,23930.45,23942.38,23928.91,23933.91,158930
2026-01-16 12:15:00,23933.14,23936.6,23925.05,23927.36,239416
2026-01-16 12:20:00,23926.31,23940.84,23924.67,23928.52,243313
2026-01-16 12:25:00,23928.14,23936.8,23921.2,23925.44,198111
2026-01-16 12:30:00,23925.44,23930.06,23904.65,23928.52,319594
2026-01-16 12:35:00,23928.78,23937.38,23918.32,23921.78,308316
2026-01-16 12:40:00,23921.21,23928.14,23915.43,23925.96,153700
2026-01-16 12:45:00,23925.44,23925.44,23900.8,23908.11,245062
2026-01-16 12:50:00,23907.34,23910.81,23897.66,23904.46,219678
2026-01-16 12:55:00,23905.03,23914.2,23885.78,23887.52,194556
2026-01-16 13:00:00,23887.71,23909.27,23882.32,23904.27,273968
2026-01-16 13:05:00,23903.88,23926.59,23901.76,23926.21,16351753
2026-01-16 13:10:00,23925.83,23926.98,23913.89,23918.9,0
2026-01-16 13:15:00,23918.51,23940.07,23918.12,23939.68,241945
2026-01-16 13:20:00,23939.3,23948.54,23933.91,23947.77,206597
2026-01-16 13:25:00,23947.39,23952.01,23938.15,23942.38,207928
2026-01-16 13:30:00,23942.38,23953.93,23939.3,23951.11,201463
2026-01-16 13:35:00,23950.47,23950.47,23936.22,23938.91,205909
2026-01-16 13:40:00,23938.53,23943.15,23933.91,23942.19,157463
2026-01-16 13:45:00,23942.38,23948.54,23936.6,23939.49,576774
2026-01-16 13:50:00,23939.68,23944.69,23933.91,23944.3,131110
2026-01-16 13:55:00,23944.3,23946.23,23936.22,23939.3,109672
2026-01-16 14:00:00,23939.11,23961.63,23936.6,23960.86,241296
2026-01-16 14:05:00,23960.86,23968.56,23958.07,23961.63,262899
2026-01-16 14:10:00,23961.63,23961.63,23916.97,23920.05,279994
2026-01-16 14:15:00,23919.66,23925.44,23899.26,23906.96,398290
2026-01-16 14:20:00,23906.96,23921.97,23904.65,23913.12,255932
2026-01-16 14:25:00,23913.51,23913.89,23902.72,23907.73,206184
2026-01-16 14:30:00,23907.73,23927.75,23905.42,23920.43,255684
2026-01-16 14:35:00,23920.43,23938.53,23912.73,23930.45,191922
2026-01-16 14:40:00,23930.45,23945.08,23928.14,23932.37,20819618
2026-01-16 14:45:00,23932.75,23942.77,23931.22,23936.99,0
2026-01-16 14:50:00,23937.76,23950.47,23935.84,23949.5,183877
2026-01-16 14:55:00,23949.31,23950.66,23934.17,23939.16,348400
2026-01-16 15:00:00,23939.3,23947.38,23934.29,23937.95,266687
2026-01-16 15:05:00,23938.15,23941.42,23928.14,23940.46,196648
2026-01-16 15:10:00,23940.46,23949.31,23937.76,23945.08,184307
2026-01-16 15:15:00,23944.69,23947.77,23934.29,23944.11,154933
2026-01-16 15:20:00,23943.92,23951.62,23941.22,23946.04,162257
2026-01-16 15:25:00,23946.05,23949.7,23935.07,23935.07,180138
2026-01-16 15:30:00,23934.68,23936.8,23920.82,23928.91,435645
2026-01-16 15:35:00,23928.14,23945.46,23923.9,23941.22,22858528
2026-01-16 15:40:00,23941.22,23941.99,23928.52,23932.76,0
2026-01-16 15:45:00,23932.76,23932.76,23913.89,23925.05,394855
2026-01-16 15:50:00,23926.98,23938.53,23907.34,23935.07,757658
2026-01-16 15:55:00,23935.07,23936.22,23907.34,23910.42,1323470
2026-01-16 16:00:00,23910.23,23925.05,23907.92,23912.74,0
2026-01-16 16:05:00,23912.35,23915.43,23902.92,23904.26,0
2026-01-16 16:10:00,23905.04,24074.05,23898.09,23907.54,0
2026-01-16 16:15:00,23906.0,23918.51,23904.26,23910.23,0
2026-01-16 16:20:00,23909.66,23910.23,23904.65,23908.03,0
2026-01-16 16:25:00,23906.96,23913.5,23905.8,23912.35,0
2026-01-16 16:30:00,23911.2,23911.58,23908.12,23910.01,0
2026-01-16 16:35:00,23910.03,23911.2,23905.82,23907.37,0
2026-01-16 16:40:00,23907.92,23909.66,23906.19,23908.5,0
2026-01-16 16:45:00,23910.04,23913.5,23909.66,23912.74,0
2026-01-16 16:50:00,23911.77,23913.5,23906.58,23910.42,0
2026-01-16 16:55:00,23911.2,23918.51,23907.92,23909.49,0
2026-01-16 17:00:00,23908.31,23918.51,23906.58,23910.81,0
2026-01-16 17:05:00,23910.81,23911.58,23908.88,23910.23,0
2026-01-16 17:10:00,23910.23,23910.42,23909.27,23910.23,0
2026-01-16 17:15:00,23909.66,23910.81,23906.19,23910.42,0
2026-01-16 17:20:00,23908.88,23919.28,23907.34,23914.28,0
2026-01-16 17:25:00,23914.28,23918.51,23908.88,23918.51,0
2026-01-16 17:30:00,23912.16,23912.74,23911.58,23912.74,0
2026-01-20 04:00:00,23477.68,23546.6,23453.82,23458.05,0
2026-01-20 04:05:00,23456.12,23458.05,23438.8,23452.28,0
2026-01-20 04:10:00,23456.12,23466.14,23446.5,23446.5,0
2026-01-20 04:15:00,23444.58,23448.42,23427.25,23433.41,0
2026-01-20 04:20:00,23434.95,23448.42,23418.78,23427.25,0
2026-01-20 04:25:00,23428.79,23433.8,23402.22,23411.85,0
2026-01-20 04:30:00,23408.0,23414.16,23377.2,23379.9,0
2026-01-20 04:35:00,23384.9,23401.07,23376.43,23388.75,0
2026-01-20 04:40:00,23384.9,23400.3,23379.12,23399.14,0
2026-01-20 04:45:00,23400.3,23405.3,23377.2,23377.2,0
2026-01-20 04:50:00,23372.58,23396.06,23371.42,23392.98,0
2026-01-20 04:55:00,23394.52,23409.92,23394.52,23406.08,0
2026-01-20 05:00:00,23405.3,23412.62,23389.9,23392.22,0
2026-01-20 05:05:00,23390.29,23410.7,23384.9,23404.92,0
2026-01-20 05:10:00,23404.92,23438.03,23404.92,23434.95,0
2026-01-20 05:15:00,23434.95,23444.19,23434.95,23443.42,0
2026-01-20 05:20:00,23444.58,23454.59,23439.96,23452.66,0
2026-01-20 05:25:00,23453.43,23473.06,23448.42,23460.36,0
2026-01-20 05:30:00,23464.98,23466.9,23446.12,23455.36,0
2026-01-20 05:35:00,23455.36,23455.36,23441.11,23444.19,0
2026-01-20 05:40:00,23442.26,23457.66,23436.88,23457.28,0
2026-01-20 05:45:00,23455.36,23466.14,23454.59,23459.59,0
2026-01-20 05:50:00,23458.05,23458.05,23446.5,23446.5,0
2026-01-20 05:55:00,23446.5,23454.2,23443.42,23444.96,0
2026-01-20 06:00:00,23443.42,23476.91,23442.65,23472.68,0
2026-01-20 06:05:00,23474.99,23474.99,23459.2,23460.36,0
2026-01-20 06:10:00,23459.59,23471.14,23457.28,23465.36,0
2026-01-20 06:15:00,23465.36,23471.52,23448.04,23453.43,0
2026-01-20 06:20:00,23453.04,23481.15,23445.73,23481.15,0
2026-01-20 06:25:00,23482.69,23491.93,23462.67,23463.82,0
2026-01-20 06:30:00,23470.76,23471.52,23456.12,23459.2,0
2026-01-20 06:35:00,23457.66,23464.21,23455.36,23464.21,0
2026-01-20 06:40:00,23465.36,23467.29,23446.5,23461.52,0
2026-01-20 06:45:00,23462.28,23466.9,23451.89,23461.9,0
2026-01-20 06:50:00,23461.13,23481.15,23457.66,23480.38,0
2026-01-20 06:55:00,23485.0,23486.16,23469.98,23471.52,0
2026-01-20 07:00:00,23473.45,23486.92,23461.13,23472.68,0
2026-01-20 07:05:00,23473.45,23496.55,23468.02,23494.62,0
2026-01-20 07:10:00,23494.62,23517.34,23494.62,23513.45,0
2026-01-20 07:15:00,23513.1,23519.26,23480.38,23480.76,0
2026-01-20 07:20:00,23482.3,23508.1,23482.3,23496.94,0
2026-01-20 07:25:00,23498.86,23508.87,23489.62,23500.78,0
2026-01-20 07:30:00,23499.63,23509.26,23494.62,23509.26,0
2026-01-20 07:35:00,23508.48,23514.64,23501.55,23513.88,0
2026-01-20 07:40:00,23515.03,23536.98,23515.03,23533.12,0
2026-01-20 07:45:00,23533.9,23545.45,23528.12,23542.75,0
2026-01-20 07:50:00,23538.9,23543.87,23531.2,23535.05,0
2026-01-20 07:55:00,23533.12,23533.12,23515.41,23516.96,0
2026-01-20 08:00:00,23478.02,23936.41,23371.42,23511.95,0
2026-01-20 08:05:00,23516.96,23918.51,23436.88,23508.1,0
2026-01-20 08:10:00,23510.41,23517.34,23489.24,23492.63,0
2026-01-20 08:15:00,23491.9,23515.41,23488.85,23513.1,0
2026-01-20 08:20:00,23512.34,23537.74,23508.08,23523.12,0
2026-01-20 08:25:00,23521.58,23528.91,23509.64,23509.93,0
2026-01-20 08:30:00,23510.94,23513.1,23450.74,23483.46,0
2026-01-20 08:35:00,23483.46,23488.08,23449.39,23475.38,0
2026-01-20 08:40:00,23476.92,23488.66,23469.22,23478.07,0
2026-01-20 08:45:00,23475.76,23918.51,23471.14,23496.97,0
2026-01-20 08:50:00,23498.13,23498.13,23475.76,23486.48,0
2026-01-20 08:55:00,23486.92,23549.68,23476.53,23476.53,0
2026-01-20 09:00:00,23476.53,23505.06,23472.3,23490.35,0
2026-01-20 09:05:00,23491.35,23502.71,23489.24,23497.7,0
2026-01-20 09:10:00,23497.32,23503.48,23487.7,23497.74,0
2026-01-20 09:15:00,23497.13,23502.32,23469.98,23473.45,0
2026-01-20 09:20:00,23473.06,23485.77,23466.94,23475.37,0
2026-01-20 09:25:00,23477.68,23513.49,23466.14,23504.64,0
2026-01-20 09:30:00,23505.41,23602.42,23497.71,23601.27,3569663
2026-01-20 09:35:00,23602.04,23611.66,23536.97,23560.08,1605034
2026-01-20 09:40:00,23561.23,23596.27,23508.1,23590.49,1171462
2026-01-20 09:45:00,23591.65,23591.84,23530.43,23558.34,1157660
2026-01-20 09:50:00,23557.38,23623.41,23548.91,23587.29,988716
2026-01-20 09:55:00,23586.64,23620.14,23558.15,23581.92,942320
2026-01-20 10:00:00,23580.48,23590.1,23542.36,23551.6,624178
2026-01-20 10:05:00,23560.08,23582.79,23524.27,23534.66,1188139
2026-01-20 10:10:00,23534.66,23560.46,23530.04,23546.41,779073
2026-01-20 10:15:00,23545.83,23562.77,23520.42,23522.73,852660
2026-01-20 10:20:00,23522.34,23607.04,23519.27,23582.79,1409436
2026-01-20 10:25:00,23582.02,23618.98,23580.48,23617.29,921549
2026-01-20 10:30:00,23617.05,23645.54,23605.12,23639.39,838986
2026-01-20 10:35:00,23639.39,23646.7,23615.13,23633.17,747604
2026-01-20 10:40:00,23633.22,23657.09,23628.22,23655.17,192178
2026-01-20 10:50:00,23586.64,23594.72,23585.1,23587.41,1788168
2026-01-20 10:55:00,23620.33,23620.33,23617.63,23618.98,1095219
2026-01-20 11:00:00,23619.36,23658.83,23615.13,23632.84,757732
2026-01-20 11:05:00,23632.07,23649.4,23617.83,23646.32,542020
2026-01-20 11:10:00,23645.93,23679.04,23645.16,23652.47,660999
2026-01-20 11:15:00,23652.09,23653.24,23632.07,23645.54,581405
2026-01-20 11:20:00,23645.54,23655.17,23611.09,23612.05,413012
2026-01-20 11:25:00,23611.66,23659.41,23591.65,23656.33,604273
2026-01-20 11:30:00,23656.33,23658.25,23626.68,23653.24,377941
2026-01-20 11:35:00,23652.86,23676.73,23651.71,23675.58,367845
2026-01-20 11:40:00,23675.19,23679.42,23607.82,23610.51,525340
2026-01-20 11:45:00,23610.51,23624.76,23600.5,23624.37,486378
2026-01-20 11:50:00,23623.98,23650.16,23594.34,23602.62,703923
2026-01-20 11:55:00,23602.42,23664.79,23594.72,23650.55,14227420
2026-01-20 12:00:00,23650.16,23658.25,23635.54,23640.54,764050
2026-01-20 12:05:00,23640.92,23654.78,23615.52,23617.05,0
2026-01-20 12:10:00,23617.44,23632.07,23601.27,23616.67,404624
2026-01-20 12:15:00,23616.28,23625.53,23599.34,23604.27,353929
2026-01-20 12:20:00,23604.73,23610.12,23590.1,23592.41,386838
2026-01-20 12:25:00,23591.65,23605.51,23584.72,23595.91,389408
2026-01-20 12:30:00,23595.88,23595.88,23562.77,23566.62,486232
2026-01-20 12:35:00,23566.62,23583.95,23555.07,23570.47,521481
2026-01-20 12:40:00,23570.47,23593.18,23551.99,23552.38,503423
2026-01-20 12:45:00,23552.03,23552.76,23527.47,23530.74,672918
2026-01-20 12:50:00,23530.43,23552.38,23519.65,23545.45,751667
2026-01-20 12:55:00,23544.29,23561.61,23537.74,23552.61,307281
2026-01-20 13:00:00,23553.15,23570.09,23546.6,23548.14,468302
2026-01-20 13:05:00,23548.91,23556.99,23537.44,23538.9,16029372
2026-01-20 13:10:00,23538.9,23559.3,23535.82,23545.45,0
2026-01-20 13:15:00,23545.45,23547.76,23529.28,23537.94,171011
2026-01-20 13:20:00,23537.74,23538.13,23514.45,23518.49,275952
2026-01-20 13:25:00,23518.88,23523.89,23508.48,23511.57,275983
2026-01-20 13:30:00,23510.41,23518.49,23484.23,23491.54,618484
2026-01-20 13:35:00,23491.54,23501.55,23476.15,23477.68,473504
2026-01-20 13:40:00,23478.07,23491.16,23468.45,23475.57,461704
2026-01-20 13:45:00,23475.38,23485.77,23469.41,23471.14,512198
2026-01-20 13:50:00,23470.37,23470.56,23439.59,23445.34,594362
2026-01-20 13:55:00,23444.96,23483.08,23444.96,23466.73,480956
2026-01-20 14:00:00,23466.52,23490.01,23465.36,23471.53,464206
2026-01-20 14:05:00,23471.91,23483.84,23458.24,23463.83,392084
2026-01-20 14:10:00,23463.83,23470.37,23447.27,23459.97,370901
2026-01-20 14:15:00,23459.97,23460.36,23435.34,23443.42,522825
2026-01-20 14:20:00,23443.8,23450.35,23429.56,23438.8,395318
2026-01-20 14:25:00,23437.65,23437.65,23419.55,23430.72,331306
2026-01-20 14:30:00,23429.56,23431.26,23404.92,23408.0,653170
2026-01-20 14:35:00,23408.39,23434.57,23399.53,23431.68,583008
2026-01-20 14:40:00,23431.48,23447.58,23416.09,23419.55,430393
2026-01-20 14:45:00,23419.16,23431.87,23412.62,23427.25,344542
2026-01-20 14:50:00,23427.25,23444.19,23416.47,23441.3,415143
2026-01-20 14:55:00,23441.11,23445.34,23423.78,23437.65,297140
2026-01-20 15:00:00,23438.41,23438.41,23421.47,23424.94,354977
2026-01-20 15:05:00,23424.94,23433.41,23410.7,23412.43,344059
2026-01-20 15:10:00,23412.23,23430.33,23391.06,23393.75,22162526
2026-01-20 15:15:00,23394.14,23436.88,23391.06,23415.7,0
2026-01-20 15:20:00,23416.09,23416.09,23387.59,23399.91,554659
2026-01-20 15:25:00,23399.91,23416.08,23393.76,23399.15,543969
2026-01-20 15:30:00,23400.3,23413.01,23391.83,23401.84,481867
2026-01-20 15:35:00,23401.65,23412.23,23383.36,23388.16,591370
2026-01-20 15:40:00,23387.98,23396.58,23376.82,23392.02,469426
2026-01-20 15:45:00,23392.22,23405.69,23387.21,23395.68,913249
2026-01-20 15:50:00,23395.68,23404.34,23371.81,23381.05,1198411
2026-01-20 15:55:00,23381.05,23412.23,23374.51,23411.47,2304389
2026-01-20 16:00:00,23411.85,23544.71,23397.22,23411.11,0
2026-01-20 16:05:00,23411.46,23414.93,23404.73,23409.5,0
2026-01-20 16:10:00,23408.77,23434.95,23408.77,23431.48,0
2026-01-20 16:15:00,23430.72,23433.74,23410.31,23425.69,0
2026-01-20 16:20:00,23410.31,23427.25,23410.31,23418.78,0
2026-01-20 16:25:00,23419.17,23419.94,23406.08,23413.78,0
2026-01-20 16:30:00,23412.24,23414.16,23398.38,23401.28,0
2026-01-20 16:35:00,23403.76,23403.76,23394.28,23402.42,0
2026-01-20 16:40:00,23402.42,23404.92,23396.86,23403.41,0
2026-01-20 16:45:00,23404.92,23411.08,23402.22,23408.0,0
2026-01-20 16:50:00,23409.35,23411.81,23404.54,23408.77,0
2026-01-20 16:55:00,23409.92,23415.7,23408.38,23412.62,0
2026-01-20 17:00:00,23411.08,23415.7,23409.92,23412.62,0
2026-01-20 17:05:00,23414.16,23414.93,23410.31,23412.55,0
2026-01-20 17:10:00,23412.62,23413.78,23410.12,23410.12,0
2026-01-20 17:15:00,23410.12,23410.7,23409.92,23410.69,0
2026-01-20 17:20:00,23410.7,23410.7,23408.0,23408.81,0
2026-01-20 17:25:00,23409.92,23409.92,23404.15,23409.54,0
2026-01-20 17:30:00,23409.54,23410.31,23404.15,23406.01,0
2026-01-20 17:35:00,23406.84,23409.54,23406.08,23407.62,0
2026-01-20 17:40:00,23408.38,23414.54,23406.84,23412.24,0
2026-01-20 17:45:00,23412.24,23412.24,23408.0,23409.51,0
2026-01-20 17:50:00,23409.16,23412.24,23408.38,23411.8,0
2026-01-20 17:55:00,23410.93,23414.16,23409.54,23413.2,0
2026-01-20 18:00:00,23414.16,23442.65,23409.92,23433.02,0
2026-01-20 18:05:00,23433.02,23433.02,23418.4,23429.56,0
2026-01-20 18:10:00,23429.95,23431.48,23423.4,23428.34,0
2026-01-20 18:15:00,23429.18,23429.18,23419.94,23419.94,0
2026-01-20 18:20:00,23419.94,23424.17,23419.16,23422.44,0
2026-01-20 18:25:00,23422.63,23423.98,23419.55,23421.09,0
2026-01-20 18:30:00,23422.24,23424.94,23419.74,23419.74,0
2026-01-20 18:35:00,23419.92,23431.1,23419.55,23427.25,0
2026-01-20 18:40:00,23427.25,23430.72,23423.78,23429.56,0
2026-01-20 18:45:00,23428.79,23428.79,23385.67,23394.14,0
2026-01-20 18:50:00,23393.6,23399.53,23376.81,23381.05,0
2026-01-20 18:55:00,23379.47,23386.44,23376.43,23385.69,0
2026-01-21 04:00:00,23472.68,23491.16,23472.3,23488.85,0
2026-01-21 04:05:00,23491.16,23491.16,23461.52,23461.52,0
2026-01-21 04:10:00,23466.52,23476.53,23465.75,23476.53,0
2026-01-21 04:15:00,23477.3,23483.08,23471.14,23475.38,0
2026-01-21 04:20:00,23478.46,23478.46,23453.43,23458.82,0
2026-01-21 04:25:00,23458.82,23467.68,23458.82,23467.68,0
2026-01-21 04:30:00,23464.21,23465.75,23454.59,23462.28,0
2026-01-21 04:35:00,23458.44,23462.67,23449.96,23452.66,0
2026-01-21 04:40:00,23456.9,23460.74,23442.65,23445.34,0
2026-01-21 04:45:00,23442.65,23443.04,23422.63,23430.72,0
2026-01-21 04:50:00,23430.72,23434.95,23424.17,23424.55,0
2026-01-21 04:55:00,23425.71,23430.33,23404.15,23404.15,0
2026-01-21 05:00:00,23408.38,23436.1,23399.14,23436.1,0
2026-01-21 05:05:00,23433.02,23433.02,23425.71,23426.86,0
2026-01-21 05:10:00,23426.1,23431.1,23419.55,23428.02,0
2026-01-21 05:15:00,23434.95,23447.66,23434.95,23442.65,0
2026-01-21 05:20:00,23445.34,23448.04,23427.25,23438.8,0
2026-01-21 05:25:00,23439.18,23452.28,23439.18,23447.27,0
2026-01-21 05:30:00,23451.12,23451.12,23446.5,23449.2,0
2026-01-21 05:35:00,23447.66,23454.97,23446.5,23452.28,0
2026-01-21 05:40:00,23451.89,23457.28,23448.42,23454.2,0
2026-01-21 05:45:00,23453.04,23453.04,23449.2,23449.2,0
2026-01-21 05:50:00,23453.04,23453.04,23434.56,23434.56,0
2026-01-21 05:55:00,23433.41,23434.95,23425.32,23429.56,0
2026-01-21 06:00:00,23423.4,23423.4,23409.92,23418.01,0
2026-01-21 06:05:00,23419.94,23424.17,23419.16,23423.4,0
2026-01-21 06:10:00,23423.4,23424.17,23412.24,23415.7,0
2026-01-21 06:15:00,23411.85,23423.02,23411.85,23423.02,0
2026-01-21 06:20:00,23423.02,23427.25,23422.24,23423.4,0
2026-01-21 06:25:00,23424.55,23431.87,23414.93,23415.7,0
2026-01-21 06:30:00,23419.55,23429.95,23410.31,23410.31,0
2026-01-21 06:35:00,23408.38,23408.38,23392.6,23393.37,0
2026-01-21 06:40:00,23392.22,23394.91,23386.82,23392.22,0
2026-01-21 06:45:00,23389.9,23392.98,23354.87,23366.8,0
2026-01-21 06:50:00,23366.8,23369.5,23350.25,23350.25,0
2026-01-21 06:55:00,23352.18,23354.48,23321.76,23326.38,0
2026-01-21 07:00:00,23327.15,23339.47,23310.21,23335.24,0
2026-01-21 07:05:00,23336.39,23351.02,23330.23,23337.93,0
2026-01-21 07:10:00,23338.7,23346.4,23323.68,23339.47,0
2026-01-21 07:15:00,23339.86,23352.18,23332.92,23351.75,0
2026-01-21 07:20:00,23349.1,23365.65,23346.78,23364.5,0
2026-01-21 07:25:00,23361.8,23361.8,23351.4,23351.4,0
2026-01-21 07:30:00,23352.18,23353.33,23334.81,23352.18,0
2026-01-21 07:35:00,23350.25,23351.79,23325.22,23331.0,0
2026-01-21 07:40:00,23329.84,23333.7,23323.3,23333.7,0
2026-01-21 07:45:00,23336.0,23338.7,23315.6,23337.16,0
2026-01-21 07:50:00,23338.7,23352.18,23338.7,23349.48,0
2026-01-21 07:55:00,23348.71,23367.58,23347.17,23366.04,0
2026-01-21 08:00:00,23476.87,23510.33,23309.82,23354.87,0
2026-01-21 08:05:00,23355.56,23410.31,23355.56,23383.71,0
2026-01-21 08:10:00,23383.36,23390.29,23374.12,23374.12,0
2026-01-21 08:15:00,23373.35,23377.2,23361.45,23366.04,0
2026-01-21 08:20:00,23366.42,23367.19,23351.4,23360.28,0
2026-01-21 08:25:00,23362.18,23365.08,23352.98,23354.48,0
2026-01-21 08:30:00,23353.33,23356.41,23333.7,23343.32,0
2026-01-21 08:35:00,23342.94,23344.09,23323.68,23340.62,0
2026-01-21 08:40:00,23340.62,23349.1,23322.13,23330.58,0
2026-01-21 08:45:00,23328.69,23410.31,23326.76,23346.02,0
2026-01-21 08:50:00,23347.14,23384.52,23341.4,23382.2,0
2026-01-21 08:55:00,23383.36,23399.91,23357.56,23362.76,0
2026-01-21 09:00:00,23361.41,23429.18,23350.64,23394.52,0
2026-01-21 09:05:00,23395.3,23433.8,23387.6,23402.22,0
2026-01-21 09:10:00,23401.26,23480.76,23386.82,23465.36,0
2026-01-21 09:15:00,23468.45,23492.7,23408.0,23485.58,0
2026-01-21 09:20:00,23486.7,23514.65,23439.89,23508.48,0
2026-01-21 09:25:00,23507.33,23521.58,23461.09,23464.98,0
2026-01-21 09:30:00,23464.59,23490.39,23423.02,23435.34,3327292
2026-01-21 09:35:00,23435.34,23486.54,23416.09,23457.28,1169184
2026-01-21 09:40:00,23456.9,23474.22,23402.75,23471.14,762878
2026-01-21 09:45:00,23471.14,23510.03,23466.91,23502.71,594403
2026-01-21 09:50:00,23505.02,23552.38,23496.55,23551.8,646536
2026-01-21 09:55:00,23550.84,23597.8,23540.44,23585.1,574211
2026-01-21 10:00:00,23585.1,23601.27,23575.86,23578.55,529107
2026-01-21 10:05:00,23581.25,23597.42,23574.32,23577.02,562308
2026-01-21 10:10:00,23576.63,23590.1,23557.77,23588.18,539733
2026-01-21 10:15:00,23588.95,23633.61,23585.68,23607.04,758996
2026-01-21 10:20:00,23607.04,23620.52,23579.33,23617.44,558233
2026-01-21 10:25:00,23617.83,23642.08,23607.04,23635.32,448922
2026-01-21 10:30:00,23635.15,23678.27,23633.99,23665.18,465839
2026-01-21 10:35:00,23665.57,23700.22,23663.23,23686.35,665137
2026-01-21 10:40:00,23686.35,23709.84,23683.28,23701.76,419008
2026-01-21 10:45:00,23703.29,23725.62,23703.29,23719.08,647219
2026-01-21 10:50:00,23719.08,23734.48,23712.15,23733.33,427184
2026-01-21 10:55:00,23732.07,23734.86,23710.61,23718.12,513274
2026-01-21 11:00:00,23717.92,23725.24,23709.84,23711.57,416410
2026-01-21 11:05:00,23711.77,23726.01,23696.75,23703.68,453817
2026-01-21 11:10:00,23705.22,23739.87,23698.67,23705.22,414262
2026-01-21 11:15:00,23704.84,23722.16,23699.83,23704.07,261495
2026-01-21 11:20:00,23704.45,23714.84,23694.44,23708.68,347952
2026-01-21 11:25:00,23708.3,23724.85,23692.52,23706.38,284574
2026-01-21 11:30:00,23706.38,23707.91,23662.1,23669.8,630144
2026-01-21 11:35:00,23669.41,23671.34,23592.8,23593.18,1155539
2026-01-21 11:40:00,23593.18,23603.58,23552.18,23555.07,884306
2026-01-21 11:45:00,23555.07,23570.47,23532.74,23558.92,1051001
2026-01-21 11:50:00,23559.69,23567.39,23515.03,23530.04,616658
2026-01-21 11:55:00,23528.89,23535.05,23488.85,23496.63,544269
2026-01-21 12:00:00,23496.93,23526.82,23490.39,23491.74,651348
2026-01-21 12:05:00,23491.54,23498.47,23462.28,23474.22,552891
2026-01-21 12:10:00,23473.07,23487.7,23417.62,23427.25,627871
2026-01-21 12:15:00,23427.25,23481.92,23416.47,23464.21,717822
2026-01-21 12:20:00,23462.67,23490.01,23447.27,23486.54,593422
2026-01-21 12:25:00,23486.54,23499.19,23461.52,23475.38,381605
2026-01-21 12:30:00,23475.38,23476.53,23447.27,23461.13,283828
2026-01-21 12:35:00,23459.97,23483.84,23443.42,23470.76,365595
2026-01-21 12:40:00,23470.76,23486.16,23452.85,23452.85,14825411
2026-01-21 12:45:00,23452.85,23476.53,23440.72,23471.53,0
2026-01-21 12:50:00,23471.53,23510.05,23456.51,23505.41,473129
2026-01-21 12:55:00,23505.79,23525.43,23490.01,23511.18,439961
2026-01-21 13:00:00,23511.57,23517.35,23424.05,23433.79,430579
2026-01-21 13:05:00,23433.87,23465.32,23433.79,23459.97,410453
2026-01-21 13:10:00,23459.97,23515.8,23458.43,23498.09,428740
2026-01-21 13:15:00,23499.63,23505.02,23478.84,23481.53,280872
2026-01-21 13:20:00,23479.61,23486.92,23454.97,23460.74,323945
2026-01-21 13:25:00,23461.52,23508.48,23456.9,23502.33,268494
2026-01-21 13:30:00,23502.71,23519.27,23492.75,23512.34,257741
2026-01-21 13:35:00,23512.72,23522.15,23474.6,23500.4,264553
2026-01-21 13:45:00,23511.57,23535.82,23510.03,23534.28,475581
2026-01-21 13:50:00,23533.51,23556.61,23531.59,23548.91,380961
2026-01-21 13:55:00,23548.14,23552.38,23521.38,23545.45,266268
2026-01-21 14:00:00,23544.67,23557.38,23521.58,23525.23,217020
2026-01-21 14:05:00,23525.81,23528.89,23498.86,23510.79,258492
2026-01-21 14:10:00,23511.57,23531.97,23502.71,23508.24,281155
2026-01-21 14:15:00,23508.1,23526.23,23500.02,23517.72,225436
2026-01-21 14:20:00,23517.72,23540.44,23503.48,23536.59,277607
2026-01-21 14:25:00,23536.59,23707.15,23513.1,23680.58,1603102
2026-01-21 14:30:00,23681.54,23731.78,23672.49,23717.73,1390845
2026-01-21 14:35:00,23717.54,23766.05,23709.46,23754.31,1131978
2026-01-21 14:40:00,23756.04,23812.64,23738.33,23798.78,979577
2026-01-21 14:45:00,23799.16,23858.45,23798.78,23853.06,1475809
2026-01-21 14:50:00,23853.45,23880.78,23809.55,23852.67,1339161
2026-01-21 14:55:00,23859.99,23875.39,23855.76,23873.47,752304
2026-01-21 15:00:00,23873.47,23886.17,23831.5,23846.72,879025
2026-01-21 15:05:00,23846.9,23853.06,23812.64,23835.35,604937
2026-01-21 15:10:00,23834.58,23846.13,23820.59,23827.61,426219
2026-01-21 15:15:00,23827.65,23831.5,23780.68,23786.62,702350
2026-01-21 15:20:00,23786.84,23804.93,23768.36,23783.38,599463
2026-01-21 15:25:00,23783.76,23783.76,23732.94,23733.71,516049
2026-01-21 15:30:00,23733.71,23752.19,23697.52,23746.41,1022450
2026-01-21 15:35:00,23745.26,23761.82,23741.79,23744.1,555623
2026-01-21 15:40:00,23744.49,23755.27,23725.62,23732.55,408031
2026-01-21 15:45:00,23732.17,23740.64,23719.85,23732.75,26673571
2026-01-21 15:50:00,23732.55,23732.94,23697.14,23719.85,0
2026-01-21 15:55:00,23719.47,23732.94,23705.99,23719.85,1174300
2026-01-21 16:00:00,23720.24,23747.18,23719.46,23742.71,0
2026-01-21 16:05:00,23743.32,23757.58,23737.24,23750.65,0
2026-01-21 16:10:00,23748.69,23771.08,23726.78,23767.98,0
2026-01-21 16:15:00,23769.13,23773.75,23726.78,23769.9,0
2026-01-21 16:20:00,23726.78,23775.29,23726.78,23763.55,0
2026-01-21 16:25:00,23762.2,23762.55,23750.26,23758.35,0
2026-01-21 16:30:00,23758.35,23759.36,23751.42,23753.73,0
2026-01-21 16:35:00,23753.73,23754.88,23747.36,23754.1,0
2026-01-21 16:40:00,23754.88,23760.28,23752.96,23760.28,0
2026-01-21 16:45:00,23756.42,23757.96,23751.04,23754.5,0
2026-01-21 16:50:00,23753.0,23754.5,23726.78,23752.19,0
2026-01-21 16:55:00,23752.96,23755.66,23747.18,23753.73,0
2026-01-21 17:00:00,23755.27,23760.66,23742.95,23751.23,0
2026-01-21 17:05:00,23751.42,23760.66,23749.88,23758.74,0
2026-01-21 17:10:00,23757.77,23762.2,23756.42,23759.5,0
2026-01-21 17:15:00,23756.68,23759.5,23726.78,23757.96,0
2026-01-21 17:20:00,23756.42,23758.35,23755.27,23756.42,0
2026-01-21 17:25:00,23756.04,23761.23,23755.66,23758.35,0
2026-01-21 17:30:00,23758.74,23761.82,23756.42,23761.24,0
2026-01-21 17:35:00,23761.24,23767.98,23754.5,23762.78,0
2026-01-21 17:40:00,23762.39,23768.74,23756.81,23764.9,0
2026-01-21 17:45:00,23764.9,23768.36,23726.78,23759.12,0
2026-01-21 17:50:00,23760.28,23764.12,23759.12,23761.24,0
2026-01-21 17:55:00,23763.36,23769.13,23763.36,23768.36,0
2026-01-21 18:00:00,23769.9,23804.6,23726.78,23803.01,0
2026-01-21 18:05:00,23802.24,23811.49,23793.0,23805.13,0
2026-01-21 18:10:00,23804.49,23804.49,23787.22,23789.52,0
2026-01-21 18:15:00,23789.54,23799.54,23788.96,23789.54,0
2026-01-21 18:20:00,23788.76,23794.5,23788.42,23793.19,0
2026-01-21 18:25:00,23793.38,23803.01,23793.38,23800.7,0
2026-01-21 18:30:00,23795.27,23795.31,23777.6,23777.6,0
2026-01-21 18:35:00,23776.06,23779.49,23769.13,23774.14,0
2026-01-21 18:40:00,23773.56,23792.23,23772.98,23783.38,0
2026-01-21 18:45:00,23781.45,23792.17,23781.45,23785.34,0
2026-01-21 18:50:00,23786.07,23801.09,23786.07,23794.16,0
2026-01-21 18:55:00,23793.77,23799.16,23791.84,23794.92,0
2026-01-22 04:00:00,23919.28,23933.91,23908.5,23932.37,0
2026-01-22 04:05:00,23931.22,23935.84,23925.05,23933.52,0
2026-01-22 04:10:00,23933.52,23939.3,23930.83,23937.38,0
2026-01-22 04:15:00,23938.91,23947.77,23936.22,23945.08,0
2026-01-22 04:20:00,23946.23,23946.23,23926.98,23933.52,0
2026-01-22 04:25:00,23934.3,23934.3,23923.9,23929.29,0
2026-01-22 04:30:00,23929.29,23940.07,23926.21,23940.07,0
2026-01-22 04:35:00,23937.38,23937.38,23931.22,23931.22,0
2026-01-22 04:40:00,23935.45,23943.15,23931.6,23935.45,0
2026-01-22 04:45:00,23936.6,23939.68,23933.14,23939.3,0
2026-01-22 04:50:00,23940.07,23945.46,23935.84,23935.84,0
2026-01-22 04:55:00,23935.45,23936.6,23930.45,23933.91,0
2026-01-22 05:00:00,23935.45,23937.38,23930.06,23930.06,0
2026-01-22 05:05:00,23929.29,23932.37,23926.6,23931.98,0
2026-01-22 05:10:00,23932.37,23932.76,23919.28,23920.05,0
2026-01-22 05:15:00,23923.52,23924.28,23908.5,23909.66,0
2026-01-22 05:20:00,23909.27,23935.45,23908.5,23921.98,0
2026-01-22 05:25:00,23925.44,23931.6,23922.74,23922.74,0
2026-01-22 05:30:00,23925.82,23928.52,23921.98,23928.52,0
2026-01-22 05:35:00,23931.6,23931.6,23924.28,23926.21,0
2026-01-22 05:40:00,23923.9,23926.6,23921.59,23921.98,0
2026-01-22 05:45:00,23923.9,23927.75,23920.05,23926.6,0
2026-01-22 05:50:00,23926.98,23928.14,23920.05,23922.36,0
2026-01-22 05:55:00,23923.9,23928.52,23923.9,23923.9,0
2026-01-22 06:00:00,23925.44,23939.3,23925.44,23925.82,0
2026-01-22 06:05:00,23931.22,23947.38,23928.9,23946.62,0
2026-01-22 06:10:00,23947.38,23948.16,23925.82,23927.36,0
2026-01-22 06:15:00,23926.21,23931.98,23904.65,23921.59,0
2026-01-22 06:20:00,23921.59,23927.75,23915.82,23923.13,0
2026-01-22 06:25:00,23922.74,23923.13,23912.35,23918.12,0
2026-01-22 06:30:00,23916.2,23936.22,23912.35,23928.9,0
2026-01-22 06:35:00,23923.9,23923.9,23916.2,23920.05,0
2026-01-22 06:40:00,23912.35,23916.2,23908.5,23916.2,0
2026-01-22 06:45:00,23916.2,23916.2,23911.2,23912.74,0
2026-01-22 06:50:00,23916.2,23918.51,23912.35,23915.04,0
2026-01-22 06:55:00,23914.66,23918.9,23908.12,23910.42,0
2026-01-22 07:00:00,23911.2,23918.12,23898.88,23902.38,0
2026-01-22 07:05:00,23903.11,23915.04,23902.34,23915.04,0
2026-01-22 07:10:00,23914.28,23914.66,23903.5,23904.65,0
2026-01-22 07:15:00,23908.5,23914.66,23908.12,23913.5,0
2026-01-22 07:20:00,23909.66,23921.59,23909.66,23921.2,0
2026-01-22 07:25:00,23920.05,23924.67,23918.51,23920.05,0
2026-01-22 07:30:00,23920.05,23924.28,23907.73,23923.13,0
2026-01-22 07:35:00,23923.09,23924.28,23914.28,23915.82,0
2026-01-22 07:40:00,23914.28,23922.74,23911.96,23922.36,0
2026-01-22 07:45:00,23920.44,23920.44,23912.35,23914.28,0
2026-01-22 07:50:00,23915.43,23921.98,23912.35,23914.28,0
2026-01-22 07:55:00,23914.28,23929.29,23914.28,23925.44,0
2026-01-22 08:00:00,23909.66,23948.16,23708.99,23938.92,0
2026-01-22 08:05:00,23938.91,23938.92,23726.78,23928.71,0
2026-01-22 08:10:00,23927.57,23929.44,23914.27,23926.42,0
2026-01-22 08:15:00,23927.36,23940.07,23927.36,23938.91,0
2026-01-22 08:20:00,23938.53,23938.53,23930.93,23934.3,0
2026-01-22 08:25:00,23934.39,23940.07,23931.98,23936.6,0
2026-01-22 08:30:00,23933.14,23944.69,23914.28,23927.62,0
2026-01-22 08:35:00,23929.29,23941.42,23926.6,23939.3,0
2026-01-22 08:40:00,23939.68,23940.46,23920.44,23925.85,0
2026-01-22 08:45:00,23926.6,23965.48,23726.78,23956.62,0
2026-01-22 08:50:00,23954.7,23957.97,23946.62,23952.78,0
2026-01-22 08:55:00,23953.16,23970.87,23952.39,23967.79,0
2026-01-22 09:00:00,23967.52,23970.1,23945.46,23948.54,0
2026-01-22 09:05:00,23947.38,23948.78,23938.91,23943.19,0
2026-01-22 09:10:00,23943.92,23955.47,23401.26,23951.04,0
2026-01-22 09:15:00,23950.46,23963.94,23945.84,23962.4,0
2026-01-22 09:20:00,23962.4,23963.94,23943.92,23946.23,0
2026-01-22 09:25:00,23948.54,23970.1,23948.54,23960.48,0
2026-01-22 09:30:00,23916.97,23938.53,23901.38,23902.88,2068146
2026-01-22 09:35:00,23903.11,23928.91,23872.7,23909.27,848200
2026-01-22 09:40:00,23909.66,23925.05,23852.67,23883.86,895770
2026-01-22 09:45:00,23883.86,23893.48,23800.7,23817.64,4586665
2026-01-22 09:50:00,23817.64,23867.3,23798.78,23863.07,0
2026-01-22 09:55:00,23862.3,23868.84,23804.93,23824.18,413056
2026-01-22 10:00:00,23824.57,23829.19,23786.46,23804.55,445154
2026-01-22 10:05:00,23805.32,23813.41,23784.53,23794.35,372520
2026-01-22 10:10:00,23795.7,23823.41,23791.84,23799.54,467119
2026-01-22 10:15:00,23799.54,23834.2,23785.68,23809.55,420007
2026-01-22 10:20:00,23809.17,23851.91,23796.08,23796.85,663254
2026-01-22 10:25:00,23796.47,23844.59,23789.53,23835.35,411434
2026-01-22 10:30:00,23836.51,23864.61,23817.26,23864.61,381768
2026-01-22 10:35:00,23864.22,23876.93,23854.22,23873.85,305833
2026-01-22 10:40:00,23874.62,23887.33,23857.68,23885.4,472376
2026-01-22 10:45:00,23885.02,23897.34,23879.04,23879.04,354771
2026-01-22 10:50:00,23878.47,23878.47,23852.29,23859.99,379445
2026-01-22 10:55:00,23857.68,23863.84,23844.59,23848.44,313197
2026-01-22 11:00:00,23848.05,23872.31,23846.52,23866.92,347208
2026-01-22 11:05:00,23868.08,23882.32,23861.15,23879.21,265595
2026-01-22 11:10:00,23879.24,23897.34,23866.92,23891.95,226971
2026-01-22 11:15:00,23891.56,23902.15,23879.24,23892.72,243397
2026-01-22 11:20:00,23892.33,23914.28,23890.79,23908.89,235360
2026-01-22 11:25:00,23909.27,23921.2,23902.05,23910.42,277927
2026-01-22 11:30:00,23908.89,23918.51,23900.41,23908.89,202815
2026-01-22 11:35:00,23907.34,23914.66,23898.1,23911.2,154838
2026-01-22 11:40:00,23910.36,23925.05,23906.96,23917.35,148812
2026-01-22 11:45:00,23917.74,23928.52,23916.59,23922.74,168405
2026-01-22 11:50:00,23922.81,23934.29,23920.05,23926.59,170402
2026-01-22 11:55:00,23925.83,23926.21,23900.41,23905.42,215742
2026-01-22 12:00:00,23905.42,23917.35,23891.17,23915.33,256575
2026-01-22 12:05:00,23916.2,23928.52,23906.96,23918.12,204658
2026-01-22 12:10:00,23919.66,23929.29,23910.42,23923.52,118227
2026-01-22 12:15:00,23924.28,23927.36,23900.8,23911.58,106659
2026-01-22 12:20:00,23910.81,23913.12,23895.03,23912.67,193339
2026-01-22 12:25:00,23913.51,23916.2,23900.41,23915.43,102293
2026-01-22 12:30:00,23916.97,23942.38,23916.2,23938.58,211967
2026-01-22 12:35:00,23938.91,23940.46,23925.05,23928.14,151058
2026-01-22 12:40:00,23928.91,23944.3,23928.91,23935.6,120118
2026-01-22 12:45:00,23935.84,23945.08,23934.2,23942.38,128796
2026-01-22 12:50:00,23942.38,23951.23,23940.07,23944.84,147242
2026-01-22 12:55:00,23946.23,23954.32,23937.38,23945.84,147509
2026-01-22 13:00:00,23945.46,23956.24,23926.98,23947.0,326617
2026-01-22 13:05:00,23947.58,23953.93,23943.31,23947.77,99009
2026-01-22 13:10:00,23947.39,23949.31,23926.21,23931.22,181749
2026-01-22 13:15:00,23930.83,23936.59,23919.28,23929.67,141791
2026-01-22 13:20:00,23930.06,23943.15,23926.52,23940.26,92115
2026-01-22 13:25:00,23940.46,23941.99,23931.6,23933.7,104191
2026-01-22 13:30:00,23933.53,23942.93,23930.45,23937.76,115029
2026-01-22 13:35:00,23937.76,23941.22,23931.98,23939.3,118255
2026-01-22 13:40:00,23939.77,23942.38,23925.83,23927.91,123694
2026-01-22 13:45:00,23928.91,23943.92,23928.91,23936.22,94548
2026-01-22 13:50:00,23935.45,23937.38,23920.05,23922.74,154332
2026-01-22 13:55:00,23923.13,23923.23,23904.65,23910.42,185294
2026-01-22 14:00:00,23909.66,23933.14,23908.5,23930.06,163315
2026-01-22 14:05:00,23930.45,23938.53,23923.13,23932.76,117042
2026-01-22 14:10:00,23933.53,23945.08,23925.83,23936.22,162177
2026-01-22 14:15:00,23935.84,23940.84,23927.83,23938.91,86041
2026-01-22 14:20:00,23939.3,23946.62,23935.07,23944.69,90453
2026-01-22 14:25:00,23945.08,23948.16,23939.68,23943.53,114722
2026-01-22 14:30:00,23943.53,23947.0,23932.56,23932.95,142130
2026-01-22 14:35:00,23932.56,23937.45,23913.89,23917.74,152775
2026-01-22 14:40:00,23916.97,23925.83,23908.11,23912.74,186045
2026-01-22 14:45:00,23910.81,23911.78,23900.03,23904.65,184747
2026-01-22 14:50:00,23903.88,23917.35,23900.03,23901.57,166571
2026-01-22 14:55:00,23901.57,23906.96,23874.23,23879.24,304105
2026-01-22 15:00:00,23878.47,23891.56,23871.92,23884.24,400388
2026-01-22 15:05:00,23883.86,23890.79,23873.47,23876.16,306045
2026-01-22 15:10:00,23876.54,23887.33,23875.39,23886.94,149729
2026-01-22 15:15:00,23887.33,23901.76,23884.24,23892.84,217970
2026-01-22 15:20:00,23892.33,23898.88,23880.01,23880.78,149672
2026-01-22 15:25:00,23881.16,23881.16,23849.59,23850.75,347987
2026-01-22 15:30:00,23849.98,23857.68,23838.04,23843.43,558946
2026-01-22 15:35:00,23843.05,23844.21,23828.03,23836.12,411168
2026-01-22 15:40:00,23835.74,23861.53,23833.04,23855.76,506383
2026-01-22 15:45:00,23856.14,23874.62,23856.14,23873.85,351117
2026-01-22 15:50:00,23874.23,23892.33,23871.54,23885.78,540694
2026-01-22 15:55:00,23885.02,23901.57,23884.24,23900.22,875276
2026-01-22 16:00:00,23898.88,23912.35,23868.84,23877.7,0
2026-01-22 16:05:00,23875.78,23900.8,23871.92,23891.95,0
2026-01-22 16:10:00,23891.56,23899.26,23878.09,23883.86,0
2026-01-22 16:15:00,23882.7,23895.8,23882.7,23894.59,0
2026-01-22 16:20:00,23894.64,23897.91,23892.14,23897.14,0
2026-01-22 16:25:00,23896.95,23899.64,23893.87,23898.1,0
2026-01-22 16:30:00,23899.26,23899.45,23893.48,23895.02,0
2026-01-22 16:35:00,23895.22,23895.22,23884.24,23884.24,0
2026-01-22 16:40:00,23884.05,23887.32,23880.4,23880.78,0
2026-01-22 16:45:00,23880.78,23883.09,23876.93,23880.01,0
2026-01-22 16:50:00,23880.78,23887.52,23878.47,23883.68,0
2026-01-22 16:55:00,23884.68,23899.26,23851.52,23870.38,0
2026-01-22 17:00:00,23870.0,23899.26,23866.15,23881.55,0
2026-01-22 17:05:00,23882.32,23885.4,23880.28,23880.28,0
2026-01-22 17:10:00,23880.01,23880.4,23873.85,23877.51,0
2026-01-22 17:15:00,23876.84,23899.26,23870.0,23873.11,0
2026-01-22 17:20:00,23872.31,23873.73,23863.24,23868.83,0
2026-01-22 17:25:00,23868.84,23868.84,23859.22,23867.31,0
2026-01-22 17:30:00,23868.08,23868.65,23858.06,23861.53,0
2026-01-22 17:35:00,23860.38,23864.61,23859.99,23859.99,0
2026-01-22 17:40:00,23860.38,23864.22,23860.38,23864.22,0
2026-01-22 17:45:00,23862.88,23866.73,23862.68,23864.22,0
2026-01-22 17:50:00,23864.42,23864.61,23859.99,23860.38,0
2026-01-22 17:55:00,23864.61,23864.61,23859.6,23862.3,0
2026-01-22 18:00:00,23859.99,23861.91,23824.57,23836.76,0
2026-01-22 18:05:00,23837.28,23846.9,23832.27,23841.12,0
2026-01-22 18:10:00,23842.3,23899.26,23826.46,23833.08,0
2026-01-22 18:15:00,23833.62,23845.51,23833.62,23835.35,0
2026-01-22 18:20:00,23835.35,23858.06,23833.04,23858.06,0
2026-01-22 18:25:00,23856.52,23861.13,23854.98,23855.84,0
2026-01-22 18:30:00,23855.76,23868.08,23853.83,23868.08,0
2026-01-22 18:35:00,23868.02,23868.43,23862.49,23862.49,0
2026-01-22 18:40:00,23862.3,23864.8,23855.76,23864.8,0
2026-01-22 18:45:00,23862.89,23866.54,23848.25,23849.02,0
2026-01-22 18:50:00,23851.87,23852.24,23842.34,23844.11,0
2026-01-22 18:55:00,23844.59,23857.36,23843.44,23857.36,0
2026-01-23 04:00:00,23852.29,23872.7,23848.82,23866.92,0
2026-01-23 04:05:00,23868.08,23878.09,23865.38,23870.0,0
2026-01-23 04:10:00,23872.31,23872.31,23845.74,23851.52,0
2026-01-23 04:15:00,23850.36,23859.99,23846.9,23855.76,0
2026-01-23 04:20:00,23859.99,23869.23,23859.99,23865.38,0
2026-01-23 04:25:00,23866.15,23866.15,23850.36,23854.6,0
2026-01-23 04:30:00,23854.6,23854.6,23838.82,23842.66,0
2026-01-23 04:35:00,23838.82,23838.82,23823.8,23829.58,0
2026-01-23 04:40:00,23829.19,23830.34,23802.62,23808.02,0
2026-01-23 04:45:00,23806.09,23814.18,23796.85,23811.86,0
2026-01-23 04:50:00,23810.71,23821.1,23801.47,23813.79,0
2026-01-23 04:55:00,23817.26,23825.72,23811.86,23814.18,0
2026-01-23 05:00:00,23814.56,23823.8,23813.4,23821.49,0
2026-01-23 05:05:00,23825.72,23825.72,23815.72,23821.1,0
2026-01-23 05:10:00,23821.49,23821.49,23809.17,23809.17,0
2026-01-23 05:15:00,23809.17,23821.1,23808.02,23816.48,0
2026-01-23 05:20:00,23817.64,23824.57,23811.86,23824.57,0
2026-01-23 05:25:00,23819.95,23825.34,23816.1,23816.1,0
2026-01-23 05:30:00,23814.56,23816.87,23808.4,23814.56,0
2026-01-23 05:35:00,23811.86,23814.95,23806.86,23809.94,0
2026-01-23 05:40:00,23811.1,23816.1,23810.71,23812.25,0
2026-01-23 05:45:00,23816.1,23818.02,23812.25,23812.25,0
2026-01-23 05:50:00,23811.1,23819.95,23811.1,23819.56,0
2026-01-23 05:55:00,23819.18,23825.72,23817.64,23825.72,0
2026-01-23 06:00:00,23827.65,23883.09,23823.03,23870.77,0
2026-01-23 06:05:00,23868.08,23887.32,23868.08,23882.7,0
2026-01-23 06:10:00,23878.47,23887.71,23870.0,23875.39,0
2026-01-23 06:15:00,23875.78,23882.32,23870.0,23875.78,0
2026-01-23 06:20:00,23877.32,23878.86,23870.0,23873.85,0
2026-01-23 06:25:00,23875.0,23893.87,23871.16,23893.1,0
2026-01-23 06:30:00,23893.1,23904.26,23886.55,23900.8,0
2026-01-23 06:35:00,23899.26,23903.11,23889.25,23889.25,0
2026-01-23 06:40:00,23894.26,23895.41,23879.24,23879.24,0
2026-01-23 06:45:00,23882.7,23882.7,23871.92,23876.16,0
2026-01-23 06:50:00,23876.54,23880.4,23867.3,23870.77,0
2026-01-23 06:55:00,23868.46,23869.62,23850.75,23858.45,0
2026-01-23 07:00:00,23858.06,23864.22,23850.75,23858.06,0
2026-01-23 07:05:00,23857.3,23875.78,23856.52,23868.08,0
2026-01-23 07:10:00,23866.5,23873.85,23862.3,23865.38,0
2026-01-23 07:15:00,23865.0,23865.0,23853.45,23853.45,0
2026-01-23 07:20:00,23853.06,23862.3,23850.75,23858.45,0
2026-01-23 07:25:00,23857.68,23868.84,23857.68,23868.84,0
2026-01-23 07:30:00,23866.54,23873.85,23838.01,23840.36,0
2026-01-23 07:35:00,23841.9,23850.75,23839.2,23850.75,0
2026-01-23 07:40:00,23852.68,23870.0,23849.21,23870.0,0
2026-01-23 07:45:00,23866.54,23878.86,23866.15,23877.74,0
2026-01-23 07:50:00,23878.86,23880.78,23871.92,23873.85,0
2026-01-23 07:55:00,23873.43,23878.86,23869.23,23876.16,0
2026-01-23 08:00:00,23856.52,23972.8,23797.37,23881.92,0
2026-01-23 08:05:00,23899.26,23899.26,23869.42,23870.0,0
2026-01-23 08:10:00,23870.0,23880.98,23867.48,23877.32,0
2026-01-23 08:15:00,23874.99,23935.06,23859.6,23862.33,0
2026-01-23 08:20:00,23862.69,23863.26,23850.0,23858.72,0
2026-01-23 08:25:00,23854.6,23854.98,23826.48,23827.65,0
2026-01-23 08:30:00,23826.11,23849.6,23825.72,23835.74,0
2026-01-23 08:35:00,23837.28,23848.05,23832.66,23843.82,0
2026-01-23 08:40:00,23844.78,23855.95,23839.97,23842.09,0
2026-01-23 08:45:00,23841.12,23899.26,23830.34,23836.89,0
2026-01-23 08:50:00,23838.62,23838.62,23815.33,23818.41,0
2026-01-23 08:55:00,23818.41,23832.27,23816.48,23825.34,0
2026-01-23 09:00:00,23826.88,23831.5,23812.06,23822.28,0
2026-01-23 09:05:00,23823.03,23835.74,23823.03,23831.88,0
2026-01-23 09:10:00,23831.12,23834.58,23814.95,23823.04,0
2026-01-23 09:15:00,23823.41,23835.74,23818.8,23835.33,0
2026-01-23 09:20:00,23836.31,23840.16,23824.96,23836.12,0
2026-01-23 09:25:00,23836.89,23862.3,23836.89,23858.06,0
2026-01-23 09:30:00,23858.07,23900.8,23838.82,23844.21,1641001
2026-01-23 09:35:00,23844.59,23872.7,23818.03,23829.93,861798
2026-01-23 09:40:00,23831.5,23888.48,23818.81,23864.99,578220
2026-01-23 09:45:00,23877.32,23885.4,23833.04,23845.39,392831
2026-01-23 09:50:00,23844.59,23881.93,23842.28,23873.96,318017
2026-01-23 09:55:00,23874.62,23913.51,23870.75,23913.51,359976
2026-01-23 10:00:00,23911.58,23962.78,23911.58,23955.08,646695
2026-01-23 10:05:00,23955.85,23958.16,23934.68,23950.47,582141
2026-01-23 10:10:00,23950.08,23955.47,23923.52,23935.26,449242
2026-01-23 10:15:00,23935.07,23953.93,23921.97,23929.29,368857
2026-01-23 10:20:00,23928.91,23996.66,23922.36,23987.77,726056
2026-01-23 10:25:00,23988.39,24003.21,23976.65,23987.42,600738
2026-01-23 10:30:00,23988.2,24013.41,23986.65,24011.3,338762
2026-01-23 10:35:00,24011.68,24021.3,24008.22,24017.46,300766
2026-01-23 10:40:00,24017.65,24023.04,24006.29,24019.38,339459
2026-01-23 10:45:00,24019.96,24049.79,24010.53,24046.33,376827
2026-01-23 10:50:00,24046.33,24056.53,24034.4,24052.49,369618
2026-01-23 10:55:00,24052.88,24061.34,24048.26,24060.38,362902
2026-01-23 11:00:00,24060.58,24077.9,24059.8,24074.09,557858
2026-01-23 11:05:00,24074.82,24076.94,24039.78,24060.11,389006
2026-01-23 11:10:00,24059.14,24065.39,24050.18,24057.49,263058
2026-01-23 11:15:00,24058.27,24062.89,24045.56,24058.27,257613
2026-01-23 11:20:00,24058.27,24058.27,24042.48,24050.4,277927
2026-01-23 11:25:00,24050.18,24052.88,24016.96,24027.47,315907
2026-01-23 11:30:00,24027.47,24038.24,24000.13,24008.22,407728
2026-01-23 11:35:00,24008.98,24055.96,24000.18,24050.94,416696
2026-01-23 11:40:00,24050.57,24059.42,24034.78,24047.29,312220
2026-01-23 11:45:00,24046.72,24060.96,24030.16,24055.57,254206
2026-01-23 11:50:00,24054.8,24058.84,24032.09,24041.71,299540
2026-01-23 11:55:00,24042.09,24042.86,24021.3,24025.54,213003
2026-01-23 12:00:00,24025.92,24036.32,24005.14,24030.16,291421
2026-01-23 12:05:00,24030.16,24033.24,24014.76,24019.07,158456
2026-01-23 12:10:00,24020.15,24040.17,24013.22,24040.17,161095
2026-01-23 12:15:00,24039.78,24042.86,24020.92,24028.62,152736
2026-01-23 12:20:00,24028.62,24031.32,24017.07,24017.68,100212
2026-01-23 12:25:00,24018.61,24040.94,24017.46,24034.01,154778
2026-01-23 12:30:00,24034.78,24035.93,24011.68,24014.76,190383
2026-01-23 12:35:00,24014.95,24025.9,24007.83,24012.84,170927
2026-01-23 12:40:00,24012.15,24014.76,23964.33,23970.87,445101
2026-01-23 12:45:00,23971.64,23982.8,23950.85,23971.64,408432
2026-01-23 12:50:00,23970.1,23974.53,23931.22,23938.91,380058
2026-01-23 12:55:00,23938.91,23959.71,23929.1,23938.53,351449
2026-01-23 13:00:00,23938.53,23967.41,23934.29,23963.17,370751
2026-01-23 13:05:00,23963.36,23990.12,23947.58,23987.42,344356
2026-01-23 13:10:00,23989.73,23998.97,23968.95,23971.26,232245
2026-01-23 13:15:00,23973.18,24002.83,23970.48,23991.27,243673
2026-01-23 13:20:00,23991.28,23998.97,23974.34,23993.2,153897
2026-01-23 13:25:00,23992.04,24004.29,23992.04,23993.39,171303
2026-01-23 13:30:00,23993.97,24002.44,23968.17,23975.88,215031
2026-01-23 13:35:00,23975.88,23999.36,23972.79,23995.51,367349
2026-01-23 13:40:00,23997.05,23997.82,23971.26,23974.34,168539
2026-01-23 13:45:00,23974.16,23979.34,23957.78,23973.38,186366
2026-01-23 13:50:00,23972.79,23982.8,23960.86,23969.72,150276
2026-01-23 13:55:00,23970.1,23981.26,23964.71,23968.56,124961
2026-01-23 14:00:00,23968.95,23994.35,23967.02,23989.35,264644
2026-01-23 14:05:00,23990.51,24007.45,23987.81,24002.83,197732
2026-01-23 14:10:00,24002.83,24003.59,23983.58,23988.39,199725
2026-01-23 14:15:00,23988.58,24000.9,23985.89,23996.66,148724
2026-01-23 14:20:00,23996.47,24013.99,23994.35,24009.76,174722
2026-01-23 14:25:00,24008.6,24011.29,23986.46,23986.85,121519
2026-01-23 14:30:00,23986.66,23998.59,23980.49,23987.04,154761
2026-01-23 14:35:00,23987.04,23994.74,23970.1,23975.49,197639
2026-01-23 14:40:00,23975.88,23990.51,23962.78,23987.42,215645
2026-01-23 14:45:00,23987.81,23992.43,23975.68,23975.88,189102
2026-01-23 14:50:00,23975.88,23991.66,23973.37,23983.19,128374
2026-01-23 14:55:00,23983.96,23995.12,23981.27,23989.73,152186
2026-01-23 15:00:00,23988.97,23992.43,23974.34,23975.1,12964335
2026-01-23 15:05:00,23975.88,23980.49,23951.62,23951.62,0
2026-01-23 15:10:00,23951.23,23972.6,23936.99,23967.79,370616
2026-01-23 15:15:00,23968.17,23986.22,23965.86,23978.57,225976
2026-01-23 15:20:00,23977.8,23980.11,23962.02,23962.4,227087
2026-01-23 15:25:00,23962.4,23968.56,23953.16,23954.7,218396
2026-01-23 15:30:00,23954.51,23955.09,23941.61,23953.16,407086
2026-01-23 15:35:00,23952.78,23956.62,23941.61,23953.74,278212
2026-01-23 15:40:00,23953.93,23975.49,23953.54,23973.95,231623
2026-01-23 15:45:00,23973.95,23983.19,23970.48,23979.85,336107
2026-01-23 15:50:00,23980.11,23980.57,23957.78,23976.84,723857
2026-01-23 15:55:00,23976.84,23995.51,23966.64,23976.65,1201681
2026-01-23 16:00:00,23977.41,23979.72,23961.63,23974.72,0
2026-01-23 16:05:00,23965.48,23974.72,23956.77,23957.01,0
2026-01-23 16:10:00,23957.4,23974.72,23947.0,23974.72,0
2026-01-23 16:15:00,23947.0,23974.72,23926.21,23926.98,0
2026-01-23 16:20:00,23926.98,23939.68,23920.05,23938.53,0
2026-01-23 16:25:00,23938.53,23938.53,23931.22,23933.91,0
2026-01-23 16:30:00,23933.91,23937.33,23931.22,23935.45,0
2026-01-23 16:35:00,23936.59,23941.98,23936.03,23938.14,0
2026-01-23 16:40:00,23938.14,23939.68,23931.6,23938.53,0
2026-01-23 16:45:00,23935.84,23939.3,23933.51,23939.3,0
2026-01-23 16:50:00,23936.25,23939.68,23926.98,23931.98,0
2026-01-23 16:55:00,23932.37,23934.49,23924.28,23930.06,0
2026-01-23 17:00:00,23931.22,23974.72,23930.83,23937.57,0
2026-01-23 17:05:00,23938.53,23938.91,23932.37,23933.33,0
2026-01-23 17:10:00,23935.64,23974.72,23932.37,23932.37,0
2026-01-23 17:15:00,23933.72,23938.38,23923.52,23923.52,0
2026-01-23 17:20:00,23925.63,23927.75,23917.36,23921.2,0
2026-01-23 17:25:00,23921.44,23931.98,23921.44,23927.75,0
2026-01-23 17:30:00,23928.14,23931.98,23926.6,23927.74,0
2026-01-23 17:35:00,23926.6,23930.05,23926.6,23926.79,0
2026-01-23 17:40:00,23926.98,23926.98,23922.1,23926.19,0
2026-01-23 17:45:00,23925.44,23926.98,23921.98,23925.82,0
2026-01-23 17:50:00,23926.98,23926.98,23923.13,23923.71,0
2026-01-23 17:55:00,23923.71,23924.67,23918.51,23923.52,0
2026-01-23 18:00:00,23923.9,23924.67,23922.36,23923.9,0
2026-01-23 18:05:00,23926.98,23926.98,23922.75,23924.42,0
2026-01-23 18:10:00,23926.91,23927.75,23923.93,23927.36,0
2026-01-23 18:15:00,23927.36,23934.1,23926.21,23934.1,0
2026-01-23 18:20:00,23934.1,23935.5,23933.52,23935.5,0
2026-01-23 18:25:00,23935.51,23936.99,23929.1,23934.96,0
2026-01-23 18:30:00,23931.6,23935.45,23930.06,23930.06,0
2026-01-23 18:35:00,23935.06,23935.06,23927.75,23930.45,0
2026-01-23 18:40:00,23931.5,23937.38,23928.29,23930.83,0
2026-01-23 18:45:00,23931.98,23935.06,23928.9,23929.87,0
2026-01-23 18:50:00,23928.9,23931.6,23928.9,23931.53,0
2026-01-23 18:55:00,23930.25,23931.6,23927.75,23930.06,0
2026-01-26 04:00:00,23973.18,23973.18,23962.02,23964.32,0
2026-01-26 04:05:00,23965.1,23979.72,23965.1,23975.49,0
2026-01-26 04:10:00,23974.34,23974.34,23950.46,23950.46,0
2026-01-26 04:15:00,23953.16,23958.94,23950.46,23958.55,0
2026-01-26 04:20:00,23953.54,23953.54,23941.22,23947.38,0
2026-01-26 04:25:00,23945.08,23945.46,23936.6,23939.68,0
2026-01-26 04:30:00,23936.22,23936.99,23900.8,23908.5,0
2026-01-26 04:35:00,23900.41,23900.41,23883.86,23885.02,0
2026-01-26 04:40:00,23885.02,23893.1,23868.46,23870.77,0
2026-01-26 04:45:00,23870.38,23875.78,23853.83,23857.68,0
2026-01-26 04:50:00,23851.9,23854.22,23841.12,23853.45,0
2026-01-26 04:55:00,23853.45,23873.85,23852.68,23873.85,0
2026-01-26 05:00:00,23870.38,23881.55,23870.0,23880.01,0
2026-01-26 05:05:00,23878.09,23889.25,23873.85,23875.78,0
2026-01-26 05:10:00,23871.54,23891.18,23871.54,23891.18,0
2026-01-26 05:15:00,23891.18,23898.49,23889.25,23890.4,0
2026-01-26 05:20:00,23890.02,23896.95,23880.78,23893.1,0
2026-01-26 05:25:00,23892.33,23905.8,23888.1,23903.88,0
2026-01-26 05:30:00,23904.26,23917.74,23900.8,23910.42,0
2026-01-26 05:35:00,23913.89,23923.9,23910.04,23910.04,0
2026-01-26 05:40:00,23916.2,23918.12,23904.65,23905.8,0
2026-01-26 05:45:00,23910.42,23916.2,23908.5,23908.88,0
2026-01-26 05:50:00,23907.73,23914.66,23904.65,23904.65,0
2026-01-26 05:55:00,23908.5,23910.04,23902.72,23902.72,0
2026-01-26 06:00:00,23903.88,23910.04,23900.41,23900.41,0
2026-01-26 06:05:00,23901.18,23908.88,23900.03,23901.57,0
2026-01-26 06:10:00,23901.96,23902.34,23894.26,23902.34,0
2026-01-26 06:15:00,23903.11,23908.5,23900.41,23907.34,0
2026-01-26 06:20:00,23907.73,23908.5,23903.5,23903.5,0
2026-01-26 06:25:00,23903.11,23903.5,23896.95,23901.57,0
2026-01-26 06:30:00,23904.65,23911.58,23902.34,23908.88,0
2026-01-26 06:35:00,23906.96,23910.42,23904.26,23905.42,0
2026-01-26 06:40:00,23905.04,23908.12,23900.8,23903.88,0
2026-01-26 06:45:00,23900.8,23905.04,23900.8,23901.96,0
2026-01-26 06:50:00,23903.88,23915.82,23903.88,23913.12,0
2026-01-26 06:55:00,23911.58,23921.98,23911.2,23920.05,0
2026-01-26 07:00:00,23918.51,23946.23,23918.12,23943.15,0
2026-01-26 07:05:00,23941.22,23959.32,23939.3,23953.54,0
2026-01-26 07:10:00,23952.0,23960.09,23950.85,23954.7,0
2026-01-26 07:15:00,23954.7,23954.7,23939.3,23939.3,0
2026-01-26 07:20:00,23942.38,23943.92,23934.68,23934.68,0
2026-01-26 07:25:00,23938.53,23939.68,23934.68,23939.68,0
2026-01-26 07:30:00,23943.15,23945.46,23935.45,23939.3,0
2026-01-26 07:35:00,23938.14,23941.61,23935.1,23935.1,0
2026-01-26 07:40:00,23935.84,23936.6,23926.98,23929.29,0
2026-01-26 07:45:00,23931.6,23935.45,23926.6,23928.9,0
2026-01-26 07:50:00,23928.9,23938.14,23927.75,23934.3,0
2026-01-26 07:55:00,23936.22,23939.3,23935.06,23938.53,0
2026-01-26 08:00:00,23969.33,23984.63,23840.32,23932.37,0
2026-01-26 08:05:00,23974.72,23980.5,23881.55,23943.21,0
2026-01-26 08:10:00,23943.54,23950.46,23941.22,23949.31,0
2026-01-26 08:15:00,23949.71,23954.7,23944.69,23950.08,0
2026-01-26 08:20:00,23950.85,23954.12,23940.46,23941.61,0
2026-01-26 08:25:00,23941.61,23941.61,23934.68,23938.88,0
2026-01-26 08:30:00,23939.3,23941.61,23929.7,23931.98,0
2026-01-26 08:35:00,23931.22,23931.98,23915.76,23923.32,0
2026-01-26 08:40:00,23923.13,23925.44,23909.64,23924.67,0
2026-01-26 08:45:00,23924.67,23974.72,23923.52,23945.84,0
2026-01-26 08:50:00,23946.23,23962.02,23944.69,23954.12,0
2026-01-26 08:55:00,23953.98,23967.02,23951.24,23964.71,0
2026-01-26 09:00:00,23964.32,23978.57,23963.94,23972.6,0
2026-01-26 09:05:00,23973.19,23982.04,23970.48,23974.34,0
2026-01-26 09:10:00,23975.1,23977.03,23966.25,23968.56,0
2026-01-26 09:15:00,23968.95,23975.49,23967.79,23968.56,0
2026-01-26 09:20:00,23967.02,23969.72,23961.63,23969.72,0
2026-01-26 09:25:00,23970.1,23993.2,23966.06,23993.2,0
2026-01-26 09:30:00,23992.82,24017.84,23951.62,24011.68,1465614
2026-01-26 09:35:00,24012.45,24037.86,24010.53,24033.62,655142
2026-01-26 09:40:00,24033.24,24065.29,24011.68,24055.38,633544
2026-01-26 09:45:00,24055.96,24071.1,24042.86,24045.56,496688
2026-01-26 09:50:00,24047.1,24075.59,24044.41,24060.19,437173
2026-01-26 09:55:00,24060.96,24089.07,24059.8,24073.85,393934
2026-01-26 10:00:00,24073.28,24080.59,24064.04,24075.78,317131
2026-01-26 10:05:00,24075.97,24084.83,24058.65,24059.8,346613
2026-01-26 10:10:00,24060.19,24078.67,24041.52,24074.82,384195
2026-01-26 10:15:00,24075.97,24106.39,24066.35,24104.08,346094
2026-01-26 10:20:00,24104.85,24118.33,24104.85,24112.75,425789
2026-01-26 10:25:00,24112.74,24113.13,24075.4,24081.36,4021503
2026-01-26 10:30:00,24080.98,24103.31,24074.82,24094.84,0
2026-01-26 10:35:00,24094.07,24111.01,24084.06,24097.15,202949
2026-01-26 10:40:00,24097.53,24100.23,24070.2,24075.21,243373
2026-01-26 10:45:00,24075.21,24106.78,24075.21,24105.23,257597
2026-01-26 10:50:00,24106.01,24126.79,24103.59,24119.67,303463
2026-01-26 10:55:00,24119.86,24129.88,24107.93,24113.9,273164
2026-01-26 11:00:00,24113.71,24126.79,24100.61,24117.17,399349
2026-01-26 11:05:00,24117.17,24123.72,24106.78,24121.63,212202
2026-01-26 11:10:00,24121.79,24127.57,24114.09,24118.33,187645
2026-01-26 11:15:00,24117.55,24120.25,24094.46,24098.69,211367
2026-01-26 11:20:00,24098.3,24125.64,24086.37,24123.72,294669
2026-01-26 11:25:00,24123.33,24139.5,24117.17,24135.65,289155
2026-01-26 11:30:00,24136.8,24156.44,24133.34,24133.34,395186
2026-01-26 11:35:00,24133.34,24148.35,24128.34,24136.8,257339
2026-01-26 11:40:00,24137.19,24139.5,24127.18,24128.72,141128
2026-01-26 11:45:00,24128.34,24138.73,24119.86,24125.64,228407
2026-01-26 11:50:00,24124.1,24137.77,24122.56,24132.18,154357
2026-01-26 11:55:00,24132.57,24141.04,24129.49,24137.0,136563
2026-01-26 12:00:00,24137.19,24162.98,24134.11,24154.9,276583
2026-01-26 12:05:00,24154.9,24157.98,24144.13,24144.89,180038
2026-01-26 12:10:00,24145.66,24147.2,24138.73,24144.51,168300
2026-01-26 12:15:00,24143.73,24148.74,24137.96,24144.51,115803
2026-01-26 12:20:00,24144.51,24156.06,24142.97,24151.82,136501
2026-01-26 12:25:00,24152.21,24155.67,24142.39,24142.97,140031
2026-01-26 12:30:00,24142.58,24143.73,24129.49,24137.96,178493
2026-01-26 12:35:00,24137.96,24145.66,24134.11,24141.81,130188
2026-01-26 12:40:00,24142.2,24144.51,24137.19,24139.5,78103
2026-01-26 12:45:00,24139.5,24139.5,24120.25,24124.1,173888
2026-01-26 12:50:00,24123.72,24133.92,24114.86,24124.87,160631
2026-01-26 12:55:00,24125.26,24130.65,24117.56,24122.94,83698
2026-01-26 13:00:00,24123.14,24129.1,24113.71,24122.6,126290
2026-01-26 13:05:00,24123.29,24123.29,24107.55,24112.65,134693
2026-01-26 13:10:00,24112.69,24121.6,24109.09,24115.24,130751
2026-01-26 13:15:00,24114.67,24134.11,24109.47,24131.41,146190
2026-01-26 13:20:00,24131.41,24144.51,24130.26,24140.27,140131
2026-01-26 13:25:00,24140.27,24144.89,24133.34,24138.73,322184
2026-01-26 13:30:00,24138.73,24160.67,24137.38,24153.36,230995
2026-01-26 13:35:00,24153.28,24153.94,24132.96,24134.88,136907
2026-01-26 13:40:00,24134.69,24136.42,24124.87,24128.34,144495
2026-01-26 13:45:00,24128.53,24129.49,24118.71,24127.68,166155
2026-01-26 13:50:00,24127.41,24136.42,24124.68,24133.34,118286
2026-01-26 13:55:00,24134.49,24134.88,24128.34,24131.8,100231
2026-01-26 14:00:00,24131.41,24140.27,24126.03,24128.34,106983
2026-01-26 14:05:00,24128.72,24141.42,24126.41,24138.73,122173
2026-01-26 14:10:00,24139.11,24144.51,24138.34,24139.89,101616
2026-01-26 14:15:00,24139.69,24143.73,24134.49,24138.54,99979
2026-01-26 14:20:00,24138.54,24139.11,24119.48,24121.79,145861
2026-01-26 14:25:00,24121.79,24133.72,24118.71,24132.57,97512
2026-01-26 14:30:00,24131.8,24135.65,24124.1,24128.34,128080
2026-01-26 14:35:00,24128.34,24136.03,24124.48,24134.11,108244
2026-01-26 14:40:00,24134.49,24143.73,24132.57,24136.42,111936
2026-01-26 14:45:00,24136.42,24138.34,24121.02,24124.87,132278
2026-01-26 14:50:00,24124.87,24129.1,24115.63,24115.63,154375
2026-01-26 14:55:00,24115.63,24123.91,24112.93,24113.32,143903
2026-01-26 15:00:00,24114.09,24120.25,24106.78,24119.86,136902
2026-01-26 15:05:00,24119.86,24123.64,24116.4,24120.64,115833
2026-01-26 15:10:00,24120.86,24121.79,24112.93,24116.02,94566
2026-01-26 15:15:00,24115.63,24116.4,24102.92,24107.54,136169
2026-01-26 15:20:00,24107.62,24115.63,24103.12,24111.4,182974
2026-01-26 15:25:00,24110.62,24118.3,24107.57,24115.24,145952
2026-01-26 15:30:00,24115.63,24123.33,24113.32,24118.9,134922
2026-01-26 15:35:00,24119.09,24128.72,24116.78,24118.71,163691
2026-01-26 15:40:00,24119.09,24122.17,24112.93,24119.48,215605
2026-01-26 15:45:00,24119.48,24126.79,24117.17,24121.02,290014
2026-01-26 15:50:00,24121.02,24121.41,24087.91,24096.19,759175
2026-01-26 15:55:00,24095.99,24098.3,24077.9,24080.98,15999354
2026-01-26 16:00:00,24081.36,24083.68,24072.12,24078.69,0
2026-01-26 16:05:00,24079.05,24087.52,24077.9,24085.87,0
2026-01-26 16:10:00,24084.25,24092.14,24080.21,24090.96,0
2026-01-26 16:15:00,24091.46,24104.85,24080.21,24103.07,0
2026-01-26 16:20:00,24100.62,24104.46,24098.13,24102.42,0
2026-01-26 16:25:00,24101.77,24105.69,24101.38,24105.04,0
2026-01-26 16:30:00,24103.31,24103.7,24099.84,24101.38,0
2026-01-26 16:35:00,24100.62,24101.38,24096.38,24097.92,0
2026-01-26 16:40:00,24099.08,24104.08,24097.15,24102.16,0
2026-01-26 16:45:00,24102.54,24102.54,23718.23,24101.0,0
2026-01-26 16:50:00,24100.81,24102.16,24080.21,24099.46,0
2026-01-26 16:55:00,24098.9,24102.16,24089.06,24095.8,0
2026-01-26 17:00:00,24096.76,24102.16,24095.2,24096.19,0
2026-01-26 17:05:00,24097.92,24097.92,24080.21,24087.72,0
2026-01-26 17:10:00,24087.17,24088.3,24087.02,24087.14,0
2026-01-26 17:15:00,24086.76,24087.14,24081.75,24082.73,0
2026-01-26 17:20:00,24082.9,24087.14,24082.14,24086.76,0
2026-01-26 17:25:00,24085.6,24086.76,24084.45,24085.22,0
2026-01-26 17:30:00,24085.6,24086.37,24084.83,24085.22,0
2026-01-26 17:35:00,24084.83,24085.6,24084.64,24084.64,0
2026-01-26 17:40:00,24084.83,24086.27,24081.75,24083.87,0
2026-01-26 17:45:00,24085.89,24085.98,24082.14,24084.86,0
2026-01-26 17:50:00,24085.96,24085.98,24081.75,24085.98,0
2026-01-26 17:55:00,24085.6,24086.37,24084.06,24085.98,0
2026-01-26 18:00:00,24088.68,24095.61,24078.42,24080.21,0
2026-01-26 18:05:00,24080.21,24097.92,24079.44,24097.92,0
2026-01-26 18:10:00,24097.11,24102.54,24096.0,24101.0,0
2026-01-26 18:15:00,24101.05,24119.86,24101.0,24112.57,0
2026-01-26 18:20:00,24113.7,24128.34,24112.6,24125.83,0
2026-01-26 18:25:00,24126.02,24126.6,24111.01,24111.01,0
2026-01-26 18:30:00,24112.13,24113.9,24107.16,24108.32,0
2026-01-26 18:35:00,24107.93,24109.8,24105.62,24107.54,0
2026-01-26 18:40:00,24109.47,24118.55,24108.7,24115.63,0
2026-01-26 18:45:00,24116.4,24119.86,24112.16,24118.71,0
2026-01-26 18:50:00,24117.55,24119.13,24114.52,24115.58,0
2026-01-26 18:55:00,24116.4,24122.95,24116.21,24121.79,0
2026-01-27 04:00:00,24212.26,24216.5,24201.87,24216.5,0
2026-01-27 04:05:00,24216.12,24221.5,24213.8,24221.12,0
2026-01-27 04:10:00,24219.2,24222.28,24209.18,24212.65,0
2026-01-27 04:15:00,24214.96,24223.43,24212.65,24213.8,0
2026-01-27 04:20:00,24213.04,24221.12,24213.04,24216.88,0
2026-01-27 04:25:00,24214.96,24217.66,24214.19,24214.19,0
2026-01-27 04:30:00,24214.96,24216.5,24208.8,24208.8,0
2026-01-27 04:35:00,24208.8,24213.8,24208.8,24211.88,0
2026-01-27 04:40:00,24213.8,24216.5,24213.8,24214.58,0
2026-01-27 04:45:00,24216.12,24216.12,24211.5,24213.8,0
2026-01-27 04:50:00,24212.65,24216.12,24207.64,24208.8,0
2026-01-27 04:55:00,24206.49,24209.96,24201.87,24205.34,0
2026-01-27 05:00:00,24207.26,24218.04,24205.72,24216.12,0
2026-01-27 05:05:00,24218.42,24221.89,24215.34,24215.34,0
2026-01-27 05:10:00,24216.12,24218.04,24213.04,24214.19,0
2026-01-27 05:15:00,24216.88,24220.35,24216.88,24220.35,0
2026-01-27 05:20:00,24221.89,24221.89,24216.88,24218.04,0
2026-01-27 05:25:00,24219.96,24228.44,24219.96,24227.66,0
2026-01-27 05:30:00,24226.12,24227.28,24222.66,24226.12,0
2026-01-27 05:35:00,24228.05,24228.82,24226.51,24228.05,0
2026-01-27 05:40:00,24227.28,24227.66,24221.12,24224.97,0
2026-01-27 05:45:00,24223.82,24231.13,24223.82,24230.36,0
2026-01-27 05:50:00,24231.13,24235.75,24231.13,24231.52,0
2026-01-27 05:55:00,24230.36,24233.05,24224.2,24233.05,0
2026-01-27 06:00:00,24234.98,24237.29,24222.28,24229.59,0
2026-01-27 06:05:00,24231.9,24234.6,24226.12,24231.52,0
2026-01-27 06:10:00,24229.98,24233.44,24228.05,24233.44,0
2026-01-27 06:15:00,24230.74,24231.9,24223.43,24224.97,0
2026-01-27 06:20:00,24227.66,24235.75,24226.9,24226.9,0
2026-01-27 06:25:00,24231.9,24235.75,24230.36,24233.44,0
2026-01-27 06:30:00,24233.82,24250.38,24232.67,24250.0,0
2026-01-27 06:35:00,24251.92,24258.46,24247.3,24247.3,0
2026-01-27 06:40:00,24252.69,24258.46,24252.69,24258.46,0
2026-01-27 06:45:00,24260.39,24260.78,24253.84,24259.24,0
2026-01-27 06:50:00,24260.78,24268.48,24260.0,24264.62,0
2026-01-27 06:55:00,24265.01,24266.94,24258.85,24258.85,0
2026-01-27 07:00:00,24257.7,24258.85,24244.22,24244.22,0
2026-01-27 07:05:00,24243.84,24246.14,24239.22,24243.06,0
2026-01-27 07:10:00,24244.22,24246.14,24241.52,24243.06,0
2026-01-27 07:15:00,24241.91,24243.45,24238.06,24243.45,0
2026-01-27 07:20:00,24240.37,24246.14,24239.6,24241.52,0
2026-01-27 07:25:00,24239.98,24240.37,24224.97,24226.51,0
2026-01-27 07:30:00,24224.59,24233.05,24221.89,24230.74,0
2026-01-27 07:35:00,24234.6,24244.6,24234.6,24243.45,0
2026-01-27 07:40:00,24242.68,24244.6,24235.75,24235.75,0
2026-01-27 07:45:00,24235.75,24239.6,24231.9,24233.44,0
2026-01-27 07:50:00,24232.67,24236.14,24228.82,24233.44,0
2026-01-27 07:55:00,24233.82,24234.21,24229.2,24231.9,0
2026-01-27 08:00:00,24255.77,24267.75,24062.15,24235.75,0
2026-01-27 08:05:00,24235.36,24238.02,24080.21,24237.68,0
2026-01-27 08:10:00,24237.68,24244.6,24236.9,24242.3,0
2026-01-27 08:15:00,24242.68,24243.45,24232.28,24235.75,0
2026-01-27 08:20:00,24235.36,24240.76,24232.28,24237.29,0
2026-01-27 08:25:00,24236.52,24237.68,24229.2,24231.13,0
2026-01-27 08:30:00,24230.86,24230.86,24223.04,24226.7,0
2026-01-27 08:35:00,24227.28,24231.13,24224.2,24231.13,0
2026-01-27 08:40:00,24231.9,24234.98,24226.12,24229.59,0
2026-01-27 08:45:00,24229.59,24235.75,24080.21,24216.5,0
2026-01-27 08:50:00,24214.96,24223.04,24212.65,24221.5,0
2026-01-27 08:55:00,24220.74,24223.43,24216.5,24219.96,0
2026-01-27 09:00:00,24219.96,24231.13,24219.58,24229.59,0
2026-01-27 09:05:00,24229.98,24236.9,24224.2,24226.32,0
2026-01-27 09:10:00,24225.74,24231.9,24223.43,24223.76,0
2026-01-27 09:15:00,24223.45,24233.05,24219.96,24220.32,0
2026-01-27 09:20:00,24219.58,24223.43,24215.34,24221.89,0
2026-01-27 09:25:00,24224.2,24230.74,24211.88,24212.62,0
2026-01-27 09:30:00,24212.65,24240.37,24188.01,24192.32,1625332
2026-01-27 09:35:00,24194.55,24202.64,24152.59,24162.98,658256
2026-01-27 09:40:00,24164.14,24213.42,24163.37,24189.55,629508
2026-01-27 09:45:00,24190.71,24215.92,24190.51,24211.71,449156
2026-01-27 09:50:00,24211.49,24264.05,24210.92,24262.89,574256
2026-01-27 09:55:00,24263.09,24281.57,24261.93,24276.56,475684
2026-01-27 10:00:00,24278.87,24288.11,24265.78,24280.41,451312
2026-01-27 10:05:00,24280.22,24290.03,24249.22,24289.27,544898
2026-01-27 10:10:00,24289.65,24295.81,24275.79,24283.49,413214
2026-01-27 10:15:00,24283.88,24293.5,24277.72,24287.72,285887
2026-01-27 10:20:00,24288.49,24296.2,24271.55,24279.64,296385
2026-01-27 10:25:00,24279.64,24281.18,24263.09,24267.32,262445
2026-01-27 10:30:00,24267.71,24297.73,24264.24,24296.96,295428
2026-01-27 10:35:00,24296.39,24311.21,24293.89,24302.36,338534
2026-01-27 10:40:00,24301.97,24315.54,24299.28,24311.56,296657
2026-01-27 10:45:00,24311.21,24318.14,24303.9,24309.67,326599
2026-01-27 10:50:00,24309.28,24309.67,24286.57,24294.08,266262
2026-01-27 10:55:00,24294.27,24300.82,24288.49,24300.06,202390
2026-01-27 11:00:00,24300.43,24310.05,24295.04,24306.4,252464
2026-01-27 11:05:00,24306.21,24317.37,24304.28,24310.44,212967
2026-01-27 11:10:00,24309.09,24318.91,24308.9,24318.14,162089
2026-01-27 11:15:00,24317.76,24325.46,24313.91,24320.84,155368
2026-01-27 11:20:00,24321.6,24324.68,24314.67,24319.45,184637
2026-01-27 11:25:00,24319.29,24320.84,24308.13,24310.25,139862
2026-01-27 11:30:00,24311.59,24318.91,24307.36,24313.14,154278
2026-01-27 11:35:00,24313.14,24316.21,24307.36,24311.59,118014
2026-01-27 11:40:00,24311.98,24318.53,24310.44,24310.44,128956
2026-01-27 11:45:00,24310.13,24315.45,24298.51,24312.75,190627
2026-01-27 11:50:00,24312.75,24314.67,24300.82,24310.05,352032
2026-01-27 11:55:00,24309.67,24314.29,24300.82,24300.82,109296
2026-01-27 12:00:00,24300.82,24305.43,24296.58,24299.28,259159
2026-01-27 12:05:00,24298.89,24303.9,24291.58,24298.31,268583
2026-01-27 12:10:00,24297.73,24298.7,24288.11,24293.11,242395
2026-01-27 12:15:00,24292.73,24293.11,24274.83,24284.26,216972
2026-01-27 12:20:00,24284.45,24292.54,24277.72,24286.57,163241
2026-01-27 12:25:00,24287.89,24309.09,24286.96,24305.05,217863
2026-01-27 12:30:00,24304.66,24309.48,24300.04,24304.28,115643
2026-01-27 12:35:00,24303.9,24305.82,24292.73,24298.89,164591
2026-01-27 12:40:00,24299.28,24312.36,24295.23,24298.12,411346
2026-01-27 12:45:00,24298.12,24299.28,24292.92,24295.81,113191
2026-01-27 12:50:00,24295.42,24297.73,24285.41,24287.53,118859
2026-01-27 12:55:00,24289.65,24289.84,24281.57,24284.84,114632
2026-01-27 13:00:00,24285.03,24287.15,24263.47,24276.95,221386
2026-01-27 13:05:00,24276.56,24283.88,24269.24,24281.57,142749
2026-01-27 13:10:00,24281.57,24294.27,24274.25,24291.58,162543
2026-01-27 13:15:00,24290.42,24299.66,24290.42,24296.97,131450
2026-01-27 13:20:00,24297.35,24307.36,24296.2,24306.4,148555
2026-01-27 13:25:00,24306.97,24307.36,24292.92,24299.28,116764
2026-01-27 13:30:00,24299.28,24313.14,24299.28,24309.78,170613
2026-01-27 13:35:00,24310.25,24310.44,24303.12,24306.47,121633
2026-01-27 13:40:00,24306.21,24307.94,24300.43,24303.51,103369
2026-01-27 13:45:00,24303.9,24311.59,24301.97,24310.44,82649
2026-01-27 13:50:00,24310.05,24311.98,24306.59,24310.63,108775
2026-01-27 13:55:00,24311.21,24317.37,24307.55,24311.59,139090
2026-01-27 14:00:00,24311.21,24311.21,24299.46,24301.59,131708
2026-01-27 14:05:00,24301.59,24305.43,24296.2,24300.43,115409
2026-01-27 14:10:00,24300.62,24310.83,24296.97,24308.13,127109
2026-01-27 14:15:00,24308.13,24312.75,24306.29,24310.83,126992
2026-01-27 14:20:00,24310.44,24314.29,24305.82,24312.36,132236
2026-01-27 14:25:00,24312.75,24315.45,24308.9,24313.55,376228
2026-01-27 14:30:00,24313.91,24320.07,24308.13,24308.52,163697
2026-01-27 14:35:00,24308.71,24311.52,24306.21,24306.97,102146
2026-01-27 14:40:00,24307.19,24309.28,24300.82,24307.36,125993
2026-01-27 14:45:00,24307.36,24310.05,24300.43,24309.28,136199
2026-01-27 14:50:00,24308.9,24319.49,24308.13,24316.98,196856
2026-01-27 14:55:00,24316.79,24317.76,24311.42,24313.52,107249
2026-01-27 15:00:00,24313.14,24316.6,24310.44,24313.14,121437
2026-01-27 15:05:00,24313.33,24316.02,24305.43,24315.06,141628
2026-01-27 15:10:00,24315.45,24331.23,24315.06,24330.08,235116
2026-01-27 15:15:00,24330.08,24333.64,24324.68,24330.27,259523
2026-01-27 15:20:00,24330.46,24333.16,24322.38,24322.38,213319
2026-01-27 15:25:00,24322.38,24322.38,24315.06,24317.28,415508
2026-01-27 15:30:00,24316.6,24317.37,24306.21,24316.22,259792
2026-01-27 15:35:00,24316.6,24317.95,24310.44,24317.37,156886
2026-01-27 15:40:00,24317.37,24318.53,24308.9,24313.14,203838
2026-01-27 15:45:00,24312.75,24321.22,24305.05,24319.68,295096
2026-01-27 15:50:00,24318.91,24319.68,24296.58,24299.28,997587
2026-01-27 15:55:00,24298.51,24303.12,24290.42,24296.58,1132257
2026-01-27 16:00:00,24296.96,24308.13,24284.26,24298.5,0
2026-01-27 16:05:00,24300.4,24308.32,24295.62,24298.52,0
2026-01-27 16:10:00,24298.5,24303.9,24296.2,24300.04,0
2026-01-27 16:15:00,24300.82,24325.61,24298.5,24324.3,0
2026-01-27 16:20:00,24323.14,24324.3,24309.28,24309.28,0
2026-01-27 16:25:00,24310.82,24317.37,24305.05,24316.22,0
2026-01-27 16:30:00,24316.98,24318.14,24314.68,24316.74,0
2026-01-27 16:35:00,24318.14,24325.65,24316.88,24325.65,0
2026-01-27 16:40:00,24325.46,24333.54,24325.46,24332.77,0
2026-01-27 16:45:00,24333.14,24336.24,24330.84,24332.77,0
2026-01-27 16:50:00,24332.77,24334.31,24328.17,24329.69,0
2026-01-27 16:55:00,24328.92,24330.84,24328.15,24329.69,0
2026-01-27 17:00:00,24331.23,24332.0,24298.5,24331.23,0
2026-01-27 17:05:00,24331.23,24333.54,24298.5,24333.54,0
2026-01-27 17:10:00,24333.54,24333.92,24332.0,24332.77,0
2026-01-27 17:15:00,24333.54,24333.54,24331.23,24333.54,0
2026-01-27 17:20:00,24332.77,24333.92,24332.04,24333.92,0
2026-01-27 17:25:00,24333.32,24334.46,19674.24,24333.54,0
2026-01-27 17:30:00,24333.54,24335.85,24332.0,24334.12,0
2026-01-27 17:35:00,24335.46,24337.78,24333.92,24337.78,0
2026-01-27 17:40:00,24336.62,24339.7,24334.7,24338.16,0
2026-01-27 17:45:00,24337.78,24340.47,24337.0,24338.54,0
2026-01-27 17:50:00,24339.7,24339.7,24337.78,24338.16,0
2026-01-27 17:55:00,24338.9,24340.47,24336.62,24338.16,0
2026-01-27 18:00:00,24337.0,24362.41,24333.92,24355.74,0
2026-01-27 18:05:00,24353.95,24358.56,24348.17,24357.41,0
2026-01-27 18:10:00,24356.83,24363.57,24355.48,24362.95,0
2026-01-27 18:15:00,24362.95,24362.99,24350.48,24352.4,0
2026-01-27 18:20:00,24352.4,24353.51,24348.55,24350.86,0
2026-01-27 18:25:00,24351.64,24355.48,24351.44,24353.18,0
2026-01-27 18:30:00,24353.18,24357.41,24353.18,24356.64,0
2026-01-27 18:35:00,24356.06,24356.99,24351.25,24352.02,0
2026-01-27 18:40:00,24351.25,24357.22,24350.1,24357.22,0
2026-01-27 18:45:00,24355.48,24359.14,24355.34,24357.41,0
2026-01-27 18:50:00,24356.64,24358.95,24355.27,24357.8,0
2026-01-27 18:55:00,24356.26,24358.33,24355.1,24356.06,0
2026-01-28 04:00:00,24491.0,24494.86,24478.68,24483.3,0
2026-01-28 04:05:00,24484.46,24488.7,24470.98,24488.7,0
2026-01-28 04:10:00,24488.31,24494.86,24484.46,24486.0,0
2026-01-28 04:15:00,24481.38,24488.31,24479.46,24479.46,0
2026-01-28 04:20:00,24480.22,24481.0,24471.37,24475.22,0
2026-01-28 04:25:00,24472.14,24477.53,24469.45,24477.14,0
2026-01-28 04:30:00,24477.53,24477.53,24466.75,24475.22,0
2026-01-28 04:35:00,24472.91,24486.0,24472.91,24477.91,0
2026-01-28 04:40:00,24479.07,24484.84,24475.99,24484.08,0
2026-01-28 04:45:00,24486.38,24491.0,24483.3,24483.3,0
2026-01-28 04:50:00,24484.84,24499.48,24484.84,24493.32,0
2026-01-28 04:55:00,24499.48,24500.63,24494.47,24495.62,0
2026-01-28 05:00:00,24496.4,24496.4,24487.16,24491.78,0
2026-01-28 05:05:00,24490.24,24501.4,24488.31,24500.24,0
2026-01-28 05:10:00,24497.16,24504.1,24496.4,24502.94,0
2026-01-28 05:15:00,24499.86,24501.78,24493.7,24493.7,0
2026-01-28 05:20:00,24492.54,24505.25,24491.0,24493.7,0
2026-01-28 05:25:00,24495.62,24506.79,24495.62,24504.48,0
2026-01-28 05:30:00,24505.64,24508.33,24505.25,24505.25,0
2026-01-28 05:35:00,24507.56,24515.26,24507.56,24515.26,0
2026-01-28 05:40:00,24515.26,24524.5,24514.88,24521.8,0
2026-01-28 05:45:00,24518.72,24521.8,24511.41,24512.56,0
2026-01-28 05:50:00,24516.8,24522.96,24516.8,24519.11,0
2026-01-28 05:55:00,24520.65,24529.5,24520.65,24526.81,0
2026-01-28 06:00:00,24527.58,24527.58,24506.79,24510.26,0
2026-01-28 06:05:00,24510.26,24524.5,24510.26,24520.65,0
2026-01-28 06:10:00,24518.34,24518.34,24507.95,24511.41,0
2026-01-28 06:15:00,24510.64,24514.49,24503.71,24503.71,0
2026-01-28 06:20:00,24501.4,24506.4,24499.86,24506.4,0
2026-01-28 06:25:00,24506.4,24519.5,24506.4,24519.5,0
2026-01-28 06:30:00,24520.65,24527.2,24519.11,24523.73,0
2026-01-28 06:35:00,24525.66,24527.58,24521.8,24524.5,0
2026-01-28 06:40:00,24526.04,24526.42,24522.96,24522.96,0
2026-01-28 06:45:00,24522.96,24522.96,24517.57,24520.65,0
2026-01-28 06:50:00,24517.57,24536.05,24516.8,24524.5,0
2026-01-28 06:55:00,24524.5,24531.82,24522.58,24527.58,0
2026-01-28 07:00:00,24528.35,24528.35,24516.8,24520.65,0
2026-01-28 07:05:00,24519.11,24524.5,24513.72,24521.42,0
2026-01-28 07:10:00,24524.12,24525.66,24480.22,24501.4,0
2026-01-28 07:15:00,24502.94,24505.64,24482.15,24485.23,0
2026-01-28 07:20:00,24488.7,24502.94,24479.07,24489.85,0
2026-01-28 07:25:00,24485.62,24499.86,24485.62,24490.62,0
2026-01-28 07:30:00,24493.7,24497.55,24484.84,24484.84,0
2026-01-28 07:35:00,24484.84,24497.55,24483.69,24497.55,0
2026-01-28 07:40:00,24500.24,24505.25,24494.47,24498.7,0
2026-01-28 07:45:00,24497.55,24509.1,24497.55,24501.4,0
2026-01-28 07:50:00,24497.55,24504.1,24493.7,24504.1,0
2026-01-28 07:55:00,24504.86,24509.87,24492.54,24492.93,0
2026-01-28 08:00:00,24524.12,24551.45,24434.41,24505.06,0
2026-01-28 08:05:00,24298.5,24508.72,24280.29,24497.94,0
2026-01-28 08:10:00,24497.23,24500.63,24481.38,24482.15,0
2026-01-28 08:15:00,24480.22,24502.13,24480.22,24502.13,0
2026-01-28 08:20:00,24503.13,24503.13,24489.85,24493.32,0
2026-01-28 08:25:00,24493.7,24495.98,24487.54,24489.46,0
2026-01-28 08:30:00,24488.83,24493.7,24484.46,24487.54,0
2026-01-28 08:35:00,24486.77,24489.08,24477.14,24477.14,0
2026-01-28 08:40:00,24477.09,24483.3,24467.52,24473.3,0
2026-01-28 08:45:00,24472.14,24483.3,24298.5,24482.92,0
2026-01-28 08:50:00,24483.69,24496.01,24481.0,24483.3,0
2026-01-28 08:55:00,24482.54,24485.83,24473.68,24485.62,0
2026-01-28 09:00:00,24485.23,24489.46,24475.99,24479.45,0
2026-01-28 09:05:00,24478.88,24479.46,24465.98,24468.68,0
2026-01-28 09:10:00,24467.52,24469.45,24457.51,24460.2,0
2026-01-28 09:15:00,24459.82,24462.9,24448.66,24454.04,0
2026-01-28 09:20:00,24454.82,24474.07,24453.66,24471.37,0
2026-01-28 09:25:00,24471.37,24473.68,24457.53,24469.45,0
2026-01-28 09:30:00,24465.21,24497.93,24444.8,24461.55,1823081
2026-01-28 09:35:00,24461.36,24469.06,24429.02,24457.51,777039
2026-01-28 09:40:00,24457.51,24501.78,24457.12,24495.62,725297
2026-01-28 09:45:00,24496.4,24508.72,24444.8,24463.28,656424
2026-01-28 09:50:00,24462.9,24500.23,24462.9,24499.09,550726
2026-01-28 09:55:00,24499.09,24500.63,24462.9,24465.21,569675
2026-01-28 10:00:00,24464.44,24476.38,24450.58,24465.21,531828
2026-01-28 10:05:00,24466.75,24474.45,24445.19,24455.59,485563
2026-01-28 10:10:00,24455.2,24457.12,24428.64,24430.95,420035
2026-01-28 10:15:00,24430.95,24466.34,24423.24,24449.81,5113199
2026-01-28 10:20:00,24450.2,24462.32,24441.34,24450.58,0
2026-01-28 10:25:00,24450.97,24452.18,24431.59,24435.57,319440
2026-01-28 10:30:00,24435.18,24449.81,24422.47,24434.03,409157
2026-01-28 10:35:00,24412.85,24442.88,24407.84,24438.26,585284
2026-01-28 10:40:00,24438.65,24439.8,24399.76,24402.07,352391
2026-01-28 10:45:00,24401.88,24407.7,24385.52,24405.53,396098
2026-01-28 10:50:00,24405.15,24408.23,24393.98,24397.22,250889
2026-01-28 10:55:00,24397.06,24400.91,24379.35,24382.05,276280
2026-01-28 11:00:00,24381.66,24402.46,24381.66,24398.8,308400
2026-01-28 11:05:00,24399.18,24412.85,24392.06,24404.38,445742
2026-01-28 11:10:00,24403.99,24415.74,24393.6,24401.68,412727
2026-01-28 11:15:00,24401.68,24405.12,24389.75,24389.75,261787
2026-01-28 11:20:00,24389.75,24394.76,24369.92,24387.83,257040
2026-01-28 11:25:00,24387.05,24402.31,24380.51,24400.91,247213
2026-01-28 11:30:00,24400.79,24400.79,24368.58,24370.89,297094
2026-01-28 11:35:00,24371.27,24377.82,24363.18,24372.81,8274661
2026-01-28 11:40:00,24372.81,24372.81,24343.55,24344.51,0
2026-01-28 11:45:00,24344.71,24357.03,24342.4,24349.33,275973
2026-01-28 11:50:00,24349.33,24352.41,24324.68,24332.77,255637
2026-01-28 11:55:00,24333.16,24352.41,24333.16,24339.7,242505
2026-01-28 12:00:00,24339.7,24363.57,24337.01,24355.1,204758
2026-01-28 12:05:00,24355.48,24362.03,24340.09,24353.95,244827
2026-01-28 12:10:00,24354.91,24375.89,24353.18,24371.95,306988
2026-01-28 12:15:00,24371.66,24381.09,24363.57,24380.51,284704
2026-01-28 12:20:00,24380.12,24383.21,24344.51,24347.78,211771
2026-01-28 12:25:00,24347.78,24350.48,24338.93,24348.17,161702
2026-01-28 12:30:00,24348.94,24348.94,24333.54,24335.85,143568
2026-01-28 12:35:00,24336.62,24349.33,24336.62,24347.02,178160
2026-01-28 12:40:00,24345.86,24359.34,24338.93,24353.17,237189
2026-01-28 12:45:00,24352.02,24360.88,24342.4,24355.48,190004
2026-01-28 12:50:00,24354.72,24383.59,24354.72,24382.05,149113
2026-01-28 12:55:00,24382.05,24383.97,24361.07,24362.03,157771
2026-01-28 13:00:00,24362.03,24370.89,24344.71,24369.73,231725
2026-01-28 13:05:00,24369.73,24376.45,24367.61,24369.73,124009
2026-01-28 13:10:00,24370.5,24379.55,24358.57,24379.35,108050
2026-01-28 13:15:00,24379.35,24387.44,24377.43,24382.82,119018
2026-01-28 13:20:00,24382.82,24390.33,24380.21,24382.82,124726
2026-01-28 13:25:00,24382.63,24386.28,24373.24,24380.12,151948
2026-01-28 13:30:00,24380.9,24386.29,24372.42,24373.39,179166
2026-01-28 13:35:00,24373.0,24383.21,24367.42,24367.42,168722
2026-01-28 13:40:00,24367.03,24384.36,24367.03,24376.66,136796
2026-01-28 13:45:00,24376.28,24380.9,24369.34,24376.28,141722
2026-01-28 13:50:00,24375.89,24393.6,24374.35,24390.14,212320
2026-01-28 13:55:00,24389.36,24398.6,24383.21,24390.14,183055
2026-01-28 14:00:00,24388.21,24412.47,24338.93,24372.42,410613
2026-01-28 14:05:00,24371.66,24379.35,24353.56,24369.1,172965
2026-01-28 14:10:00,24369.34,24384.74,24358.95,24364.72,183604
2026-01-28 14:15:00,24363.57,24372.81,24351.25,24368.19,187938
2026-01-28 14:20:00,24369.34,24388.21,24350.86,24384.36,218574
2026-01-28 14:25:00,24384.74,24390.18,24342.01,24345.47,552132
2026-01-28 14:30:00,24345.47,24392.06,24335.85,24371.66,1352572
2026-01-28 14:35:00,24372.04,24397.45,24365.11,24365.88,575572
2026-01-28 14:40:00,24365.49,24383.97,24347.78,24368.19,429095
2026-01-28 14:45:00,24368.58,24414.78,24365.49,24402.84,347024
2026-01-28 14:50:00,24402.46,24425.94,24398.6,24417.85,263134
2026-01-28 14:55:00,24418.24,24419.97,24378.59,24380.2,243156
2026-01-28 15:00:00,24380.9,24411.31,24373.97,24400.91,370989
2026-01-28 15:05:00,24401.3,24419.4,24398.99,24417.02,184652
2026-01-28 15:10:00,24416.32,24427.86,24413.23,24414.97,484816
2026-01-28 15:15:00,24414.01,24419.01,24403.99,24415.16,257306
2026-01-28 15:20:00,24417.09,24426.33,24407.84,24420.16,15198956
2026-01-28 15:25:00,24419.78,24420.31,24391.29,24393.21,0
2026-01-28 15:30:00,24393.22,24400.34,24372.81,24373.2,335400
2026-01-28 15:35:00,24373.0,24396.1,24370.69,24391.48,264875
2026-01-28 15:40:00,24391.87,24393.98,24374.73,24376.66,273299
2026-01-28 15:45:00,24376.28,24390.52,24371.21,24373.58,363985
2026-01-28 15:50:00,24372.04,24405.92,24354.72,24389.75,646021
2026-01-28 15:55:00,24390.52,24399.95,24357.79,24370.89,1105966
2026-01-28 16:00:00,24370.88,24400.48,24218.42,24378.97,0
2026-01-28 16:05:00,24271.94,24378.97,24250.38,24370.46,0
2026-01-28 16:10:00,24370.5,24415.16,24359.74,24412.85,0
2026-01-28 16:15:00,24411.31,24426.32,24378.97,24422.86,0
2026-01-28 16:20:00,24378.97,24455.59,24378.97,24445.58,0
2026-01-28 16:25:00,24445.4,24476.38,24443.65,24474.45,0
2026-01-28 16:30:00,24475.22,24485.23,24458.28,24478.68,0
2026-01-28 16:35:00,24480.76,24482.15,24470.6,24471.56,0
2026-01-28 16:40:00,24470.6,24481.38,24466.75,24478.3,0
2026-01-28 16:45:00,24477.53,24497.55,24470.6,24478.3,0
2026-01-28 16:50:00,24479.26,24482.54,24457.12,24461.74,0
2026-01-28 16:55:00,24461.74,24482.92,24461.74,24474.6,0
2026-01-28 17:00:00,24480.61,24485.23,24378.97,24482.15,0
2026-01-28 17:05:00,24482.15,24489.46,24480.22,24487.54,0
2026-01-28 17:10:00,24486.0,24487.54,24478.3,24483.11,0
2026-01-28 17:15:00,24480.22,24487.94,24480.22,24484.08,0
2026-01-28 17:20:00,24488.31,24493.7,24484.18,24489.46,0
2026-01-28 17:25:00,24488.7,24510.31,24488.7,24510.31,0
2026-01-28 17:30:00,24508.0,24514.1,24499.34,24504.67,0
2026-01-28 17:35:00,24502.17,24502.17,24478.3,24495.24,0
2026-01-28 17:40:00,24492.93,24497.55,24486.0,24488.31,0
2026-01-28 17:45:00,24492.54,24492.54,24475.22,24475.22,0
2026-01-28 17:50:00,24478.3,24487.92,23387.72,23387.72,0
2026-01-28 17:55:00,24480.81,24501.02,24476.76,24496.01,0
2026-01-28 18:00:00,24496.01,24502.17,24473.68,24481.38,0
2026-01-28 18:05:00,24478.68,24482.1,24446.34,24448.66,0
2026-01-28 18:10:00,24449.42,24454.32,24380.88,24380.9,0
2026-01-28 18:15:00,24380.9,24429.47,24379.02,24420.94,0
2026-01-28 18:20:00,24422.09,24455.2,24419.71,24446.55,0
2026-01-28 18:25:00,24447.13,24447.13,24404.32,24423.36,0
2026-01-28 18:30:00,24422.86,24429.21,24409.0,24420.36,0
2026-01-28 18:35:00,24420.9,24425.17,24406.3,24406.3,0
2026-01-28 18:40:00,24405.92,24419.01,24393.6,24402.84,0
2026-01-28 18:45:00,24406.3,24424.02,24403.8,24422.09,0
2026-01-28 18:50:00,24424.4,24428.64,24412.85,24427.29,0
2026-01-28 18:55:00,24425.94,24429.02,24378.97,24388.6,0
2026-01-29 04:00:00,24463.67,24480.22,24462.9,24474.45,0
2026-01-29 04:05:00,24474.84,24479.07,24470.22,24479.07,0
2026-01-29 04:10:00,24480.22,24486.0,24479.84,24479.84,0
2026-01-29 04:15:00,24482.92,24483.69,24470.6,24474.45,0
2026-01-29 04:20:00,24475.22,24483.3,24470.22,24481.38,0
2026-01-29 04:25:00,24479.84,24481.0,24466.75,24467.52,0
2026-01-29 04:30:00,24470.6,24470.6,24459.05,24466.36,0
2026-01-29 04:35:00,24467.14,24478.68,24467.14,24475.6,0
2026-01-29 04:40:00,24473.68,24473.68,24465.21,24467.9,0
2026-01-29 04:45:00,24466.75,24466.75,24457.51,24458.28,0
2026-01-29 04:50:00,24459.05,24459.82,24439.8,24441.72,0
2026-01-29 04:55:00,24442.5,24444.8,24428.25,24430.18,0
2026-01-29 05:00:00,24428.25,24429.79,24417.09,24419.4,0
2026-01-29 05:05:00,24420.16,24432.48,24420.16,24429.79,0
2026-01-29 05:10:00,24428.25,24437.49,24417.09,24424.78,0
2026-01-29 05:15:00,24425.17,24438.64,24424.4,24438.64,0
2026-01-29 05:20:00,24432.1,24443.65,24430.56,24442.88,0
2026-01-29 05:25:00,24447.12,24452.89,24442.88,24445.58,0
2026-01-29 05:30:00,24445.58,24446.34,24439.03,24445.58,0
2026-01-29 05:35:00,24439.8,24444.42,24438.26,24439.8,0
2026-01-29 05:40:00,24439.8,24439.8,24430.18,24437.88,0
2026-01-29 05:45:00,24439.41,24439.41,24430.56,24431.33,0
2026-01-29 05:50:00,24438.64,24439.8,24428.25,24428.25,0
2026-01-29 05:55:00,24426.71,24427.1,24409.0,24409.0,0
2026-01-29 06:00:00,24412.85,24415.16,24397.84,24407.46,0
2026-01-29 06:05:00,24408.62,24422.48,24400.53,24416.7,0
2026-01-29 06:10:00,24420.55,24424.4,24415.93,24415.93,0
2026-01-29 06:15:00,24417.09,24418.62,24403.61,24407.46,0
2026-01-29 06:20:00,24409.0,24420.55,24409.0,24420.55,0
2026-01-29 06:25:00,24417.47,24417.47,24411.7,24412.85,0
2026-01-29 06:30:00,24409.0,24422.48,24407.84,24415.54,0
2026-01-29 06:35:00,24417.09,24419.4,24400.14,24404.38,0
2026-01-29 06:40:00,24403.61,24412.85,24403.61,24412.85,0
2026-01-29 06:45:00,24415.93,24418.62,24412.85,24415.93,0
2026-01-29 06:50:00,24417.09,24419.4,24412.85,24414.0,0
2026-01-29 06:55:00,24416.7,24427.1,24416.32,24417.86,0
2026-01-29 07:00:00,24421.32,24432.1,24420.51,24420.55,0
2026-01-29 07:05:00,24424.4,24437.88,24424.4,24435.56,0
2026-01-29 07:10:00,24436.72,24438.64,24431.48,24431.68,0
2026-01-29 07:15:00,24434.02,24434.02,24428.25,24428.64,0
2026-01-29 07:20:00,24432.1,24433.64,24415.54,24416.32,0
2026-01-29 07:25:00,24418.62,24423.24,24410.92,24419.93,0
2026-01-29 07:30:00,24417.47,24421.32,24412.85,24418.24,0
2026-01-29 07:35:00,24416.7,24418.24,24385.9,24385.9,0
2026-01-29 07:40:00,24388.98,24399.76,24383.98,24385.9,0
2026-01-29 07:45:00,24393.6,24398.22,24388.21,24396.3,0
2026-01-29 07:50:00,24396.3,24400.14,24381.28,24390.9,0
2026-01-29 07:55:00,24389.75,24400.14,24385.9,24399.76,0
2026-01-29 08:00:00,24427.48,24491.39,24360.72,24398.22,0
2026-01-29 08:05:00,24399.73,24491.78,24378.97,24405.92,0
2026-01-29 08:10:00,24407.08,24407.46,24393.22,24397.45,0
2026-01-29 08:15:00,24396.36,24397.26,24375.49,24380.51,0
2026-01-29 08:20:00,24380.51,24390.52,24379.01,24390.52,0
2026-01-29 08:25:00,24388.98,24399.76,24388.2,24397.45,0
2026-01-29 08:30:00,24397.06,24410.14,24383.59,24407.46,0
2026-01-29 08:35:00,24407.84,24418.62,24390.71,24409.38,0
2026-01-29 08:40:00,24410.16,24423.63,24409.38,24417.09,0
2026-01-29 08:45:00,24416.7,24422.09,24378.97,24413.36,0
2026-01-29 08:50:00,24414.0,24418.24,24405.54,24409.38,0
2026-01-29 08:55:00,24409.38,24416.32,24409.38,24415.54,0
2026-01-29 09:00:00,24416.12,24416.7,24377.82,24380.63,0
2026-01-29 09:05:00,24380.51,24395.72,24306.59,24385.9,0
2026-01-29 09:10:00,24385.13,24389.56,24369.34,24372.81,0
2026-01-29 09:15:00,24373.56,24383.2,24370.12,24375.89,0
2026-01-29 09:20:00,24375.31,24379.36,24370.88,24377.53,0
2026-01-29 09:25:00,24379.74,24381.28,24357.8,24358.16,0
2026-01-29 09:30:00,24354.33,24396.29,24311.98,24324.88,1854550
2026-01-29 09:35:00,24324.68,24326.22,24237.67,24261.16,1400239
2026-01-29 09:40:00,24261.16,24269.24,24186.47,24189.36,1056292
2026-01-29 09:45:00,24189.55,24242.29,24151.82,24222.28,960109
2026-01-29 09:50:00,24222.28,24223.43,24146.04,24181.47,751512
2026-01-29 09:55:00,24178.77,24189.55,24103.31,24107.93,579101
2026-01-29 10:00:00,24109.09,24111.4,24005.71,24046.72,1313171
2026-01-29 10:05:00,24046.33,24072.51,24026.7,24035.16,835120
2026-01-29 10:10:00,24035.16,24072.9,23973.95,23975.1,917503
2026-01-29 10:15:00,23976.65,24036.32,23975.23,24010.72,1101138
2026-01-29 10:20:00,24011.68,24067.89,23998.59,24040.94,613631
2026-01-29 10:25:00,24042.86,24068.85,23980.88,23989.73,585620
2026-01-29 10:30:00,23990.12,24005.52,23942.77,23955.09,778239
2026-01-29 10:35:00,23955.85,23962.4,23915.04,23917.74,683370
2026-01-29 10:40:00,23918.51,23920.05,23871.92,23884.63,896184
2026-01-29 10:45:00,23884.82,23903.11,23857.29,23865.77,907064
2026-01-29 10:50:00,23864.22,23865.77,23807.24,23812.25,989194
2026-01-29 10:55:00,23810.71,23881.51,23803.4,23841.51,907531
2026-01-29 11:00:00,23842.28,23860.71,23821.49,23825.34,991215
2026-01-29 11:05:00,23826.11,23848.44,23806.09,23838.82,774402
2026-01-29 11:10:00,23839.2,23926.21,23820.34,23921.97,1034574
2026-01-29 11:15:00,23922.36,23947.71,23913.12,23940.32,950662
2026-01-29 11:20:00,23940.46,23969.72,23919.66,23940.84,782320
2026-01-29 11:25:00,23940.84,23966.25,23916.97,23942.77,615624
2026-01-29 11:30:00,23942.38,23968.17,23935.07,23938.53,722915
2026-01-29 11:35:00,23937.76,23968.06,23926.59,23955.09,724569
2026-01-29 11:40:00,23954.7,23986.66,23947.77,23965.86,750451
2026-01-29 11:45:00,23965.86,23993.97,23958.16,23974.34,565234
2026-01-29 11:50:00,23973.95,23985.11,23955.09,23960.86,583375
2026-01-29 11:55:00,23961.24,23973.57,23942.77,23967.02,767786
2026-01-29 12:00:00,23966.25,24014.76,23965.09,23997.05,478090
2026-01-29 12:05:00,23997.05,24011.68,23987.81,24004.36,16717026
2026-01-29 12:10:00,24003.98,24058.65,24002.05,24049.22,0
2026-01-29 12:15:00,24049.79,24064.04,24042.09,24058.84,419732
2026-01-29 12:20:00,24058.84,24098.3,24055.96,24091.38,410967
2026-01-29 12:25:00,24091.76,24097.53,24065.58,24086.37,378945
2026-01-29 12:30:00,24085.22,24102.92,24081.36,24096.38,277204
2026-01-29 12:35:00,24096.57,24122.95,24094.07,24100.61,392100
2026-01-29 12:40:00,24099.46,24100.23,24062.89,24083.97,503610
2026-01-29 12:45:00,24084.45,24084.83,24039.59,24064.04,18736650
2026-01-29 12:50:00,24063.66,24065.97,24006.29,24009.76,0
2026-01-29 12:55:00,24010.53,24029.78,24003.21,24013.22,19115712
2026-01-29 13:00:00,24013.22,24069.04,24011.68,24056.34,0
2026-01-29 13:05:00,24057.49,24095.19,24053.26,24075.21,346989
2026-01-29 13:10:00,24075.21,24106.39,24075.21,24099.46,19891184
2026-01-29 13:15:00,24099.46,24102.16,24069.82,24077.13,0
2026-01-29 13:20:00,24078.67,24087.14,24063.27,24084.83,291195
2026-01-29 13:25:00,24084.45,24099.84,24075.21,24093.3,307438
2026-01-29 13:30:00,24093.3,24094.65,24069.04,24090.99,376359
2026-01-29 13:35:00,24091.38,24115.24,24084.83,24114.86,380592
2026-01-29 13:40:00,24114.47,24133.72,24104.47,24112.93,481007
2026-01-29 13:45:00,24113.32,24115.63,24093.68,24115.24,343682
2026-01-29 13:50:00,24115.63,24123.39,24101.0,24104.27,449169
2026-01-29 13:55:00,24104.47,24112.55,24083.67,24084.45,391679
2026-01-29 14:00:00,24084.45,24100.23,24069.43,24087.91,387924
2026-01-29 14:05:00,24087.91,24124.1,24087.53,24111.4,239042
2026-01-29 14:10:00,24111.01,24127.18,24106.39,24120.25,152912
2026-01-29 14:15:00,24120.25,24142.2,24113.71,24124.87,249818
2026-01-29 14:20:00,24125.64,24129.71,24118.71,24128.72,113086
2026-01-29 14:25:00,24129.49,24132.18,24119.86,24123.33,167612
2026-01-29 14:30:00,24122.95,24130.65,24091.76,24092.72,523357
2026-01-29 14:35:00,24092.53,24111.01,24092.15,24097.53,275853
2026-01-29 14:40:00,24098.3,24109.85,24095.63,24103.31,198233
2026-01-29 14:45:00,24103.12,24110.62,24081.36,24086.76,244153
2026-01-29 14:50:00,24087.53,24109.85,24085.6,24108.7,259060
2026-01-29 14:55:00,24109.09,24116.04,24092.53,24094.84,456256
2026-01-29 15:00:00,24095.61,24110.62,24088.29,24099.08,223628
2026-01-29 15:05:00,24099.27,24123.72,24095.22,24121.41,252257
2026-01-29 15:10:00,24122.56,24124.87,24111.01,24113.32,282977
2026-01-29 15:15:00,24112.55,24122.17,24109.09,24118.71,202475
2026-01-29 15:20:00,24118.71,24121.41,24109.09,24117.55,194445
2026-01-29 15:25:00,24118.33,24123.72,24097.53,24099.27,202059
2026-01-29 15:30:00,24099.08,24119.09,24092.89,24119.09,363946
2026-01-29 15:35:00,24118.71,24162.21,24115.24,24152.21,391902
2026-01-29 15:40:00,24152.21,24166.84,24144.22,24162.6,403539
2026-01-29 15:45:00,24162.02,24167.99,24153.36,24164.53,581826
2026-01-29 15:50:00,24165.68,24224.59,24165.68,24221.44,1048430
2026-01-29 15:55:00,24221.89,24254.23,24213.03,24230.74,1896662
2026-01-29 16:00:00,24228.82,24251.92,24228.82,24235.36,0
2026-01-29 16:05:00,24236.12,24240.37,24204.95,24232.67,0
2026-01-29 16:10:00,24233.05,24234.21,24208.8,24220.35,0
2026-01-29 16:15:00,24219.2,24230.74,24208.03,24213.42,0
2026-01-29 16:20:00,24212.84,24217.27,24206.88,24211.88,0
2026-01-29 16:25:00,24210.15,24255.0,24197.25,24214.47,0
2026-01-29 16:30:00,24247.68,24276.56,24209.18,24222.66,0
2026-01-29 16:35:00,24224.13,24238.45,24222.72,24235.4,0
2026-01-29 16:40:00,24233.79,24239.6,24207.63,24219.96,0
2026-01-29 16:45:00,24219.2,24221.5,24205.72,24214.58,0
2026-01-29 16:50:00,24212.65,24226.51,24207.64,24226.51,0
2026-01-29 16:55:00,24226.51,24235.36,24219.58,24221.89,0
2026-01-29 17:00:00,24228.05,24228.05,24218.04,24219.2,0
2026-01-29 17:05:00,24222.66,24226.12,24218.04,24218.42,0
2026-01-29 17:10:00,24218.04,24218.42,24213.42,24215.34,0
2026-01-29 17:15:00,24215.38,24225.74,24215.34,24218.81,0
2026-01-29 17:20:00,24219.58,24255.0,24216.88,24255.0,0
2026-01-29 17:25:00,24255.0,24255.0,24233.05,24238.45,0
2026-01-29 17:30:00,24242.83,24243.06,24233.44,24235.75,0
2026-01-29 17:35:00,24238.45,24244.99,24235.75,24243.45,0
2026-01-29 17:40:00,24241.33,24241.33,24220.74,24225.55,0
2026-01-29 17:45:00,24225.36,24231.52,24224.97,24225.93,0
2026-01-29 17:50:00,24225.93,24231.52,24224.97,24225.4,0
2026-01-29 17:55:00,24226.51,24245.38,24225.36,24241.89,0
2026-01-29 18:00:00,24234.98,24242.68,24189.94,24191.48,0
2026-01-29 18:05:00,24190.7,24226.51,24190.7,24195.71,0
2026-01-29 18:10:00,24195.71,24196.48,24144.16,24147.59,0
2026-01-29 18:15:00,24148.2,24171.84,24144.89,24166.45,0
2026-01-29 18:20:00,24169.14,24200.38,24161.06,24197.25,0
2026-01-29 18:25:00,24198.4,24218.81,24129.88,24178.52,0
2026-01-29 18:30:00,24183.78,24234.6,24179.68,24234.6,0
2026-01-29 18:35:00,24229.2,24251.34,24229.2,24240.76,0
2026-01-29 18:40:00,24241.5,24243.53,24232.09,24239.98,0
2026-01-29 18:45:00,24243.1,24243.1,24209.18,24226.7,0
2026-01-29 18:50:00,24227.28,24228.05,24209.96,24212.65,0
2026-01-29 18:55:00,24215.34,24215.34,24194.94,24208.82,0
2026-01-30 04:00:00,24039.4,24039.4,24015.53,24033.24,0
2026-01-30 04:05:00,24038.24,24042.86,24005.9,24011.68,0
2026-01-30 04:10:00,24007.06,24009.76,23977.03,23984.34,0
2026-01-30 04:15:00,23985.5,23990.5,23969.33,23978.96,0
2026-01-30 04:20:00,23982.04,23989.35,23968.18,23973.56,0
2026-01-30 04:25:00,23966.64,23975.88,23953.16,23968.56,0
2026-01-30 04:30:00,23975.88,23977.8,23963.17,23969.72,0
2026-01-30 04:35:00,23969.72,23992.43,23958.94,23968.18,0
2026-01-30 04:40:00,23965.86,23978.57,23964.32,23966.64,0
2026-01-30 04:45:00,23967.02,23967.02,23928.52,23928.9,0
2026-01-30 04:50:00,23928.9,23950.46,23917.74,23949.31,0
2026-01-30 04:55:00,23952.78,23977.8,23952.78,23960.48,0
2026-01-30 05:00:00,23966.64,23999.74,23962.02,23977.41,0
2026-01-30 05:05:00,23979.34,23990.12,23972.02,23973.56,0
2026-01-30 05:10:00,23979.72,24000.9,23972.8,24000.9,0
2026-01-30 05:15:00,23998.2,24005.14,23990.89,23995.9,0
2026-01-30 05:20:00,24004.75,24008.6,23995.9,24007.45,0
2026-01-30 05:25:00,24007.83,24007.83,23981.26,23988.96,0
2026-01-30 05:30:00,24004.75,24023.62,23998.98,24017.46,0
2026-01-30 05:35:00,24020.15,24039.4,24020.15,24026.7,0
2026-01-30 05:40:00,24029.78,24030.93,24014.38,24030.54,0
2026-01-30 05:45:00,24036.7,24043.25,24024.38,24033.24,0
2026-01-30 05:50:00,24037.48,24046.33,24024.77,24031.7,0
2026-01-30 05:55:00,24029.39,24029.78,24017.07,24023.23,0
2026-01-30 06:00:00,24024.38,24059.04,24024.38,24052.88,0
2026-01-30 06:05:00,24048.26,24049.02,24037.86,24047.48,0
2026-01-30 06:10:00,24045.18,24062.88,24045.18,24062.5,0
2026-01-30 06:15:00,24060.96,24068.28,24052.49,24052.49,0
2026-01-30 06:20:00,24051.34,24073.28,24051.34,24073.28,0
2026-01-30 06:25:00,24074.05,24074.05,24062.5,24072.9,0
2026-01-30 06:30:00,24071.74,24097.54,24066.35,24093.3,0
2026-01-30 06:35:00,24092.14,24094.46,24084.45,24092.14,0
2026-01-30 06:40:00,24092.14,24096.0,24085.22,24085.22,0
2026-01-30 06:45:00,24084.06,24087.91,24048.64,24055.57,0
2026-01-30 06:50:00,24061.34,24124.48,24061.34,24124.1,0
2026-01-30 06:55:00,24121.79,24133.72,24117.17,24122.95,0
2026-01-30 07:00:00,24126.41,24154.52,24126.41,24153.36,0
2026-01-30 07:05:00,24151.05,24151.05,24117.55,24120.25,0
2026-01-30 07:10:00,24116.78,24132.18,24114.48,24124.1,0
2026-01-30 07:15:00,24121.4,24131.8,24117.55,24121.4,0
2026-01-30 07:20:00,24120.25,24136.42,24107.93,24132.96,0
2026-01-30 07:25:00,24135.26,24135.65,24120.25,24121.02,0
2026-01-30 07:30:00,24121.02,24127.95,24120.25,24121.4,0
2026-01-30 07:35:00,24125.26,24145.28,24120.25,24120.25,0
2026-01-30 07:40:00,24118.71,24131.8,24103.31,24103.7,0
2026-01-30 07:45:00,24102.54,24121.4,24098.69,24105.66,0
2026-01-30 07:50:00,24107.16,24107.16,24077.52,24084.83,0
2026-01-30 07:55:00,24087.52,24101.38,24085.6,24099.08,0
2026-01-30 08:00:00,24039.74,24154.19,23917.36,24115.61,0
2026-01-30 08:05:00,24233.05,24233.05,23960.48,24117.14,0
2026-01-30 08:10:00,24116.87,24136.0,24112.55,24129.49,0
2026-01-30 08:15:00,24131.03,24137.58,24116.4,24116.4,0
2026-01-30 08:20:00,24117.12,24123.72,24097.15,24101.0,0
2026-01-30 08:25:00,24097.15,24214.88,24084.06,24101.38,0
2026-01-30 08:30:00,24101.77,24139.5,24041.71,24071.36,0
2026-01-30 08:35:00,24072.47,24084.06,24050.18,24071.74,0
2026-01-30 08:40:00,24072.13,24098.75,24055.57,24096.38,0
2026-01-30 08:45:00,24095.61,24233.05,24077.9,24078.25,0
2026-01-30 08:50:00,24077.13,24089.45,24069.24,24081.69,0
2026-01-30 08:55:00,24078.67,24090.6,24077.13,24081.36,0
2026-01-30 09:00:00,24079.82,24101.0,24066.74,24081.75,0
2026-01-30 09:05:00,24082.31,24099.08,24079.05,24080.02,0
2026-01-30 09:10:00,24081.75,24096.38,24072.9,24089.54,0
2026-01-30 09:15:00,24088.31,24101.0,24080.98,24084.83,0
2026-01-30 09:20:00,24084.83,24094.46,24073.66,24077.52,0
2026-01-30 09:25:00,24077.52,24090.99,24064.04,24090.99,0
2026-01-30 09:30:00,24090.22,24165.87,24070.59,24142.58,2146310
2026-01-30 09:35:00,24142.0,24171.07,24092.15,24168.76,825946
2026-01-30 09:40:00,24168.38,24187.86,24123.33,24125.64,496527
2026-01-30 09:45:00,24125.26,24149.9,24094.07,24143.73,691999
2026-01-30 09:50:00,24143.73,24178.39,24111.4,24128.72,555050
2026-01-30 09:55:00,24130.26,24157.98,24063.66,24083.67,676600
2026-01-30 10:00:00,24082.91,24126.03,24067.12,24070.59,694670
2026-01-30 10:05:00,24071.74,24154.9,24069.04,24137.58,687602
2026-01-30 10:10:00,24138.73,24173.77,24111.4,24146.43,580083
2026-01-30 10:15:00,24146.04,24167.99,24135.27,24142.2,432124
2026-01-30 10:20:00,24142.2,24160.29,24102.16,24113.13,497120
2026-01-30 10:25:00,24112.93,24115.24,24049.03,24053.26,566240
2026-01-30 10:30:00,24052.1,24066.35,24031.32,24063.27,863780
2026-02-02 14:00:00,24184.16,24193.4,24180.31,24192.63,9070813
2026-02-02 14:05:00,24190.71,24192.63,24184.35,24188.4,95502
2026-02-02 14:10:00,24188.4,24189.93,24181.08,24181.08,120584
2026-02-02 14:15:00,24181.08,24186.47,24178.19,24183.2,107075
2026-02-02 14:20:00,24183.01,24188.4,24179.54,24182.23,112881
2026-02-02 14:25:00,24183.2,24183.39,24169.55,24172.22,177374
2026-02-02 14:30:00,24171.65,24172.42,24157.98,24163.76,215965
2026-02-02 14:35:00,24163.37,24163.76,24151.05,24152.21,181520
2026-02-02 14:40:00,24152.21,24158.75,24146.82,24157.59,152670
2026-02-02 14:45:00,24157.59,24160.14,24142.2,24142.58,253981
2026-02-02 14:50:00,24142.58,24145.6,24133.72,24141.42,183303
2026-02-02 14:55:00,24141.21,24162.98,24097.92,24102.54,14957298
2026-02-02 15:00:00,24102.16,24134.11,24078.77,24124.48,0
2026-02-02 15:05:00,24124.48,24148.74,24123.33,24144.89,291733
2026-02-02 15:10:00,24144.89,24152.21,24124.1,24124.1,297478
2026-02-02 15:15:00,24124.87,24144.89,24115.24,24133.15,311486
2026-02-02 15:20:00,24133.34,24150.66,24131.8,24143.54,203776
2026-02-02 15:25:00,24143.35,24143.35,24116.02,24119.29,236764
2026-02-02 15:30:00,24118.33,24122.56,24108.7,24114.86,282974
2026-02-02 15:35:00,24114.09,24120.25,24101.0,24108.32,456742
2026-02-02 15:40:00,24107.93,24114.09,24098.5,24104.08,358028
2026-02-02 15:45:00,24103.7,24118.71,24100.23,24102.92,475157
2026-02-02 15:50:00,24103.7,24116.4,24087.92,24102.54,831315
2026-02-02 15:55:00,24102.54,24114.86,24099.46,24109.47,1574784
2026-02-02 16:00:00,24110.62,24112.55,24091.38,24106.39,0
2026-02-02 16:05:00,24107.6,24149.12,24093.68,24144.5,0
2026-02-02 16:10:00,24142.96,24142.96,24106.39,24130.64,0
2026-02-02 16:15:00,24129.68,24140.66,24106.39,24128.34,0
2026-02-02 16:20:00,24128.72,24136.8,24119.48,24135.26,0
2026-02-02 16:25:00,24137.19,24139.5,24106.39,24137.0,0
2026-02-02 16:30:00,24136.39,24142.96,24134.88,24140.69,0
2026-02-02 16:35:00,24138.77,24141.0,24124.1,24124.1,0
2026-02-02 16:40:00,24124.87,24131.22,24124.48,24126.41,0
2026-02-02 16:45:00,24123.7,24137.38,24122.56,24136.04,0
2026-02-02 16:50:00,24136.04,24136.04,24122.18,24124.48,0
2026-02-02 16:55:00,24123.31,24132.96,24119.48,24123.72,0
2026-02-02 17:00:00,24126.8,24132.38,24106.39,24130.45,0
2026-02-02 17:05:00,24130.45,24135.65,24125.26,24126.8,0
2026-02-02 17:10:00,24130.9,24132.18,24125.64,24131.77,0
2026-02-02 17:15:00,24132.53,24135.65,24127.95,24132.76,0
2026-02-02 17:20:00,24135.26,24135.26,24129.88,24132.18,0
2026-02-02 17:25:00,24132.57,24134.88,24131.8,24134.86,0
2026-02-02 17:30:00,24134.88,24144.5,24132.6,24143.35,0
2026-02-02 17:35:00,24143.79,24150.28,24142.96,24148.74,0
2026-02-02 17:40:00,24148.74,24153.74,24148.36,24148.36,0
2026-02-02 17:45:00,24148.74,24153.36,24148.74,24151.82,0
2026-02-02 17:50:00,24152.55,24154.13,24151.1,24154.13,0
2026-02-02 17:55:00,24154.07,24154.13,24149.51,24151.82,0
2026-02-02 18:00:00,24149.9,24157.6,24124.48,24154.52,0
2026-02-02 18:05:00,24158.75,24184.2,24157.4,24173.38,0
2026-02-02 18:10:00,24174.54,24177.88,24163.76,24168.39,0
2026-02-02 18:15:00,24170.11,24184.5,24170.11,24179.54,0
2026-02-02 18:20:00,24176.84,24181.85,24175.3,24181.27,0
2026-02-02 18:25:00,24181.85,24188.01,24172.22,24186.86,0
2026-02-02 18:30:00,24182.62,24197.25,24182.04,24196.48,0
2026-02-02 18:35:00,24197.25,24221.12,24196.92,24219.93,0
2026-02-02 18:40:00,24219.58,24219.58,24200.23,24206.49,0
2026-02-02 18:45:00,24209.13,24214.58,24199.8,24201.1,0
2026-02-02 18:50:00,24201.48,24205.34,24198.4,24200.72,0
2026-02-02 18:55:00,24201.1,24201.1,24195.53,24198.21,0
2026-02-03 04:00:00,24227.28,24250.0,24227.28,24241.52,0
2026-02-03 04:05:00,24242.3,24258.85,24242.3,24250.76,0
2026-02-03 04:10:00,24236.52,24239.6,24227.28,24231.52,0
2026-02-03 04:15:00,24227.28,24238.83,24227.28,24236.52,0
2026-02-03 04:20:00,24234.21,24238.83,24220.35,24220.35,0
2026-02-03 04:25:00,24218.42,24223.43,24213.8,24217.27,0
2026-02-03 04:30:00,24220.74,24230.36,24217.27,24228.44,0
2026-02-03 04:35:00,24225.36,24225.36,24214.19,24218.04,0
2026-02-03 04:40:00,24218.81,24228.44,24217.66,24222.66,0
2026-02-03 04:45:00,24223.04,24226.9,24218.04,24226.9,0
2026-02-03 04:50:00,24228.82,24230.74,24221.12,24221.12,0
2026-02-03 04:55:00,24221.12,24223.43,24215.34,24221.89,0
2026-02-03 05:00:00,24226.12,24234.98,24223.04,24234.21,0
2026-02-03 05:05:00,24236.14,24241.14,24233.44,24234.21,0
2026-02-03 05:10:00,24237.29,24242.3,24230.36,24230.36,0
2026-02-03 05:15:00,24237.68,24238.06,24227.66,24229.98,0
2026-02-03 05:20:00,24229.98,24230.74,24224.2,24228.05,0
2026-02-03 05:25:00,24223.82,24228.44,24221.12,24223.82,0
2026-02-03 05:30:00,24221.89,24221.89,24213.42,24213.42,0
2026-02-03 05:35:00,24216.12,24216.5,24208.03,24208.8,0
2026-02-03 05:40:00,24206.88,24210.34,24201.1,24207.26,0
2026-02-03 05:45:00,24202.64,24209.96,24202.26,24208.41,0
2026-02-03 05:50:00,24212.65,24216.5,24203.02,24216.5,0
2026-02-03 05:55:00,24212.65,24214.58,24212.65,24214.58,0
2026-02-03 06:00:00,24211.5,24216.5,24201.1,24203.02,0
2026-02-03 06:05:00,24203.8,24208.8,24199.18,24199.56,0
2026-02-03 06:10:00,24203.02,24212.65,24195.71,24208.41,0
2026-02-03 06:15:00,24209.57,24212.26,24204.95,24208.03,0
2026-02-03 06:20:00,24209.57,24217.27,24208.8,24208.8,0
2026-02-03 06:25:00,24208.8,24210.34,24197.25,24202.64,0
2026-02-03 06:30:00,24202.64,24204.18,24191.09,24198.02,0
2026-02-03 06:35:00,24199.56,24199.95,24193.78,24194.55,0
2026-02-03 06:40:00,24196.48,24208.8,24196.48,24206.88,0
2026-02-03 06:45:00,24209.18,24218.04,24204.95,24205.34,0
2026-02-03 06:50:00,24201.1,24206.88,24200.72,24206.88,0
2026-02-03 06:55:00,24208.8,24213.8,24201.1,24204.18,0
2026-02-03 07:00:00,24201.87,24210.34,24181.85,24193.78,0
2026-02-03 07:05:00,24194.17,24212.65,24192.63,24209.57,0
2026-02-03 07:10:00,24209.96,24222.28,24209.96,24222.28,0
2026-02-03 07:15:00,24222.66,24228.05,24214.19,24228.05,0
2026-02-03 07:20:00,24226.9,24229.98,24219.96,24221.89,0
2026-02-03 07:25:00,24224.2,24238.83,24224.2,24237.29,0
2026-02-03 07:30:00,24236.9,24245.38,24234.6,24239.98,0
2026-02-03 07:35:00,24238.83,24245.38,24235.75,24238.83,0
2026-02-03 07:40:00,24240.37,24242.3,24234.21,24236.52,0
2026-02-03 07:45:00,24238.83,24244.22,24236.52,24241.91,0
2026-02-03 07:50:00,24240.76,24244.99,24234.21,24234.21,0
2026-02-03 07:55:00,24233.05,24237.29,24230.74,24230.74,0
2026-02-03 08:00:00,24231.85,24274.64,24124.45,24230.55,0
2026-02-03 08:05:00,24233.82,24273.48,24106.39,24247.68,0
2026-02-03 08:10:00,24244.99,24251.92,24239.98,24239.98,0
2026-02-03 08:15:00,24240.37,24248.46,24239.6,24246.14,0
2026-02-03 08:20:00,24245.36,24245.36,24228.05,24228.44,0
2026-02-03 08:25:00,24229.2,24244.37,24228.44,24241.02,0
2026-02-03 08:30:00,24241.91,24246.91,24233.44,24241.14,0
2026-02-03 08:35:00,24243.45,24244.41,23921.98,24234.59,0
2026-02-03 08:40:00,24235.75,24237.23,24224.2,24226.9,0
2026-02-03 08:45:00,24227.28,24233.82,24106.39,24231.52,0
2026-02-03 08:50:00,24230.74,24230.74,24218.93,24223.16,0
2026-02-03 08:55:00,24223.82,24227.25,24214.77,24219.2,0
2026-02-03 09:00:00,24219.58,24228.05,24212.46,24220.35,0
2026-02-03 09:05:00,24220.14,24220.54,24208.8,24211.11,0
2026-02-03 09:10:00,24210.34,24214.19,24206.88,24209.18,0
2026-02-03 09:15:00,24208.41,24209.18,24193.4,24196.48,0
2026-02-03 09:20:00,24196.1,24205.53,24194.55,24197.25,0
2026-02-03 09:25:00,24197.64,24204.95,24182.62,24186.43,0
2026-02-03 09:30:00,24187.05,24204.57,24099.46,24133.94,1930783
2026-02-03 09:35:00,24134.11,24149.51,24073.66,24081.0,853990
2026-02-03 09:40:00,24082.91,24254.23,23992.82,24019.76,1116023
2026-02-03 09:45:00,24018.99,24074.05,24008.98,24062.52,852961
2026-02-03 09:50:00,24061.73,24062.11,23988.77,23988.97,741753
2026-02-03 09:55:00,23988.2,23995.51,23898.8,23906.96,1196123
2026-02-03 10:00:00,23907.73,23920.05,23844.97,23887.71,1364122
2026-02-03 10:05:00,23886.17,23910.81,23829.19,23881.16,1077675
2026-02-03 10:10:00,23881.93,23887.33,23812.64,23834.58,926690
2026-02-03 10:15:00,23832.66,23871.54,23824.96,23854.6,746501
2026-02-03 10:20:00,23856.14,23881.93,23763.74,23764.9,1115298
2026-02-03 10:25:00,23764.51,23848.05,23757.58,23828.42,860882
2026-02-03 10:30:00,23827.65,23843.05,23784.15,23785.68,771422
2026-02-03 10:35:00,23785.11,23829.96,23767.97,23828.41,637951
2026-02-03 10:40:00,23828.42,23841.12,23806.82,23806.86,9295689
2026-02-03 10:45:00,23806.47,23871.92,23782.99,23871.16,0
2026-02-03 10:50:00,23869.61,23895.03,23830.34,23868.84,758015
2026-02-03 10:55:00,23868.45,23906.58,23867.69,23893.1,571231
2026-02-03 11:00:00,23894.26,23895.03,23847.67,23849.6,519302
2026-02-03 11:05:00,23851.14,23865.38,23830.73,23834.58,461260
2026-02-03 11:10:00,23834.2,23866.53,23816.68,23833.04,471423
2026-02-03 11:15:00,23833.04,23853.06,23823.03,23830.98,368963
2026-02-03 11:20:00,23830.34,23838.59,23778.37,23788.38,470378
2026-02-03 11:25:00,23787.99,23819.18,23778.76,23780.68,418054
2026-02-03 11:30:00,23781.45,23801.09,23764.12,23798.19,569704
2026-02-03 11:35:00,23798.39,23816.1,23777.98,23793.39,410001
2026-02-03 11:40:00,23793.0,23808.78,23782.99,23790.3,322484
2026-02-03 11:45:00,23787.61,23808.78,23771.83,23795.5,399257
2026-02-03 11:50:00,23795.7,23798.39,23755.27,23787.61,523023
2026-02-03 11:55:00,23787.61,23804.16,23772.79,23776.06,381338
2026-02-03 12:00:00,23776.45,23781.07,23764.12,23774.91,442151
2026-02-03 12:05:00,23775.67,23781.07,23754.89,23778.76,410269
2026-02-03 12:10:00,23777.98,23786.07,23691.74,23709.07,1032013
2026-02-03 12:15:00,23708.68,23742.18,23702.14,23713.3,684657
2026-02-03 12:20:00,23713.3,23745.26,23698.29,23738.72,394344
2026-02-03 12:25:00,23738.72,23752.58,23704.84,23705.22,346577
2026-02-03 12:30:00,23703.68,23710.99,23670.57,23671.53,632504
2026-02-03 12:35:00,23671.34,23682.51,23656.13,23667.1,478984
2026-02-03 12:40:00,23666.72,23666.72,23639.39,23651.32,503740
2026-02-03 12:45:00,23650.55,23693.67,23647.47,23681.35,461609
2026-02-03 12:50:00,23682.51,23716.0,23666.91,23689.05,423358
2026-02-03 12:55:00,23689.43,23697.91,23674.8,23679.42,330369
2026-02-03 13:00:00,23677.11,23692.9,23661.72,23664.03,528553
2026-02-03 13:05:00,23664.03,23712.53,23658.64,23688.66,670068
2026-02-03 13:10:00,23688.47,23688.47,23622.45,23628.6,517273
2026-02-03 13:15:00,23628.22,23660.17,23628.22,23659.41,394283
2026-02-03 13:20:00,23658.25,23659.02,23630.91,23632.46,353439
2026-02-03 13:25:00,23632.46,23633.99,23610.51,23627.84,374598
2026-02-03 13:30:00,23626.29,23626.68,23593.96,23606.66,440501
2026-02-03 13:35:00,23607.28,23618.59,23588.95,23617.05,352889
2026-02-03 13:40:00,23616.28,23616.28,23582.02,23588.83,337751
2026-02-03 13:45:00,23588.18,23593.57,23572.01,23585.1,296411
2026-02-03 13:50:00,23583.95,23583.95,23564.7,23567.3,607399
2026-02-03 13:55:00,23567.39,23587.79,23546.98,23546.98,487751
2026-02-03 14:00:00,23546.6,23559.3,23526.53,23533.9,524683
2026-02-03 14:05:00,23532.74,23547.76,23521.96,23532.35,470613
2026-02-03 14:10:00,23531.59,23621.67,23529.28,23618.98,973602
2026-02-03 14:15:00,23619.36,23641.31,23606.66,23631.68,768166
2026-02-03 14:20:00,23631.68,23652.86,23615.9,23619.56,579951
2026-02-03 14:25:00,23619.75,23625.91,23577.4,23594.34,698166
2026-02-03 14:30:00,23592.41,23620.14,23567.01,23572.01,512735
2026-02-03 14:35:00,23570.09,23601.66,23567.01,23584.33,300697
2026-02-03 14:40:00,23583.56,23597.42,23563.16,23569.62,351296
2026-02-03 14:45:00,23570.09,23574.32,23548.14,23551.99,316518
2026-02-03 14:50:00,23550.84,23580.86,23536.97,23576.24,478440
2026-02-03 14:55:00,23577.78,23625.33,23574.32,23613.97,440955
2026-02-03 15:00:00,23613.21,23623.6,23583.17,23586.26,534003
2026-02-03 15:05:00,23585.48,23605.89,23579.33,23589.34,349742
2026-02-03 15:10:00,23589.53,23608.2,23570.09,23607.04,347350
2026-02-03 15:15:00,23606.28,23632.26,23583.17,23614.36,592630
2026-02-03 15:20:00,23613.21,23623.79,23590.88,23623.6,426757
2026-02-03 15:25:00,23623.6,23638.61,23622.83,23626.87,374149
2026-02-03 15:30:00,23627.07,23690.21,23625.91,23687.51,576387
2026-02-03 15:35:00,23688.28,23711.77,23680.2,23707.91,485298
2026-02-03 15:40:00,23708.11,23709.07,23665.95,23683.28,482577
2026-02-03 15:45:00,23684.04,23704.84,23677.5,23700.02,524881
2026-02-03 15:50:00,23700.22,23720.62,23687.9,23713.69,884881
2026-02-03 15:55:00,23713.69,23745.65,23707.15,23733.33,2954428
2026-02-03 16:00:00,23733.71,23756.04,23726.78,23754.12,0
2026-02-03 16:05:00,23754.12,23757.96,23725.24,23737.91,0
2026-02-03 16:10:00,23736.4,23742.56,23729.09,23734.86,0
2026-02-03 16:15:00,23738.33,23762.2,23672.86,23689.44,0
2026-02-03 16:20:00,23687.9,23822.87,23679.04,23705.6,0
2026-02-03 16:25:00,23705.6,23716.15,23700.6,23714.46,0
2026-02-03 16:30:00,23714.46,23715.97,23694.82,23696.75,0
2026-02-03 16:35:00,23697.52,23704.45,23690.98,23693.67,0
2026-02-03 16:40:00,23693.71,23709.46,23692.9,23704.8,0
2026-02-03 16:45:00,23706.12,23707.53,23692.28,23694.05,0
2026-02-03 16:50:00,23693.67,23705.6,23692.09,23695.6,0
2026-02-03 16:55:00,23696.75,23712.15,23696.75,23706.38,0
2026-02-03 17:00:00,23708.3,23711.51,23702.14,23708.68,0
2026-02-03 17:05:00,23707.14,23736.02,23703.68,23705.22,0
2026-02-03 17:10:00,23705.03,23706.38,23695.19,23695.19,0
2026-02-03 17:15:00,23695.21,23695.98,23689.05,23690.94,0
2026-02-03 17:20:00,23690.98,23692.13,23681.72,23690.98,0
2026-02-03 17:25:00,23690.59,23694.82,23687.12,23690.59,0
2026-02-03 17:30:00,23690.59,23694.82,23678.66,23690.98,0
2026-02-03 17:35:00,23691.74,23736.02,23685.2,23685.2,0
2026-02-03 17:40:00,23686.36,23689.82,23679.42,23679.81,0
2026-02-03 17:45:00,23679.81,23687.12,23677.5,23682.12,0
2026-02-03 17:50:00,23679.42,23687.9,23674.04,23678.66,0
2026-02-03 17:55:00,23678.27,23685.64,23677.5,23677.88,0
2026-02-03 18:00:00,23677.5,23695.98,23673.65,23690.59,0
2026-02-03 18:05:00,23691.74,23691.74,23656.65,23666.72,0
2026-02-03 18:10:00,23672.5,23710.22,23672.5,23710.22,0
2026-02-03 18:15:00,23710.21,23726.78,23708.68,23713.69,0
2026-02-03 18:20:00,23713.69,23714.46,23690.24,23696.75,0
2026-02-03 18:25:00,23697.52,23710.42,23677.96,23684.62,0
2026-02-03 18:30:00,23684.08,23688.66,23676.33,23678.66,0
2026-02-03 18:35:00,23678.66,23687.12,23677.5,23685.59,0
2026-02-03 18:40:00,23686.48,23687.7,23681.35,23687.7,0
2026-02-03 18:45:00,23682.49,23704.45,23680.2,23700.6,0
2026-02-03 18:50:00,23702.52,23707.34,23697.72,23706.76,0
2026-02-03 18:55:00,23706.76,23719.75,23701.41,23712.55,0
2026-02-04 04:00:00,23716.0,23739.1,23707.91,23727.16,0
2026-02-04 04:05:00,23727.55,23737.18,23724.47,23724.47,0
2026-02-04 04:10:00,23724.09,23725.24,23700.98,23707.14,0
2026-02-04 04:15:00,23705.99,23707.53,23672.88,23675.96,0
2026-02-04 04:20:00,23677.5,23680.96,23658.25,23662.1,0
2026-02-04 04:25:00,23660.18,23677.5,23655.17,23677.5,0
2026-02-04 04:30:00,23683.28,23691.74,23674.8,23684.82,0
2026-02-04 04:35:00,23677.88,23685.2,23666.34,23681.35,0
2026-02-04 04:40:00,23677.5,23684.43,23653.63,23666.72,0
2026-02-04 04:45:00,23672.88,23684.82,23672.11,23677.5,0
2026-02-04 04:50:00,23673.65,23677.88,23664.8,23677.5,0
2026-02-04 04:55:00,23679.81,23698.68,23677.88,23696.75,0
2026-02-04 05:00:00,23691.36,23721.78,23690.59,23719.85,0
2026-02-04 05:05:00,23719.85,23729.09,23715.62,23719.85,0
2026-02-04 05:10:00,23707.14,23718.7,23707.14,23712.15,0
2026-02-04 05:15:00,23712.15,23732.94,23712.15,23730.24,0
2026-02-04 05:20:00,23732.94,23737.18,23727.16,23727.16,0
2026-02-04 05:25:00,23730.63,23737.18,23723.7,23735.25,0
2026-02-04 05:30:00,23737.56,23754.5,23737.56,23754.5,0
2026-02-04 05:35:00,23752.58,23754.5,23729.09,23729.86,0
2026-02-04 05:40:00,23731.02,23736.4,23729.48,23733.71,0
2026-02-04 05:45:00,23733.32,23735.25,23727.55,23732.17,0
2026-02-04 05:50:00,23741.8,23749.88,23740.64,23744.88,0
2026-02-04 05:55:00,23741.02,23754.5,23739.1,23739.1,0
2026-02-04 06:00:00,23741.8,23748.34,23737.18,23742.95,0
2026-02-04 06:05:00,23744.49,23746.8,23737.18,23737.18,0
2026-02-04 06:10:00,23736.02,23737.56,23729.48,23736.02,0
2026-02-04 06:15:00,23736.79,23749.11,23733.71,23744.1,0
2026-02-04 06:20:00,23745.26,23748.72,23739.87,23748.72,0
2026-02-04 06:25:00,23749.5,23749.5,23739.1,23739.1,0
2026-02-04 06:30:00,23739.48,23748.72,23737.18,23747.57,0
2026-02-04 06:35:00,23751.04,23766.05,23750.26,23762.2,0
2026-02-04 06:40:00,23763.74,23763.74,23752.19,23754.88,0
2026-02-04 06:45:00,23752.58,23761.04,23744.88,23749.88,0
2026-02-04 06:50:00,23757.96,23767.98,23754.12,23761.43,0
2026-02-04 06:55:00,23762.59,23769.9,23760.66,23762.97,0
2026-02-04 07:00:00,23762.2,23778.37,23753.73,23753.73,0
2026-02-04 07:05:00,23754.12,23754.12,23729.86,23739.87,0
2026-02-04 07:10:00,23738.72,23746.76,23738.33,23746.76,0
2026-02-04 07:15:00,23749.11,23753.73,23744.45,23747.96,0
2026-02-04 07:20:00,23746.41,23749.88,23736.02,23736.02,0
2026-02-04 07:25:00,23734.86,23734.86,23712.92,23724.47,0
2026-02-04 07:30:00,23722.16,23736.02,23722.16,23735.25,0
2026-02-04 07:35:00,23735.25,23735.25,23696.75,23699.06,0
2026-02-04 07:40:00,23701.76,23707.53,23692.9,23707.53,0
2026-02-04 07:45:00,23707.91,23716.0,23698.68,23702.14,0
2026-02-04 07:50:00,23699.45,23707.91,23692.9,23703.3,0
2026-02-04 07:55:00,23707.53,23708.3,23697.14,23705.22,0
2026-02-04 08:00:00,23720.57,23797.91,23653.15,23685.53,0
2026-02-04 08:05:00,23685.2,23736.02,23675.15,23677.12,0
2026-02-04 08:10:00,23675.58,23687.12,23669.76,23685.2,0
2026-02-04 08:15:00,23685.01,23700.02,23679.42,23687.9,0
2026-02-04 08:20:00,23689.05,23693.28,23664.8,23679.48,0
2026-02-04 08:25:00,23679.81,23693.67,23666.91,23687.06,0
2026-02-04 08:30:00,23687.51,23706.34,23670.18,23693.09,0
2026-02-04 08:35:00,23693.67,23696.75,23672.91,23680.58,0
2026-02-04 08:40:00,23679.81,23696.36,23674.04,23686.36,0
2026-02-04 08:45:00,23687.9,23736.02,23646.28,23646.28,0
2026-02-04 08:50:00,23647.09,23666.34,23640.92,23658.74,0
2026-02-04 08:55:00,23655.7,23664.6,23652.48,23654.21,0
2026-02-04 09:00:00,23653.24,23658.64,23634.76,23636.05,0
2026-02-04 09:05:00,23637.08,23642.85,23622.83,23635.54,0
2026-02-04 09:10:00,23635.54,23649.4,23625.14,23646.32,0
2026-02-04 09:15:00,23646.32,23647.86,23635.15,23641.31,0
2026-02-04 09:20:00,23639.0,23661.52,23632.84,23654.4,0
2026-02-04 09:25:00,23654.78,23681.74,23653.63,23680.56,0
2026-02-04 09:30:00,23669.8,23680.2,23534.66,23585.95,1997345
2026-02-04 09:35:00,23585.87,23677.11,23564.7,23648.24,1078295
2026-02-04 09:40:00,23648.62,23681.35,23595.49,23630.53,611482
2026-02-04 09:45:00,23628.99,23665.95,23593.18,23641.31,528266
2026-02-04 09:50:00,23641.89,23652.47,23546.35,23601.27,796376
2026-02-04 09:55:00,23602.42,23610.51,23493.09,23501.94,685943
2026-02-04 10:00:00,23497.71,23498.28,23419.16,23458.43,1293171
2026-02-04 10:05:00,23458.82,23553.15,23458.82,23543.14,1269886
2026-02-04 10:10:00,23545.45,23562.0,23501.55,23523.89,974302
2026-02-04 10:15:00,23523.89,23542.36,23487.7,23501.55,711869
2026-02-04 10:20:00,23501.17,23580.86,23496.16,23563.92,986623
2026-02-04 10:25:00,23564.7,23605.51,23530.43,23551.22,605198
2026-02-04 10:30:00,23551.6,23560.84,23473.45,23482.3,708896
2026-02-04 10:35:00,23481.92,23558.15,23431.48,23505.41,1096637
2026-02-04 10:40:00,23508.48,23572.01,23488.08,23512.72,620939
2026-02-04 10:45:00,23517.15,23525.81,23463.44,23473.84,374014
2026-02-04 10:50:00,23471.91,23504.25,23457.66,23482.69,349842
2026-02-04 10:55:00,23480.5,23500.4,23443.03,23461.52,390103
2026-02-04 11:00:00,23461.9,23479.22,23386.44,23387.21,787239
2026-02-04 11:05:00,23387.59,23419.47,23368.54,23381.05,616437
2026-02-04 11:10:00,23379.12,23450.73,23368.73,23424.17,723175
2026-02-04 11:15:00,23423.98,23443.42,23358.91,23369.31,616250
2026-02-04 11:20:00,23367.96,23426.09,23364.11,23423.02,525054
2026-02-04 11:25:00,23423.78,23448.81,23410.31,23441.11,432487
2026-02-04 11:30:00,23443.03,23446.89,23378.74,23378.74,370566
2026-02-04 11:35:00,23380.66,23394.91,23354.41,23355.64,407768
2026-02-04 11:40:00,23353.72,23359.1,23296.5,23300.01,538616
2026-02-04 11:45:00,23299.43,23304.82,23264.78,23275.95,661443
2026-02-04 11:50:00,23275.56,23304.82,23252.84,23304.63,721147
2026-02-04 11:55:00,23304.82,23360.26,23301.35,23353.72,544698
2026-02-04 12:00:00,23352.17,23372.97,23332.73,23360.65,526942
2026-02-04 12:05:00,23362.96,23369.89,23327.53,23336.39,411413
2026-02-04 12:10:00,23336.78,23356.79,23304.82,23347.94,450560
2026-02-04 12:15:00,23347.94,23358.72,23300.75,23302.51,288480
2026-02-04 12:20:00,23301.74,23320.99,23284.8,23295.97,326199
2026-02-04 12:25:00,23296.35,23304.05,23203.18,23215.5,756851
2026-02-04 12:30:00,23215.5,23269.4,23195.29,23211.27,612641
2026-02-04 12:35:00,23210.49,23210.49,23148.12,23148.12,458890
2026-02-04 12:40:00,23146.97,23183.93,23132.34,23180.08,582798
2026-02-04 12:45:00,23180.47,23190.47,23131.18,23142.73,411717
2026-02-04 12:50:00,23143.12,23180.47,23118.09,23175.08,637430
2026-02-04 12:55:00,23174.69,23211.27,23174.69,23203.57,501666
2026-02-04 13:00:00,23203.18,23215.89,23158.91,23191.63,527856
2026-02-04 13:05:00,23192.02,23226.66,23154.28,23154.67,521523
2026-02-04 13:10:00,23154.28,23192.59,23151.97,23180.85,321665
2026-02-04 13:15:00,23181.23,23196.64,23158.14,23163.14,226242
2026-02-04 13:20:00,23163.53,23214.73,23157.75,23214.15,334663
2026-02-04 13:25:00,23214.34,23274.41,23214.34,23267.09,495794
2026-02-04 13:30:00,23267.09,23267.86,23183.93,23202.79,446844
2026-02-04 13:35:00,23204.72,23232.05,23195.86,23221.66,262015
2026-02-04 13:40:00,23221.66,23263.62,23208.18,23216.66,276726
2026-02-04 13:45:00,23215.89,23223.97,23195.09,23195.09,261795
2026-02-04 13:50:00,23194.71,23238.6,23165.84,23231.67,335586
2026-02-04 13:55:00,23231.28,23281.72,23230.48,23248.99,416992
2026-02-04 14:00:00,23249.38,23265.55,23222.82,23225.51,410089
2026-02-04 14:05:00,23225.12,23240.91,23193.94,23232.12,510331
2026-02-04 14:10:00,23233.21,23248.61,23224.35,23232.05,23528275
2026-02-04 14:15:00,23231.28,23279.03,23229.74,23250.92,0
2026-02-04 14:20:00,23250.53,23269.78,23218.2,23254.0,395840
2026-02-04 14:25:00,23253.61,23289.42,23242.84,23286.34,469484
2026-02-04 14:30:00,23285.57,23324.5,23282.88,23322.53,565663
2026-02-04 14:35:00,23323.3,23334.08,23299.43,23312.52,396081
2026-02-04 14:40:00,23312.52,23362.18,23309.25,23344.09,564824
2026-02-04 14:45:00,23344.47,23424.17,23331.77,23381.63,765654
2026-02-04 14:50:00,23381.43,23423.02,23369.11,23393.37,565427
2026-02-04 14:55:00,23393.76,23429.17,23382.97,23420.13,448987
2026-02-04 15:00:00,23419.93,23432.26,23371.04,23381.82,648622
2026-02-04 15:05:00,23381.43,23401.65,23376.82,23399.14,243243
2026-02-04 15:10:00,23399.15,23405.5,23339.85,23365.27,507849
2026-02-04 15:15:00,23365.65,23377.2,23347.55,23367.77,242652
2026-02-04 15:20:00,23367.19,23394.91,23350.59,23387.21,404364
2026-02-04 15:25:00,23388.36,23404.53,23371.62,23377.2,264169
2026-02-04 15:30:00,23376.43,23394.14,23358.34,23381.24,309668
2026-02-04 15:35:00,23382.4,23404.92,23367.58,23401.07,488408
2026-02-04 15:40:00,23401.46,23413.01,23379.9,23382.78,373308
2026-02-04 15:45:00,23382.59,23405.27,23364.49,23398.76,426924
2026-02-04 15:50:00,23400.3,23408.77,23320.22,23324.84,731388
2026-02-04 15:55:00,23324.84,23333.83,23300.59,23316.37,1959774
2026-02-04 16:00:00,23318.68,23374.5,23205.14,23240.52,0
2026-02-04 16:05:00,23239.76,23365.65,23234.75,23341.78,0
2026-02-04 16:10:00,23341.78,23379.91,23321.38,23363.34,0
2026-02-04 16:15:00,23362.9,23372.98,23316.74,23350.21,0
2026-02-04 16:20:00,23353.33,23358.72,23317.14,23343.79,0
2026-02-04 16:25:00,23347.17,23370.7,23327.15,23361.61,0
2026-02-04 16:30:00,23359.49,23481.15,23354.87,23480.76,0
2026-02-04 16:35:00,23480.38,23488.08,23446.48,23465.75,0
2026-02-04 16:40:00,23468.83,23479.22,23449.58,23465.36,0
2026-02-04 16:45:00,23463.05,23481.15,23434.56,23446.5,0
2026-02-04 16:50:00,23443.29,23465.75,23425.32,23461.9,0
2026-02-04 16:55:00,23461.52,23463.44,23419.94,23426.1,0
2026-02-04 17:00:00,23420.7,23436.88,23420.7,23426.16,0
2026-02-04 17:05:00,23428.86,23431.48,23405.69,23414.16,0
2026-02-04 17:10:00,23414.16,23419.16,23396.84,23408.0,0
2026-02-04 17:15:00,23408.38,23411.85,23321.38,23408.0,0
2026-02-04 17:20:00,23404.54,23414.54,23398.38,23400.68,0
2026-02-04 17:25:00,23400.59,23404.54,23392.6,23393.37,0
2026-02-04 17:30:00,23398.95,23402.22,23391.25,23396.06,0
2026-02-04 17:35:00,23399.53,23402.61,23386.25,23386.37,0
2026-02-04 17:40:00,23383.74,23386.44,23349.86,23369.5,0
2026-02-04 17:45:00,23363.59,23387.21,23363.59,23375.28,0
2026-02-04 17:50:00,23375.28,23377.59,23321.38,23372.2,0
2026-02-04 17:55:00,23373.35,23377.59,23365.26,23372.37,0
2026-02-04 18:00:00,23377.59,23417.24,23374.12,23417.24,0
2026-02-04 18:05:00,23417.05,23424.94,23374.5,23390.3,0
2026-02-04 18:10:00,23396.45,23416.86,23384.9,23385.86,0
2026-02-04 18:15:00,23385.96,23402.22,23382.71,23389.84,0
2026-02-04 18:20:00,23388.36,23401.19,23382.13,23382.13,0
2026-02-04 18:25:00,23382.98,23408.0,23380.65,23407.23,0
2026-02-04 18:30:00,23409.16,23431.87,23405.32,23415.89,0
2026-02-04 18:35:00,23418.78,23418.78,23393.37,23393.75,0
2026-02-04 18:40:00,23392.22,23402.22,23379.5,23392.98,0
2026-02-04 18:45:00,23391.06,23404.92,23385.67,23399.12,0
2026-02-04 18:50:00,23403.76,23413.0,23395.62,23398.38,0
2026-02-04 18:55:00,23396.84,23396.84,23360.95,23381.63,0
2026-02-05 04:00:00,23328.3,23361.41,23322.14,23329.08,0
2026-02-05 04:05:00,23321.38,23339.09,23309.82,23316.76,0
2026-02-05 04:10:00,23318.68,23331.0,23305.98,23325.61,0
2026-02-05 04:15:00,23324.46,23331.38,23310.6,23325.61,0
2026-02-05 04:20:00,23326.38,23359.88,23326.38,23358.34,0
2026-02-05 04:25:00,23359.88,23386.82,23359.88,23386.82,0
2026-02-05 04:30:00,23389.52,23411.46,23389.52,23399.91,0
2026-02-05 04:35:00,23392.6,23392.6,23364.11,23364.11,0
2026-02-05 04:40:00,23365.65,23367.19,23352.56,23353.72,0
2026-02-05 04:45:00,23353.33,23360.64,23334.08,23346.4,0
2026-02-05 04:50:00,23352.95,23371.42,23350.64,23369.5,0
2026-02-05 04:55:00,23368.34,23377.2,23354.1,23355.64,0
2026-02-05 05:00:00,23349.48,23367.96,23348.71,23359.88,0
2026-02-05 05:05:00,23362.18,23362.18,23344.48,23356.8,0
2026-02-05 05:10:00,23366.42,23397.99,23366.42,23396.45,0
2026-02-05 05:15:00,23398.38,23404.54,23388.75,23400.3,0
2026-02-05 05:20:00,23399.91,23408.38,23391.45,23401.46,0
2026-02-05 05:25:00,23401.46,23409.92,23400.3,23403.38,0
2026-02-05 05:30:00,23404.92,23404.92,23369.5,23369.5,0
2026-02-05 05:35:00,23371.42,23380.66,23346.78,23352.18,0
2026-02-05 05:40:00,23354.87,23376.43,23350.25,23364.11,0
2026-02-05 05:45:00,23361.8,23372.58,23354.48,23367.19,0
2026-02-05 05:50:00,23362.96,23365.65,23354.1,23354.1,0
2026-02-05 05:55:00,23356.02,23361.41,23354.1,23356.02,0
2026-02-05 06:00:00,23351.79,23353.72,23336.78,23342.55,0
2026-02-05 06:05:00,23347.55,23359.88,23346.02,23359.88,0
2026-02-05 06:10:00,23356.41,23357.95,23349.86,23355.64,0
2026-02-05 06:15:00,23365.26,23373.74,23361.03,23361.03,0
2026-02-05 06:20:00,23367.19,23384.13,23367.19,23376.82,0
2026-02-05 06:25:00,23369.5,23369.88,23345.24,23348.71,0
2026-02-05 06:30:00,23346.78,23349.86,23315.6,23334.08,0
2026-02-05 06:35:00,23329.08,23345.63,23326.38,23337.93,0
2026-02-05 06:40:00,23328.69,23347.17,23323.3,23331.77,0
2026-02-05 06:45:00,23338.7,23349.48,23330.62,23346.78,0
2026-02-05 06:50:00,23346.78,23347.17,23334.46,23337.93,0
2026-02-05 06:55:00,23337.93,23353.72,23337.93,23349.48,0
2026-02-05 07:00:00,23353.72,23375.28,23327.92,23368.34,0
2026-02-05 07:05:00,23375.28,23375.28,23351.02,23351.79,0
2026-02-05 07:10:00,23352.95,23363.34,23343.7,23359.49,0
2026-02-05 07:15:00,23365.26,23365.26,23299.04,23299.04,0
2026-02-05 07:20:00,23300.59,23304.05,23225.51,23225.51,0
2026-02-05 07:25:00,23217.81,23255.16,23215.12,23236.29,0
2026-02-05 07:30:00,23234.75,23246.68,23177.0,23177.0,0
2026-02-05 07:35:00,23179.31,23192.02,23142.74,23163.52,0
2026-02-05 07:40:00,23166.6,23177.0,23092.3,23126.56,0
2026-02-05 07:45:00,23135.42,23140.04,23051.1,23071.9,0
2026-02-05 07:50:00,23076.9,23128.88,23076.9,23117.71,0
2026-02-05 07:55:00,23118.1,23138.5,23075.36,23128.49,0
2026-02-05 08:00:00,23325.95,23438.03,23052.26,23113.86,0
2026-02-05 08:05:00,23119.25,23435.72,23113.28,23167.38,0
2026-02-05 08:10:00,23166.22,23173.15,23128.3,23138.88,0
2026-02-05 08:15:00,23143.12,23157.75,23121.18,23124.83,0
2026-02-05 08:20:00,23124.26,23158.52,23124.26,23144.28,0
2026-02-05 08:25:00,23143.89,23146.59,23119.25,23131.57,0
2026-02-05 08:30:00,23132.72,23181.62,23101.54,23177.39,0
2026-02-05 08:35:00,23177.0,23201.26,23151.98,23151.98,0
2026-02-05 08:40:00,23151.61,23171.42,23144.24,23150.55,0
2026-02-05 08:45:00,23148.81,23321.38,23125.02,23134.65,0
2026-02-05 08:50:00,23131.38,23152.02,23098.08,23138.5,0
2026-02-05 08:55:00,23138.5,23141.2,23103.08,23106.93,0
2026-02-05 09:00:00,23106.54,23172.73,23075.74,23152.36,0
2026-02-05 09:05:00,23147.74,23160.45,23127.34,23130.61,0
2026-02-05 09:10:00,23129.64,23133.5,23101.6,23103.85,0
2026-02-05 09:15:00,23102.85,23115.78,23077.28,23097.05,0
2026-02-05 09:20:00,23093.8,23099.23,23065.35,23088.84,0
2026-02-05 09:25:00,23091.53,23115.98,23077.67,23109.59,0
2026-02-05 09:30:00,23108.09,23148.51,22997.97,23146.59,3885660
2026-02-05 09:35:00,23148.51,23230.9,23095.38,23228.97,1402865
2026-02-05 09:40:00,23230.52,23262.28,23175.08,23242.07,1138125
2026-02-05 09:45:00,23240.91,23265.93,23204.72,23254.77,960239
2026-02-05 09:50:00,23251.69,23285.18,23175.84,23195.48,685773
2026-02-05 09:55:00,23195.48,23206.65,23098.08,23108.85,984729
2026-02-05 10:00:00,23108.47,23138.5,23024.54,23047.26,1223620
2026-02-05 10:05:00,23049.29,23053.8,22989.12,23019.15,879974
2026-02-05 10:10:00,23018.9,23043.41,22910.58,22912.12,1106933
2026-02-05 10:15:00,22912.12,23002.21,22904.42,22987.2,1191573
2026-02-05 10:20:00,22984.89,23006.83,22930.98,22954.46,837372
2026-02-05 10:25:00,22953.32,23008.37,22911.35,22930.22,784259
2026-02-05 10:30:00,22929.83,22974.88,22907.11,22919.82,781468
2026-02-05 10:35:00,22920.97,23016.84,22916.74,23012.99,832205
2026-02-05 10:40:00,23011.84,23043.79,22970.64,23023.77,839961
2026-02-05 10:45:00,23019.92,23036.09,22923.28,22939.07,1306751
2026-02-05 10:50:00,22939.07,23002.59,22937.15,22950.62,804281
2026-02-05 10:55:00,22949.85,22984.11,22922.32,22982.58,584934
2026-02-05 11:00:00,22982.96,22998.74,22936.76,22937.53,715749
2026-02-05 11:05:00,22937.61,22959.86,22910.0,22912.89,553800
2026-02-05 11:10:00,22911.35,22961.02,22898.65,22906.73,748037
2026-02-05 11:15:00,22905.96,23030.7,22904.03,23021.46,932998
2026-02-05 11:20:00,23021.08,23080.75,23018.38,23071.7,925285
2026-02-05 11:25:00,23073.05,23121.17,23053.8,23117.33,833222
2026-02-05 11:30:00,23117.71,23158.91,23109.05,23150.82,1006927
2026-02-05 11:35:00,23152.36,23157.17,23120.79,23129.26,607887
2026-02-05 11:40:00,23129.26,23151.97,23100.77,23120.79,591680
2026-02-05 11:45:00,23120.02,23121.81,23071.9,23117.71,454962
2026-02-05 11:50:00,23117.71,23174.69,23117.71,23165.45,463334
2026-02-05 11:55:00,23166.6,23188.93,23127.34,23164.4,401299
2026-02-05 12:00:00,23163.53,23168.15,23083.56,23101.16,381009
2026-02-05 12:05:00,23100.39,23129.26,23091.53,23101.54,224654
2026-02-05 12:10:00,23101.54,23120.79,23076.9,23110.97,270333
2026-02-05 12:15:00,23111.16,23116.55,23090.76,23095.77,219887
2026-02-05 12:20:00,23092.3,23162.76,23064.23,23162.76,404057
2026-02-05 12:25:00,23163.14,23196.25,23162.37,23171.61,485123
2026-02-05 12:30:00,23172.38,23191.24,23138.11,23141.39,369575
2026-02-05 12:35:00,23140.42,23178.92,23132.57,23166.99,290718
2026-02-05 12:40:00,23166.99,23207.8,23160.83,23182.78,313001
2026-02-05 12:45:00,23183.16,23217.42,23136.96,23146.2,402894
2026-02-05 12:50:00,23145.04,23169.68,23120.02,23136.96,387281
2026-02-05 12:55:00,23134.27,23142.73,23106.54,23121.17,304607
2026-02-05 13:00:00,23118.86,23167.38,23117.33,23135.8,981142
2026-02-05 13:05:00,23134.27,23134.27,23098.08,23104.62,294753
2026-02-05 13:10:00,23103.85,23131.57,23086.14,23110.78,477004
2026-02-05 13:15:00,23110.16,23122.72,23088.84,23095.96,278266
2026-02-05 13:20:00,23096.16,23104.23,23052.65,23068.43,356190
2026-02-05 13:25:00,23069.97,23094.22,23058.44,23073.43,313408
2026-02-05 13:30:00,23071.9,23110.01,23069.2,23087.68,273432
2026-02-05 13:35:00,23086.53,23087.29,23053.03,23058.42,448627
2026-02-05 13:40:00,23056.49,23070.74,23036.47,23055.34,23681992
2026-02-05 13:45:00,23054.57,23066.51,23028.39,23037.24,0
2026-02-05 13:50:00,23034.16,23034.55,23007.22,23021.46,257640
2026-02-05 13:55:00,23022.61,23054.96,23007.22,23043.02,357866
2026-02-05 14:00:00,23042.25,23083.83,23029.16,23066.51,568003
2026-02-05 14:05:00,23065.76,23098.46,23061.89,23093.46,24512894
2026-02-05 14:10:00,23093.84,23151.21,23091.53,23137.34,0
2026-02-05 14:15:00,23137.73,23166.22,23130.03,23162.37,371347
2026-02-05 14:20:00,23163.14,23171.61,23148.9,23153.9,406043
2026-02-05 14:25:00,23154.28,23154.28,23098.08,23102.7,25785041
2026-02-05 14:30:00,23102.7,23102.7,23026.47,23062.66,0
2026-02-05 14:35:00,23063.42,23082.67,23044.17,23056.88,373476
2026-02-05 14:40:00,23057.27,23061.5,23033.01,23040.33,336650
2026-02-05 14:45:00,23040.33,23056.11,23024.54,23036.09,275025
2026-02-05 14:50:00,23037.24,23048.79,23017.22,23029.93,286058
2026-02-05 14:55:00,23030.7,23058.03,23026.08,23051.49,549063
2026-02-05 15:00:00,23053.8,23078.57,23036.47,23078.57,435282
2026-02-05 15:05:00,23076.13,23133.88,23063.81,23129.65,612149
2026-02-05 15:10:00,23128.49,23142.54,23083.83,23085.95,603574
2026-02-05 15:15:00,23086.53,23089.6,23034.93,23037.63,1035081
2026-02-05 15:20:00,23036.86,23041.09,22990.85,22999.9,495958
2026-02-05 15:25:00,22999.52,23003.75,22978.34,22984.5,552907
2026-02-05 15:30:00,22983.73,23002.21,22968.33,22975.65,655146
2026-02-05 15:35:00,22976.03,22993.55,22964.48,22988.35,650661
2026-02-05 15:40:00,22989.12,23018.77,22952.93,22962.94,638543
2026-02-05 15:45:00,22962.94,22968.72,22945.23,22959.47,542936
2026-02-05 15:50:00,22959.86,22979.11,22918.66,22969.1,1219224
2026-02-05 15:55:00,22968.33,23008.76,22961.4,22987.58,1437113
2026-02-05 16:00:00,22986.81,23060.73,22917.39,22922.9,0
2026-02-05 16:05:00,22925.6,22994.51,22905.58,22945.23,0
2026-02-05 16:10:00,22944.1,22985.66,22942.92,22954.66,0
2026-02-05 16:15:00,22955.24,22985.66,22887.48,22893.26,0
2026-02-05 16:20:00,22895.56,22906.73,22876.7,22895.18,0
2026-02-05 16:25:00,22895.18,22915.97,22892.05,22898.26,0
2026-02-05 16:30:00,22898.64,22985.66,22837.43,22838.37,0
2026-02-05 16:35:00,22841.28,22855.72,22808.94,22813.75,0
2026-02-05 16:40:00,22814.72,22831.66,22796.24,22822.57,0
2026-02-05 16:45:00,22823.96,22842.82,21297.98,22795.46,0
2026-02-05 16:50:00,22798.54,22818.95,22795.08,22799.32,0
2026-02-05 16:55:00,22801.43,22808.46,21474.5,22791.62,0
2026-02-05 17:00:00,22786.25,22985.66,22760.04,22760.08,0
2026-02-05 17:05:00,22760.62,22768.9,21297.98,22761.97,0
2026-02-05 17:10:00,22762.16,22771.6,22736.18,22738.1,0
2026-02-05 17:15:00,22738.1,22752.85,21810.94,22743.88,0
2026-02-05 17:20:00,22744.02,22759.66,22740.02,22759.66,0
2026-02-05 17:25:00,22759.66,22779.3,22746.18,22774.29,0
2026-02-05 17:30:00,22774.24,22783.14,22752.73,22753.42,0
2026-02-05 17:35:00,22752.34,22753.5,22741.95,22745.8,0
2026-02-05 17:40:00,22745.41,22745.8,22728.48,22734.25,0
2026-02-05 17:45:00,22737.14,22985.66,22726.16,22756.96,0
2026-02-05 17:50:00,22756.96,22760.07,22750.04,22754.46,0
2026-02-05 17:55:00,22754.62,22985.66,22736.95,22757.35,0
2026-02-05 18:00:00,22759.28,22808.91,22757.35,22805.09,0
2026-02-05 18:05:00,22805.01,22827.11,22802.38,22812.02,0
2026-02-05 18:10:00,22811.25,22812.79,22782.38,22796.62,0
2026-02-05 18:15:00,22798.16,22803.55,22771.54,22771.6,0
2026-02-05 18:20:00,22770.79,22772.36,22725.05,22735.4,0
2026-02-05 18:25:00,22738.1,22786.22,22738.1,22786.22,0
2026-02-05 18:30:00,22786.63,22790.84,22745.8,22751.22,0
2026-02-05 18:35:00,22750.39,22754.08,22716.17,22727.61,0
2026-02-05 18:40:00,22722.37,22737.33,22711.92,22717.31,0
2026-02-05 18:45:00,22715.38,22722.7,22692.28,22717.31,0
2026-02-05 18:50:00,22716.73,22721.93,22672.26,22673.2,0
2026-02-05 18:55:00,22671.88,22709.61,22666.88,22703.45,0
2026-02-06 04:00:00,22946.0,22965.25,22927.14,22932.14,0
2026-02-06 04:05:00,22929.83,22982.19,22923.67,22980.65,0
2026-02-06 04:10:00,22980.65,23013.38,22974.88,23013.38,0
2026-02-06 04:15:00,23010.68,23028.0,22988.74,23014.53,0
2026-02-06 04:20:00,23011.45,23052.26,23008.37,23049.18,0
2026-02-06 04:25:00,23052.26,23079.21,23046.87,23076.13,0
2026-02-06 04:30:00,23075.74,23126.18,23073.82,23123.1,0
2026-02-06 04:35:00,23119.25,23131.57,23108.47,23122.72,0
2026-02-06 04:40:00,23128.49,23130.41,23103.08,23122.72,0
2026-02-06 04:45:00,23125.41,23125.41,23088.45,23097.3,0
2026-02-06 04:50:00,23097.3,23119.64,23097.3,23117.32,0
2026-02-06 04:55:00,23114.63,23114.63,23093.84,23102.7,0
2026-02-06 05:00:00,23101.54,23101.92,23074.98,23074.98,0
2026-02-06 05:05:00,23074.98,23091.91,23067.66,23091.91,0
2026-02-06 05:10:00,23091.14,23092.3,23076.9,23088.06,0
2026-02-06 05:15:00,23088.06,23092.3,23076.9,23076.9,0
2026-02-06 05:20:00,23086.52,23102.7,23078.44,23080.75,0
2026-02-06 05:25:00,23082.68,23088.45,23069.2,23069.2,0
2026-02-06 05:30:00,23073.05,23083.06,23066.12,23083.06,0
2026-02-06 05:35:00,23082.29,23095.0,23082.29,23092.68,0
2026-02-06 05:40:00,23098.08,23114.24,23097.3,23100.0,0
2026-02-06 05:45:00,23100.0,23116.17,23094.22,23115.02,0
2026-02-06 05:50:00,23115.4,23126.18,23114.24,23123.48,0
2026-02-06 05:55:00,23126.18,23144.28,23125.41,23140.42,0
2026-02-06 06:00:00,23141.2,23175.08,23138.5,23157.75,0
2026-02-06 06:05:00,23161.6,23170.07,23145.82,23153.52,0
2026-02-06 06:10:00,23155.05,23172.76,23153.52,23161.98,0
2026-02-06 06:15:00,23170.84,23170.84,23158.52,23167.38,0
2026-02-06 06:20:00,23166.6,23175.08,23160.45,23164.3,0
2026-02-06 06:25:00,23161.22,23163.91,23149.66,23156.98,0
2026-02-06 06:30:00,23155.05,23180.85,23155.05,23168.91,0
2026-02-06 06:35:00,23166.22,23204.72,23163.52,23186.62,0
2026-02-06 06:40:00,23184.7,23198.56,23183.93,23183.93,0
2026-02-06 06:45:00,23185.09,23192.02,23178.54,23182.0,0
2026-02-06 06:50:00,23182.78,23189.7,23171.22,23189.7,0
2026-02-06 06:55:00,23190.86,23212.42,23188.94,23197.79,0
2026-02-06 07:00:00,23192.78,23199.72,23177.0,23182.39,0
2026-02-06 07:05:00,23183.97,23197.4,23172.38,23173.15,0
2026-02-06 07:10:00,23171.22,23173.92,23144.28,23144.66,0
2026-02-06 07:15:00,23144.28,23164.68,23129.64,23148.9,0
2026-02-06 07:20:00,23151.59,23157.75,23141.58,23144.66,0
2026-02-06 07:25:00,23140.81,23146.2,23134.65,23138.5,0
2026-02-06 07:30:00,23140.04,23162.37,23130.84,23130.84,0
2026-02-06 07:35:00,23133.11,23139.27,23120.4,23128.88,0
2026-02-06 07:40:00,23122.33,23153.9,23121.18,23137.34,0
2026-02-06 07:45:00,23137.34,23150.05,23136.58,23143.12,0
2026-02-06 07:50:00,23138.5,23138.5,23107.32,23107.7,0
2026-02-06 07:55:00,23111.55,23136.58,23111.55,23127.34,0
2026-02-06 08:00:00,23164.3,23210.89,22803.55,23115.02,0
2026-02-06 08:05:00,23115.4,23125.02,22804.32,23112.32,0
2026-02-06 08:10:00,23113.86,23149.66,23104.62,23146.39,0
2026-02-06 08:15:00,23143.12,23163.52,23127.34,23160.83,0
2026-02-06 08:20:00,23163.55,23184.7,23157.75,23182.58,0
2026-02-06 08:25:00,23186.62,23188.55,23157.75,23161.98,0
2026-02-06 08:30:00,23163.12,23192.4,23160.16,23169.3,0
2026-02-06 08:35:00,23167.38,23181.24,23124.64,23166.41,0
2026-02-06 08:40:00,23161.6,23174.69,23146.2,23152.74,0
2026-02-06 08:45:00,23151.99,23162.37,22985.66,23160.06,0
2026-02-06 08:50:00,23159.33,23160.45,23123.05,23136.5,0
2026-02-06 08:55:00,23136.0,23149.28,23130.21,23143.85,0
2026-02-06 09:00:00,23143.12,23146.2,23123.1,23134.26,0
2026-02-06 09:05:00,23136.19,23159.87,23128.88,23148.51,0
2026-02-06 09:10:00,23149.28,23149.66,23129.26,23137.54,0
2026-02-06 09:15:00,23140.23,23150.44,23128.1,23150.44,0
2026-02-06 09:20:00,23152.73,23152.74,23134.42,23139.66,0
2026-02-06 09:25:00,23137.73,23140.04,23082.68,23108.09,0
2026-02-06 09:30:00,23107.7,23224.74,23052.65,23197.6,3484996
2026-02-06 09:35:00,23198.17,23258.23,23162.37,23248.99,1233988
2026-02-06 09:40:00,23248.61,23262.85,23188.93,23192.4,540388
2026-02-06 09:45:00,23262.85,23284.03,23235.14,23267.47,1635502
2026-02-06 09:50:00,23267.86,23315.98,23243.99,23247.26,1142171
2026-02-06 09:55:00,23247.07,23247.07,23190.47,23195.48,795017
2026-02-06 10:00:00,23194.71,23204.34,23128.88,23145.82,760480
2026-02-06 10:05:00,23146.2,23189.71,23105.39,23133.11,1052922
2026-02-06 10:10:00,23134.27,23208.57,23111.93,23116.94,1097356
2026-02-06 10:15:00,23116.55,23202.03,23091.15,23190.86,1131197
2026-02-06 10:20:00,23191.63,23241.68,23150.82,23177.77,944415
2026-02-06 10:25:00,23177.39,23252.08,23168.15,23240.14,678415
2026-02-06 10:30:00,23240.53,23268.24,23199.33,23260.54,1062796
2026-02-06 10:35:00,23260.54,23268.24,23239.37,23249.38,430535
2026-02-06 10:40:00,23250.92,23280.57,23242.84,23257.08,361682
2026-02-06 10:55:00,23209.44,23238.22,23206.65,23233.4,2057060
2026-02-06 11:00:00,23233.21,23292.89,23219.35,23291.73,493607
2026-02-06 11:05:00,23292.5,23300.97,23279.79,23298.28,263113
2026-02-06 11:10:00,23331.0,23331.5,23325.8,23331.39,929783
2026-02-06 11:15:00,23320.8,23323.3,23317.53,23322.53,542366
2026-02-06 11:20:00,23334.85,23363.72,23327.92,23340.24,653581
2026-02-06 11:25:00,23340.24,23341.78,23310.21,23336.01,542541
2026-02-06 11:30:00,23335.62,23365.65,23333.31,23364.88,528140
2026-02-06 11:35:00,23364.88,23376.04,23354.48,23362.18,604955
2026-02-06 11:40:00,23361.8,23378.35,23339.47,23353.72,508259
2026-02-06 11:45:00,23354.48,23364.49,23344.47,23358.34,458393
2026-02-06 11:50:00,23358.34,23368.15,23353.72,23358.34,315559
2026-02-06 11:55:00,23357.57,23358.14,23310.21,23331.39,424451
2026-02-06 12:00:00,23331.39,23356.03,23318.29,23355.83,603591
2026-02-06 12:05:00,23356.41,23378.74,23356.41,23375.28,384635
2026-02-06 12:10:00,23375.28,23382.97,23352.56,23370.27,517368
2026-02-06 12:15:00,23369.89,23391.06,23355.25,23374.89,16220192
2026-02-06 12:20:00,23375.28,23375.66,23360.65,23371.81,0
2026-02-06 12:25:00,23372.39,23399.86,23371.81,23395.68,16600254
2026-02-06 12:30:00,23396.07,23421.86,23393.56,23413.01,0
2026-02-06 12:35:00,23413.01,23413.01,23366.03,23374.51,579644
2026-02-06 12:40:00,23373.35,23399.53,23371.81,23397.6,328768
2026-02-06 12:45:00,23397.99,23415.7,23397.22,23410.31,451313
2026-02-06 12:50:00,23410.7,23431.87,23397.99,23411.85,446136
2026-02-06 12:55:00,23411.85,23425.71,23408.39,23417.05,366780
2026-02-06 13:00:00,23417.62,23445.34,23417.24,23443.04,363110
2026-02-06 13:05:00,23442.65,23446.11,23420.28,23421.47,343919
2026-02-06 13:10:00,23427.25,23430.33,23425.71,23428.02,92794
2026-02-06 13:15:00,23420.9,23433.03,23406.46,23431.48,596510
2026-02-06 13:20:00,23431.48,23441.49,23418.4,23419.55,365506
2026-02-06 13:25:00,23419.16,23421.09,23401.07,23415.12,422522
2026-02-06 13:30:00,23414.93,23422.82,23407.23,23408.77,354405
2026-02-06 13:35:00,23408.77,23427.64,23408.58,23424.17,314677
2026-02-06 13:40:00,23424.36,23431.1,23416.85,23420.71,238308
2026-02-06 13:45:00,23420.71,23431.87,23418.78,23427.06,272308
2026-02-06 13:50:00,23427.25,23433.79,23419.55,23423.4,228411
2026-02-06 13:55:00,23423.4,23426.09,23408.39,23410.7,330847
2026-02-06 14:00:00,23410.31,23424.17,23406.84,23421.09,291668
2026-02-06 14:05:00,23421.47,23426.48,23411.85,23416.85,220834
2026-02-06 14:10:00,23416.47,23420.32,23401.57,23401.84,201997
2026-02-06 14:15:00,23401.84,23409.73,23392.98,23401.46,20253880
2026-02-06 14:20:00,23401.07,23429.17,23400.3,23425.71,0
2026-02-06 14:25:00,23425.33,23431.87,23420.32,23429.95,170703
2026-02-06 14:30:00,23429.56,23432.64,23418.78,23420.32,239874
2026-02-06 14:35:00,23420.71,23426.48,23415.7,23418.59,182798
2026-02-06 14:40:00,23418.01,23418.01,23401.46,23403.19,190587
2026-02-06 14:45:00,23403.38,23430.33,23401.84,23424.17,254353
2026-02-06 14:50:00,23423.78,23424.94,23414.93,23417.24,197403
2026-02-06 14:55:00,23417.24,23419.16,23396.07,23396.84,346219
2026-02-06 15:00:00,23396.84,23411.85,23383.36,23409.99,404498
2026-02-06 15:05:00,23410.31,23428.79,23409.16,23422.24,291620
2026-02-06 15:10:00,23421.47,23426.09,23417.24,23422.24,357742
2026-02-06 15:15:00,23422.24,23441.49,23421.47,23439.57,430980
2026-02-06 15:20:00,23440.34,23449.97,23435.72,23441.11,524337
2026-02-06 15:25:00,23441.49,23446.31,23432.64,23434.57,344859
2026-02-06 15:30:00,23434.18,23441.88,23426.48,23429.95,571910
2026-02-06 15:35:00,23429.95,23444.19,23425.71,23443.42,469891
2026-02-06 15:40:00,23443.61,23472.68,23442.65,23471.91,719470
2026-02-06 15:45:00,23472.29,23490.01,23470.37,23485.39,867128
2026-02-06 15:50:00,23485.39,23539.28,23481.15,23522.34,1647003
2026-02-06 15:55:00,23522.34,23524.27,23467.67,23470.76,2338044
2026-02-06 16:00:00,23469.98,23485.0,23170.07,23471.52,0
2026-02-06 16:05:00,23461.91,23475.38,23357.35,23454.59,0
2026-02-06 16:10:00,23453.82,23471.52,23447.66,23454.97,0
2026-02-06 16:15:00,23451.5,23471.52,23441.88,23453.04,0
2026-02-06 16:20:00,23452.28,23456.51,23436.49,23441.11,0
2026-02-06 16:25:00,23440.72,23444.19,23434.18,23435.91,0
2026-02-06 16:30:00,23436.1,23437.64,23428.97,23434.95,0
2026-02-06 16:45:00,23428.4,23429.95,23423.4,23423.4,0
2026-02-06 16:50:00,23423.38,23471.52,23417.24,23423.98,0
2026-02-06 16:55:00,23423.78,23436.1,23419.94,23434.18,0
2026-02-06 17:00:00,23433.8,23471.52,23429.23,23442.07,0
2026-02-06 17:05:00,23444.19,23451.5,23439.96,23446.03,0
2026-02-06 17:10:00,23447.66,23471.52,23445.73,23447.66,0
2026-02-06 17:15:00,23446.88,23446.88,23441.88,23442.65,0
2026-02-06 17:20:00,23443.42,23443.8,23431.48,23438.8,0
2026-02-06 17:25:00,23438.03,23440.72,23436.56,23438.8,0
2026-02-06 17:30:00,23438.8,23440.72,23436.1,23438.8,0
2026-02-06 17:35:00,23440.34,23440.72,23433.78,23435.72,0
2026-02-06 17:40:00,23436.85,23436.88,23434.18,23436.83,0
2026-02-06 17:45:00,23436.1,23436.88,23434.18,23436.88,0
2026-02-06 17:50:00,23436.76,23450.35,23434.18,23443.61,0
2026-02-06 17:55:00,23444.77,23448.04,23436.49,23438.61,0
2026-02-06 18:00:00,23438.61,23440.72,23436.92,23440.34,0
2026-02-06 18:05:00,23438.8,23443.61,23438.8,23443.42,0
2026-02-06 18:10:00,23440.78,23455.74,23440.72,23455.27,0
2026-02-06 18:15:00,23454.78,23471.52,23440.72,23453.96,0
2026-02-06 18:20:00,23449.39,23454.2,23446.5,23450.35,0
2026-02-06 18:25:00,23450.35,23450.35,23446.5,23448.04,0
2026-02-06 18:30:00,23448.23,23449.58,23446.88,23447.66,0
2026-02-06 18:35:00,23448.23,23450.35,23445.34,23450.35,0
2026-02-09 04:00:00,23486.16,23504.25,23485.0,23497.7,0
2026-02-09 04:05:00,23500.4,23508.48,23492.7,23498.48,0
2026-02-09 04:10:00,23496.94,23497.7,23483.84,23484.62,0
2026-02-09 04:15:00,23486.54,23492.7,23477.3,23489.62,0
2026-02-09 04:20:00,23490.78,23492.7,23478.07,23480.0,0
2026-02-09 04:25:00,23478.46,23490.0,23471.14,23481.15,0
2026-02-09 04:30:00,23482.3,23485.0,23467.29,23470.37,0
2026-02-09 04:35:00,23469.6,23473.06,23450.35,23451.5,0
2026-02-09 04:40:00,23449.96,23454.2,23442.26,23454.2,0
2026-02-09 04:45:00,23458.05,23463.44,23445.73,23447.27,0
2026-02-09 04:50:00,23442.65,23447.27,23432.64,23434.18,0
2026-02-09 04:55:00,23433.02,23433.02,23404.92,23413.0,0
2026-02-09 05:00:00,23418.01,23419.55,23391.83,23391.83,0
2026-02-09 05:05:00,23392.6,23406.08,23381.82,23402.61,0
2026-02-09 05:10:00,23406.08,23415.32,23404.15,23404.15,0
2026-02-09 05:15:00,23395.68,23395.68,23371.42,23381.05,0
2026-02-09 05:20:00,23382.59,23394.14,23375.28,23375.28,0
2026-02-09 05:25:00,23374.89,23377.97,23369.12,23369.88,0
2026-02-09 05:30:00,23367.96,23369.5,23331.0,23341.78,0
2026-02-09 05:35:00,23331.0,23342.16,23319.06,23323.3,0
2026-02-09 05:40:00,23325.61,23335.24,23305.59,23319.06,0
2026-02-09 05:45:00,23314.45,23349.1,23314.45,23349.1,0
2026-02-09 05:50:00,23350.25,23386.44,23350.25,23372.58,0
2026-02-09 05:55:00,23369.88,23384.9,23363.34,23377.2,0
2026-02-09 06:00:00,23375.66,23381.82,23369.5,23372.96,0
2026-02-09 06:05:00,23369.5,23377.97,23353.33,23377.97,0
2026-02-09 06:10:00,23380.66,23387.21,23366.8,23367.19,0
2026-02-09 06:15:00,23366.8,23374.89,23358.72,23361.41,0
2026-02-09 06:20:00,23362.18,23377.2,23361.41,23371.04,0
2026-02-09 06:25:00,23369.5,23398.76,23369.5,23398.76,0
2026-02-09 06:30:00,23392.98,23400.3,23379.12,23385.28,0
2026-02-09 06:35:00,23386.82,23394.14,23381.05,23387.98,0
2026-02-09 06:40:00,23385.67,23386.05,23374.89,23380.66,0
2026-02-09 06:45:00,23379.9,23384.13,23367.58,23378.74,0
2026-02-09 06:50:00,23383.74,23392.6,23379.12,23388.36,0
2026-02-09 06:55:00,23390.68,23391.06,23382.2,23384.52,0
2026-02-09 07:00:00,23383.36,23386.44,23350.25,23377.59,0
2026-02-09 07:05:00,23375.28,23415.7,23375.28,23415.7,0
2026-02-09 07:10:00,23417.24,23428.4,23416.86,23426.48,0
2026-02-09 07:15:00,23426.1,23426.1,23393.37,23411.46,0
2026-02-09 07:20:00,23417.62,23424.55,23414.93,23417.24,0
2026-02-09 07:25:00,23419.55,23424.55,23413.0,23421.86,0
2026-02-09 07:30:00,23418.78,23423.4,23409.54,23420.7,0
2026-02-09 07:35:00,23421.86,23428.02,23414.16,23426.86,0
2026-02-09 07:40:00,23429.18,23431.87,23408.0,23408.77,0
2026-02-09 07:45:00,23414.16,23425.32,23408.77,23418.01,0
2026-02-09 07:50:00,23416.09,23421.48,23415.32,23419.16,0
2026-02-09 07:55:00,23417.2,23428.4,23408.0,23428.4,0
2026-02-09 08:00:00,23484.28,23544.68,23304.82,23441.26,0
2026-02-09 08:05:00,23441.63,23543.9,23439.96,23468.06,0
2026-02-09 08:10:00,23468.45,23489.12,23459.2,23465.75,0
2026-02-09 08:15:00,23464.79,23464.79,23448.48,23455.36,0
2026-02-09 08:20:00,23454.2,23481.15,23454.2,23471.72,0
2026-02-09 08:25:00,23473.84,23473.84,23441.88,23449.2,0
2026-02-09 08:30:00,23449.64,23450.74,23426.48,23428.4,0
2026-02-09 08:35:00,23428.4,23437.26,23423.78,23436.88,0
2026-02-09 08:40:00,23437.26,23563.92,23427.87,23435.72,0
2026-02-09 08:45:00,23434.56,23471.52,23421.08,23432.26,0
2026-02-09 08:50:00,23431.59,23432.26,23408.0,23409.54,0
2026-02-09 08:55:00,23409.16,23417.62,23406.04,23409.09,0
2026-02-09 09:00:00,23413.78,23423.02,23403.73,23408.77,0
2026-02-09 09:05:00,23409.54,23411.46,23397.95,23403.38,0
2026-02-09 09:10:00,23401.84,23407.65,23387.21,23404.15,0
2026-02-09 09:15:00,23402.61,23410.72,23375.66,23379.51,0
2026-02-09 09:20:00,23381.05,23388.75,23372.2,23387.63,0
2026-02-09 09:25:00,23389.9,23410.7,23384.13,23389.14,0
2026-02-09 09:30:00,23390.29,23404.53,23295.2,23377.2,2402183
2026-02-09 09:35:00,23377.2,23453.04,23348.08,23452.47,992572
2026-02-09 09:40:00,23451.89,23477.68,23435.34,23475.38,1042038
2026-02-09 09:45:00,23474.99,23511.95,23449.97,23495.4,1013646
2026-02-09 09:50:00,23496.36,23498.09,23420.71,23448.89,654668
2026-02-09 09:55:00,23449.97,23473.84,23434.57,23441.11,520061
2026-02-09 10:00:00,23439.18,23488.08,23432.26,23486.92,566745
2026-02-09 10:05:00,23486.92,23533.9,23483.84,23519.29,667417
2026-02-09 10:10:00,23519.65,23538.13,23498.09,23534.28,591359
2026-02-09 10:15:00,23534.63,23561.61,23534.28,23561.61,586565
2026-02-09 10:20:00,23560.84,23571.24,23520.03,23528.89,614793
2026-02-09 10:25:00,23528.51,23533.12,23490.2,23504.64,704302
2026-02-09 10:30:00,23505.41,23564.7,23503.86,23562.39,575934
2026-02-09 10:35:00,23562.39,23590.88,23559.69,23565.47,473606
2026-02-09 10:40:00,23564.31,23582.41,23562.39,23581.64,312007
2026-02-09 10:45:00,23581.64,23605.12,23575.09,23604.35,400724
2026-02-09 10:50:00,23604.73,23614.74,23593.38,23608.59,405424
2026-02-09 10:55:00,23608.97,23640.92,23605.51,23625.53,467408
2026-02-09 11:00:00,23625.14,23639.39,23622.83,23634.38,465323
2026-02-09 11:05:00,23634.77,23637.84,23619.75,23630.15,307356
2026-02-09 11:10:00,23630.15,23647.09,23624.37,23644.05,357449
2026-02-09 11:15:00,23644.01,23653.63,23631.3,23632.84,378432
2026-02-09 11:20:00,23632.84,23650.93,23627.84,23648.24,279588
2026-02-09 11:25:00,23647.85,23667.88,23642.47,23666.34,252096
2026-02-09 11:30:00,23665.95,23670.57,23658.44,23662.87,321903
2026-02-09 11:35:00,23663.26,23667.1,23651.71,23662.87,229712
2026-02-09 11:40:00,23663.64,23676.34,23662.48,23675.0,282724
2026-02-09 11:45:00,23675.19,23698.67,23674.8,23693.42,385394
2026-02-09 11:50:00,23693.67,23709.84,23690.4,23702.14,314850
2026-02-09 11:55:00,23702.53,23711.77,23695.59,23699.83,259024
2026-02-09 12:00:00,23698.67,23714.46,23691.74,23709.65,293336
2026-02-09 12:05:00,23709.84,23714.46,23702.16,23710.8,265086
2026-02-09 12:10:00,23710.99,23723.32,23708.69,23716.0,294229
2026-02-09 12:15:00,23715.61,23722.16,23713.69,23717.54,235257
2026-02-09 12:20:00,23717.16,23717.16,23699.45,23702.14,264414
2026-02-09 12:25:00,23702.14,23705.41,23688.28,23692.52,273170
2026-02-09 12:30:00,23693.09,23699.81,23686.35,23694.44,169789
2026-02-09 12:35:00,23693.48,23708.68,23688.28,23691.74,224162
2026-02-09 12:40:00,23691.74,23693.28,23682.89,23689.24,224792
2026-02-09 12:45:00,23689.43,23695.21,23680.77,23692.13,170106
2026-02-09 12:50:00,23692.52,23692.52,23679.04,23683.08,225786
2026-02-09 12:55:00,23683.28,23683.28,23662.1,23667.1,282810
2026-02-09 13:00:00,23666.72,23688.28,23656.71,23678.66,347482
2026-02-09 13:05:00,23679.04,23689.05,23666.72,23685.39,261051
2026-02-09 13:10:00,23685.58,23691.36,23672.49,23683.28,208833
2026-02-09 13:15:00,23683.66,23690.59,23675.19,23684.24,188201
2026-02-09 13:20:00,23684.04,23689.43,23626.68,23670.96,757404
2026-02-09 13:25:00,23670.57,23670.96,23645.93,23654.4,479640
2026-02-09 13:30:00,23654.4,23681.35,23643.62,23674.8,362646
2026-02-09 13:35:00,23674.8,23685.2,23668.65,23681.35,241686
2026-02-09 13:40:00,23682.07,23695.98,23676.34,23690.4,259214
2026-02-09 13:45:00,23690.21,23697.52,23678.46,23680.58,221824
2026-02-09 13:50:00,23680.58,23692.52,23675.19,23684.43,314479
2026-02-09 13:55:00,23683.53,23689.05,23674.42,23680.2,196276
2026-02-09 14:00:00,23679.81,23705.22,23675.19,23703.1,418528
2026-02-09 14:05:00,23703.29,23703.68,23685.59,23685.97,399398
2026-02-09 14:10:00,23685.97,23705.99,23685.97,23704.81,255635
2026-02-09 14:15:00,23704.07,23713.69,23702.53,23707.15,266650
2026-02-09 14:20:00,23706.77,23721.39,23701.76,23718.31,361040
2026-02-09 14:25:00,23717.92,23729.86,23716.55,23725.82,218848
2026-02-09 14:30:00,23725.62,23732.55,23720.23,23726.78,332354
2026-02-09 14:35:00,23727.16,23733.71,23724.09,23731.78,160152
2026-02-09 14:40:00,23731.02,23731.4,23720.43,23722.93,135689
2026-02-09 14:45:00,23722.54,23726.78,23714.08,23721.39,141424
2026-02-09 14:50:00,23721.78,23723.89,23710.99,23716.0,129267
2026-02-09 14:55:00,23716.0,23719.47,23706.38,23707.15,174569
2026-02-09 15:00:00,23707.53,23717.92,23702.14,23710.99,523552
2026-02-09 15:05:00,23710.61,23720.23,23710.42,23713.69,156098
2026-02-09 15:10:00,23714.08,23717.92,23709.46,23709.65,178617
2026-02-09 15:15:00,23708.68,23709.65,23695.59,23699.83,453002
2026-02-09 15:20:00,23699.83,23701.76,23682.89,23687.7,331229
2026-02-09 15:25:00,23687.9,23688.86,23666.34,23674.8,380635
2026-02-09 15:30:00,23674.42,23680.2,23662.1,23662.1,416514
2026-02-09 15:35:00,23661.72,23677.89,23647.09,23676.54,507948
2026-02-09 15:40:00,23675.96,23688.28,23665.95,23676.78,539860
2026-02-09 15:45:00,23676.73,23685.2,23676.15,23682.89,660151
2026-02-09 15:50:00,23682.89,23701.37,23659.02,23666.53,837675
2026-02-09 15:55:00,23665.18,23689.05,23651.32,23651.32,1192759
2026-02-09 16:00:00,23651.7,23671.55,23651.32,23658.25,0
2026-02-09 16:05:00,23657.12,23673.65,23655.17,23672.11,0
2026-02-09 16:10:00,23671.34,23684.82,23651.32,23681.97,0
2026-02-09 16:15:00,23682.12,23683.66,23651.32,23671.53,0
2026-02-09 16:20:00,23670.96,23676.34,23670.42,23675.21,0
2026-02-09 16:25:00,23674.23,23677.12,23670.96,23676.15,0
2026-02-09 16:30:00,23674.8,23679.78,23674.8,23679.04,0
2026-02-09 16:35:00,23678.67,23682.89,23673.31,23676.73,0
2026-02-09 16:40:00,23677.5,23681.35,23675.61,23680.58,0
2026-02-09 16:45:00,23680.96,23682.12,23674.04,23675.96,0
2026-02-09 16:50:00,23675.96,23679.04,23673.65,23674.42,0
2026-02-09 16:55:00,23674.04,23679.42,23651.32,23674.39,0
2026-02-09 17:00:00,23675.19,23678.27,23651.32,23673.26,0
2026-02-09 17:05:00,23672.14,23673.6,23669.41,23671.92,0
2026-02-09 17:10:00,23671.72,23677.12,23670.18,23672.5,0
2026-02-09 17:15:00,23671.72,23673.65,23651.32,23670.18,0
2026-02-09 17:20:00,23670.18,23671.49,23669.8,23671.29,0
2026-02-09 17:25:00,23670.96,23671.34,23667.3,23668.64,0
2026-02-09 17:30:00,23667.88,23671.34,23665.95,23668.64,0
2026-02-09 17:35:00,23668.64,23673.65,23667.49,23669.8,0
2026-02-09 17:40:00,23672.88,23673.65,23666.72,23668.84,0
2026-02-09 17:45:00,23669.03,23673.65,23668.45,23672.88,0
2026-02-09 17:50:00,23672.17,23678.66,23672.17,23676.34,0
2026-02-09 17:55:00,23677.12,23679.04,23675.19,23677.5,0
2026-02-09 18:00:00,23679.04,23700.98,23678.66,23700.98,0
2026-02-09 18:05:00,23701.37,23702.92,23690.59,23692.9,0
2026-02-09 18:10:00,23693.09,23694.81,23659.6,23669.03,0
2026-02-09 18:15:00,23669.37,23669.8,23657.48,23669.41,0
2026-02-09 18:20:00,23669.41,23670.76,23654.4,23657.52,0
2026-02-09 18:25:00,23657.45,23668.26,23655.17,23665.11,0
2026-02-09 18:30:00,23662.52,23662.87,23649.01,23660.95,0
2026-02-09 18:35:00,23660.54,23665.95,23654.62,23663.26,0
2026-02-09 18:40:00,23665.6,23681.97,23664.02,23677.31,0
2026-02-09 18:45:00,23675.96,23675.96,23650.94,23652.24,0
2026-02-09 18:50:00,23652.42,23658.25,23643.97,23657.29,0
2026-02-09 18:55:00,23656.75,23659.6,23648.66,23657.48,0
2026-02-10 04:00:00,23652.86,23677.5,23651.7,23677.5,0
2026-02-10 04:05:00,23680.2,23692.9,23680.2,23692.9,0
2026-02-10 04:10:00,23694.44,23695.21,23689.44,23692.9,0
2026-02-10 04:15:00,23696.75,23712.54,23696.75,23712.54,0
2026-02-10 04:20:00,23710.22,23712.92,23705.22,23712.92,0
2026-02-10 04:25:00,23713.3,23714.46,23706.76,23708.3,0
2026-02-10 04:30:00,23704.45,23709.07,23697.52,23700.22,0
2026-02-10 04:35:00,23700.6,23708.68,23698.29,23708.68,0
2026-02-10 04:40:00,23705.6,23708.68,23699.45,23701.76,0
2026-02-10 04:45:00,23697.9,23697.9,23681.74,23689.05,0
2026-02-10 04:50:00,23687.12,23687.12,23670.96,23679.04,0
2026-02-10 04:55:00,23679.81,23679.81,23675.19,23678.27,0
2026-02-10 05:00:00,23680.58,23680.58,23660.95,23664.8,0
2026-02-10 05:05:00,23665.18,23677.12,23665.18,23675.58,0
2026-02-10 05:10:00,23673.65,23680.96,23670.57,23680.96,0
2026-02-10 05:15:00,23680.2,23681.35,23665.56,23672.88,0
2026-02-10 05:20:00,23672.11,23677.5,23671.72,23675.19,0
2026-02-10 05:25:00,23677.5,23679.42,23675.19,23676.34,0
2026-02-10 05:30:00,23674.8,23677.12,23660.18,23669.41,0
2026-02-10 05:35:00,23674.8,23675.19,23669.03,23670.96,0
2026-02-10 05:40:00,23671.72,23671.72,23662.87,23667.49,0
2026-02-10 05:45:00,23666.72,23678.27,23666.72,23675.19,0
2026-02-10 05:50:00,23679.81,23687.12,23677.12,23677.12,0
2026-02-10 05:55:00,23677.88,23679.42,23665.18,23669.41,0
2026-02-10 06:00:00,23667.49,23668.26,23654.4,23668.26,0
2026-02-10 06:05:00,23661.33,23662.1,23654.02,23654.02,0
2026-02-10 06:10:00,23652.48,23665.95,23650.55,23663.26,0
2026-02-10 06:15:00,23663.64,23665.95,23663.64,23664.8,0
2026-02-10 06:20:00,23665.18,23675.58,23665.18,23672.5,0
2026-02-10 06:25:00,23674.04,23677.5,23669.8,23670.18,0
2026-02-10 06:30:00,23669.41,23676.34,23669.41,23669.8,0
2026-02-10 06:35:00,23670.96,23678.27,23670.57,23678.27,0
2026-02-10 06:40:00,23677.5,23682.5,23676.73,23677.5,0
2026-02-10 06:45:00,23675.96,23679.04,23673.65,23679.04,0
2026-02-10 06:50:00,23680.96,23685.59,23679.04,23681.74,0
2026-02-10 06:55:00,23684.82,23688.66,23683.28,23688.28,0
2026-02-10 07:00:00,23688.66,23704.84,23684.39,23704.84,0
2026-02-10 07:05:00,23702.14,23709.84,23691.74,23692.9,0
2026-02-10 07:10:00,23692.9,23704.06,23692.13,23704.06,0
2026-02-10 07:15:00,23708.68,23712.54,23707.14,23707.91,0
2026-02-10 07:20:00,23710.61,23717.92,23704.45,23717.54,0
2026-02-10 07:25:00,23717.54,23725.62,23716.77,23725.62,0
2026-02-10 07:30:00,23727.55,23732.94,23721.0,23721.39,0
2026-02-10 07:35:00,23717.54,23717.54,23696.36,23700.6,0
2026-02-10 07:40:00,23699.83,23700.6,23673.65,23688.28,0
2026-02-10 07:45:00,23681.35,23687.51,23669.8,23684.04,0
2026-02-10 07:50:00,23680.58,23682.89,23660.95,23662.87,0
2026-02-10 07:55:00,23660.18,23673.65,23654.78,23656.32,0
2026-02-10 08:00:00,23685.59,23732.18,23612.82,23633.61,0
2026-02-10 08:05:00,23650.94,23652.09,23617.43,23625.91,0
2026-02-10 08:10:00,23624.76,23640.92,23612.05,23638.62,0
2026-02-10 08:15:00,23637.65,23655.94,23626.3,23645.16,0
2026-02-10 08:20:00,23644.78,23657.48,23639.0,23642.27,0
2026-02-10 08:25:00,23645.35,23652.86,23643.24,23648.69,0
2026-02-10 08:30:00,23648.62,23670.18,23622.83,23664.41,0
2026-02-10 08:35:00,23665.18,23668.26,23646.7,23654.4,0
2026-02-10 08:40:00,23655.55,23669.81,23655.55,23664.8,0
2026-02-10 08:45:00,23665.95,23682.89,23651.32,23667.49,0
2026-02-10 08:50:00,23669.41,23681.74,23664.02,23675.94,0
2026-02-10 08:55:00,23674.04,23687.53,23673.26,23686.72,0
2026-02-10 09:00:00,23684.82,23695.99,23681.22,23691.36,0
2026-02-10 09:05:00,23691.74,23696.75,23687.12,23696.36,0
2026-02-10 09:10:00,23697.14,23697.52,23686.74,23694.82,0
2026-02-10 09:15:00,23696.75,23708.39,23695.21,23705.27,0
2026-02-10 09:20:00,23704.06,23707.91,23436.1,23704.84,0
2026-02-10 09:25:00,23706.38,23710.61,23689.8,23689.8,0
2026-02-10 09:30:00,23689.24,23721.39,23663.26,23678.27,2426545
2026-02-10 09:35:00,23678.27,23692.13,23618.59,23643.62,1152183
2026-02-10 09:40:00,23644.78,23651.32,23586.26,23626.1,997785
2026-02-10 09:45:00,23627.45,23631.3,23577.4,23598.58,801334
2026-02-10 09:50:00,23598.19,23681.73,23595.11,23680.97,955258
2026-02-10 09:55:00,23681.73,23718.7,23673.27,23705.6,844436
2026-02-10 10:00:00,23704.07,23716.0,23693.48,23713.29,642855
2026-02-10 10:05:00,23713.3,23754.11,23704.84,23744.49,856143
2026-02-10 10:10:00,23744.49,23755.27,23672.49,23704.07,868923
2026-02-10 10:15:00,23702.91,23725.62,23677.5,23718.31,688935
2026-02-10 10:20:00,23719.47,23737.17,23687.51,23689.82,566617
2026-02-10 10:25:00,23689.43,23726.78,23684.04,23713.3,596503
2026-02-10 10:30:00,23712.53,23746.8,23699.83,23717.35,431568
2026-02-10 10:35:00,23717.54,23722.93,23695.98,23703.49,384091
2026-02-10 10:40:00,23703.29,23725.62,23702.99,23723.12,343602
2026-02-10 10:45:00,23724.28,23738.72,23696.75,23708.37,390856
2026-02-10 10:50:00,23707.72,23715.23,23684.82,23701.37,402584
2026-02-10 10:55:00,23700.6,23707.91,23663.64,23687.9,561012
2026-02-10 11:00:00,23688.66,23711.77,23681.35,23700.98,287062
2026-02-10 11:05:00,23699.45,23703.29,23665.95,23665.95,626972
2026-02-10 11:10:00,23666.34,23700.6,23666.14,23689.82,303416
2026-02-10 11:15:00,23689.43,23706.76,23663.64,23696.75,388642
2026-02-10 11:20:00,23695.21,23699.06,23648.24,23666.34,564098
2026-02-10 11:25:00,23665.95,23685.59,23657.09,23665.57,362645
2026-02-10 11:30:00,23664.03,23665.95,23645.54,23655.75,419937
2026-02-10 11:35:00,23655.55,23675.96,23645.16,23654.4,330509
2026-02-10 11:40:00,23653.24,23663.26,23641.7,23646.32,296555
2026-02-10 11:45:00,23645.93,23680.2,23645.93,23652.86,303397
2026-02-10 11:50:00,23653.24,23658.64,23634.19,23654.59,336552
2026-02-10 11:55:00,23654.4,23662.1,23637.84,23644.39,241604
2026-02-10 12:00:00,23643.62,23648.62,23623.98,23635.73,327852
2026-02-10 12:05:00,23636.3,23664.79,23635.53,23662.1,272810
2026-02-10 12:10:00,23662.87,23681.73,23661.33,23678.27,275931
2026-02-10 12:15:00,23678.66,23697.91,23674.42,23695.02,335112
2026-02-10 12:20:00,23695.21,23696.36,23671.34,23680.97,341793
2026-02-10 12:25:00,23680.77,23691.74,23678.66,23680.97,179548
2026-02-10 12:30:00,23680.58,23691.74,23672.88,23683.28,159686
2026-02-10 12:35:00,23683.28,23685.97,23668.26,23675.46,210768
2026-02-10 12:40:00,23675.96,23695.59,23675.19,23689.82,240552
2026-02-10 12:45:00,23689.43,23708.3,23689.43,23694.05,223111
2026-02-10 12:50:00,23694.05,23709.46,23689.82,23701.37,203613
2026-02-10 12:55:00,23701.56,23703.29,23690.97,23696.36,143450
2026-02-10 13:00:00,23695.98,23697.14,23678.66,23685.59,10233237
2026-02-10 13:05:00,23685.2,23686.74,23666.34,23675.19,0
2026-02-10 13:10:00,23675.19,23677.89,23659.02,23661.33,175843
2026-02-10 13:15:00,23661.33,23664.03,23631.3,23642.75,293387
2026-02-10 13:20:00,23642.47,23654.02,23620.14,23641.31,323019
2026-02-10 13:25:00,23642.08,23642.85,23608.59,23611.66,264560
2026-02-10 13:30:00,23611.28,23625.53,23592.8,23602.81,538154
2026-02-10 13:35:00,23602.04,23624.37,23595.3,23617.83,426540
2026-02-10 13:40:00,23617.83,23626.49,23612.05,23617.05,289343
2026-02-10 13:45:00,23617.44,23618.21,23596.65,23605.89,256375
2026-02-10 13:50:00,23606.28,23616.67,23597.03,23598.58,227994
2026-02-10 13:55:00,23598.96,23640.16,23597.42,23630.91,381112
2026-02-10 14:00:00,23630.91,23640.16,23619.36,23620.91,355226
2026-02-10 14:05:00,23620.91,23625.53,23605.89,23612.63,261718
2026-02-10 14:10:00,23613.21,23623.6,23605.51,23619.36,208120
2026-02-10 14:15:00,23619.36,23620.14,23596.27,23602.94,191915
2026-02-10 14:20:00,23603.58,23623.6,23602.81,23621.41,189050
2026-02-10 14:25:00,23621.29,23623.22,23607.82,23618.59,129982
2026-02-10 14:30:00,23619.36,23630.91,23610.51,23611.66,217517
2026-02-10 14:35:00,23611.28,23622.83,23610.12,23614.36,173744
2026-02-10 14:40:00,23613.78,23620.52,23595.49,23602.04,214562
2026-02-10 14:45:00,23602.42,23612.43,23597.03,23610.12,200388
2026-02-10 14:50:00,23609.74,23611.28,23598.96,23602.81,168110
2026-02-10 14:55:00,23603.58,23623.21,23602.04,23614.36,363028
2026-02-10 15:00:00,23613.59,23615.9,23589.34,23593.57,443721
2026-02-10 15:05:00,23593.18,23598.96,23583.56,23590.49,14883864
2026-02-10 15:10:00,23590.1,23591.65,23567.39,23573.55,0
2026-02-10 15:15:00,23573.16,23593.18,23571.24,23589.14,302981
2026-02-10 15:20:00,23589.14,23595.88,23578.17,23578.55,306506
2026-02-10 15:25:00,23578.17,23585.1,23567.01,23576.05,292889
2026-02-10 15:30:00,23575.47,23589.34,23563.54,23568.54,277504
2026-02-10 15:35:00,23568.54,23569.32,23553.15,23555.07,313806
2026-02-10 15:40:00,23555.84,23572.59,23553.53,23570.85,320592
2026-02-10 15:45:00,23571.24,23586.26,23566.62,23585.48,499945
2026-02-10 15:50:00,23584.72,23585.1,23543.52,23550.45,1186436
2026-02-10 15:55:00,23550.45,23553.15,23523.89,23542.36,1749147
2026-02-10 16:00:00,23541.21,23558.54,23533.12,23556.61,0
2026-02-10 16:05:00,23556.61,23561.82,23552.76,23554.3,0
2026-02-10 16:10:00,23556.24,23560.46,23541.6,23557.0,0
2026-02-10 16:15:00,23556.61,23560.65,23541.6,23554.3,0
2026-02-10 16:20:00,23553.34,23558.33,23549.3,23556.61,0
2026-02-10 16:25:00,23556.22,23558.15,23553.14,23555.07,0
2026-02-10 16:30:00,23554.68,23560.27,23553.91,23554.68,0
2026-02-10 16:35:00,23555.07,23560.46,23554.68,23557.37,0
2026-02-10 16:40:00,23559.3,23565.85,23556.8,23565.85,0
2026-02-10 16:45:00,23566.24,23569.52,23563.16,23565.85,0
2026-02-10 16:50:00,23566.81,23574.7,23541.6,23571.62,0
2026-02-10 16:55:00,23571.62,23577.8,23571.24,23575.91,0
2026-02-10 17:00:00,23577.4,23578.81,23541.6,23568.93,0
2026-02-10 17:05:00,23568.93,23573.55,23541.6,23568.16,0
2026-02-10 17:10:00,23568.35,23568.93,23563.16,23564.7,0
2026-02-10 17:15:00,23564.7,23564.7,23555.07,23562.38,0
2026-02-10 17:20:00,23563.16,23568.93,23562.38,23566.98,0
2026-02-10 17:25:00,23566.04,23568.21,23563.92,23566.04,0
2026-02-10 17:30:00,23566.04,23568.16,23563.92,23563.92,0
2026-02-10 17:35:00,23566.04,23568.05,23563.92,23564.31,0
2026-02-10 17:40:00,23564.31,23567.39,23563.92,23564.46,0
2026-02-10 17:45:00,23563.93,23565.85,23561.62,23565.46,0
2026-02-10 17:50:00,23561.62,23563.92,23558.92,23560.46,0
2026-02-10 17:55:00,23562.0,23564.7,23557.0,23559.69,0
2026-02-10 18:00:00,23565.08,23594.72,23565.08,23590.1,0
2026-02-10 18:05:00,23589.35,23594.33,23589.35,23592.07,0
2026-02-10 18:10:00,23591.68,23595.14,23588.14,23595.14,0
2026-02-10 18:15:00,23596.65,23603.58,23595.11,23601.27,0
2026-02-10 18:20:00,23600.12,23603.2,23598.58,23599.73,0
2026-02-10 18:25:00,23599.73,23601.66,23594.72,23596.07,0
2026-02-10 18:30:00,23595.88,23597.35,23590.49,23590.88,0
2026-02-10 18:35:00,23590.88,23593.96,23587.8,23593.96,0
2026-02-10 18:40:00,23593.02,23599.15,23589.57,23598.93,0
2026-02-10 18:45:00,23597.04,23600.5,23594.36,23596.65,0
2026-02-10 18:50:00,23595.5,23598.07,23591.64,23591.64,0
2026-02-10 18:55:00,23592.76,23594.92,23591.26,23592.76,0
2026-02-11 04:00:00,23571.24,23593.18,23567.78,23591.26,0
2026-02-11 04:05:00,23590.1,23598.58,23590.1,23593.57,0
2026-02-11 04:10:00,23595.88,23600.5,23581.25,23581.25,0
2026-02-11 04:15:00,23582.79,23585.87,23572.4,23576.63,0
2026-02-11 04:20:00,23570.09,23572.01,23563.92,23566.62,0
2026-02-11 04:25:00,23567.39,23578.55,23567.39,23578.55,0
2026-02-11 04:30:00,23574.32,23574.32,23553.14,23556.22,0
2026-02-11 04:35:00,23556.61,23557.0,23535.05,23536.98,0
2026-02-11 04:40:00,23533.12,23540.82,23533.12,23535.44,0
2026-02-11 04:45:00,23542.75,23549.3,23540.82,23545.06,0
2026-02-11 04:50:00,23544.68,23556.22,23543.52,23556.22,0
2026-02-11 04:55:00,23554.68,23554.68,23534.28,23534.28,0
2026-02-11 05:00:00,23531.2,23531.2,23480.76,23492.7,0
2026-02-11 05:05:00,23492.7,23501.94,23481.15,23481.15,0
2026-02-11 05:10:00,23488.46,23505.79,23488.46,23492.7,0
2026-02-11 05:15:00,23496.55,23505.02,23495.4,23504.25,0
2026-02-11 05:20:00,23500.4,23518.5,23500.4,23516.18,0
2026-02-11 05:25:00,23517.72,23525.81,23514.26,23517.72,0
2026-02-11 05:30:00,23519.26,23519.26,23511.95,23512.72,0
2026-02-11 05:35:00,23515.8,23519.65,23506.95,23516.57,0
2026-02-11 05:40:00,23523.5,23523.5,23515.8,23518.88,0
2026-02-11 05:45:00,23514.64,23514.64,23498.86,23502.71,0
2026-02-11 05:50:00,23505.02,23508.1,23496.94,23500.4,0
2026-02-11 05:55:00,23508.1,23531.59,23508.1,23531.59,0
2026-02-11 06:00:00,23535.44,23553.91,23534.28,23553.91,0
2026-02-11 06:05:00,23554.3,23558.15,23546.6,23546.6,0
2026-02-11 06:10:00,23546.98,23548.52,23542.75,23542.75,0
2026-02-11 06:15:00,23544.68,23562.0,23544.68,23560.08,0
2026-02-11 06:20:00,23562.0,23565.85,23560.46,23563.92,0
2026-02-11 06:25:00,23562.38,23571.62,23562.38,23571.62,0
2026-02-11 06:30:00,23573.55,23574.7,23567.78,23572.01,0
2026-02-11 06:35:00,23569.7,23570.47,23561.62,23565.08,0
2026-02-11 06:40:00,23560.46,23560.46,23543.14,23546.6,0
2026-02-11 06:45:00,23548.52,23564.31,23542.75,23550.45,0
2026-02-11 06:50:00,23556.61,23563.92,23556.61,23563.92,0
2026-02-11 06:55:00,23557.76,23557.76,23538.52,23540.44,0
2026-02-11 07:00:00,23537.36,23576.24,23537.36,23563.16,0
2026-02-11 07:05:00,23563.54,23583.56,23562.0,23583.56,0
2026-02-11 07:10:00,23584.29,23598.58,23582.79,23594.76,0
2026-02-11 07:15:00,23594.72,23594.72,23578.94,23578.94,0
2026-02-11 07:20:00,23579.32,23593.18,23579.32,23590.1,0
2026-02-11 07:25:00,23587.02,23588.95,23576.63,23581.64,0
2026-02-11 07:30:00,23580.1,23582.4,23569.7,23569.7,0
2026-02-11 07:35:00,23575.86,23581.25,23563.54,23577.78,0
2026-02-11 07:40:00,23576.24,23576.24,23568.54,23570.47,0
2026-02-11 07:45:00,23573.55,23573.55,23558.15,23562.77,0
2026-02-11 07:50:00,23564.7,23566.62,23553.53,23553.53,0
2026-02-11 07:55:00,23552.38,23571.62,23550.84,23571.62,0
2026-02-11 08:00:00,23576.58,23640.92,23482.27,23569.12,0
2026-02-11 08:05:00,23541.6,23580.1,23541.6,23567.78,0
2026-02-11 08:10:00,23567.35,23574.7,23561.62,23573.94,0
2026-02-11 08:15:00,23574.7,23594.34,23572.4,23594.34,0
2026-02-11 08:20:00,23592.03,23593.57,23574.44,23577.02,0
2026-02-11 08:25:00,23580.48,23584.33,23566.62,23570.09,0
2026-02-11 08:30:00,23566.62,23685.2,23564.7,23680.2,0
2026-02-11 08:35:00,23679.42,23680.2,23649.78,23655.94,0
2026-02-11 08:40:00,23656.32,23665.95,23643.24,23662.12,0
2026-02-11 08:45:00,23662.87,23711.0,23541.6,23707.14,0
2026-02-11 08:50:00,23709.67,23738.74,23685.97,23734.86,0
2026-02-11 08:55:00,23734.1,23761.04,23730.63,23755.66,0
2026-02-11 09:00:00,23754.21,23754.21,23738.72,23748.78,0
2026-02-11 09:05:00,23748.92,23748.92,23730.24,23731.02,0
2026-02-11 09:10:00,23730.24,23734.1,23723.32,23732.17,0
2026-02-11 09:15:00,23731.45,23734.48,23721.78,23725.82,0
2026-02-11 09:20:00,23726.01,23728.7,23721.4,23727.78,0
2026-02-11 09:25:00,23728.32,23751.8,23728.32,23732.94,0
2026-02-11 09:30:00,23731.32,23774.52,23684.04,23702.26,2349321
2026-02-11 09:35:00,23701.37,23729.47,23657.86,23669.22,742927
2026-02-11 09:40:00,23669.41,23712.6,23661.41,23705.6,728968
2026-02-11 09:45:00,23705.99,23746.03,23682.12,23714.84,710093
2026-02-11 09:50:00,23714.46,23727.55,23669.8,23692.13,614475
2026-02-11 09:55:00,23692.13,23709.03,23612.05,23624.76,713499
2026-02-11 10:00:00,23625.91,23660.56,23595.88,23606.28,752948
2026-02-11 10:05:00,23606.28,23620.52,23561.23,23561.23,594528
2026-02-11 10:10:00,23561.23,23571.24,23473.84,23516.96,1132763
2026-02-11 10:15:00,23516.18,23522.34,23461.9,23465.36,988542
2026-02-11 10:20:00,23466.52,23471.91,23403.0,23413.01,1076297
2026-02-11 10:25:00,23412.23,23453.04,23396.07,23412.23,1015127
2026-02-11 10:30:00,23413.78,23469.6,23406.08,23465.56,772102
2026-02-11 10:35:00,23465.75,23503.09,23445.73,23499.24,734820
2026-02-11 10:40:00,23498.86,23521.58,23483.46,23510.79,676124
2026-02-11 10:45:00,23509.64,23532.35,23468.06,23475.76,676103
2026-02-11 10:50:00,23476.15,23586.26,23466.91,23583.95,783624
2026-02-11 10:55:00,23584.33,23594.72,23561.23,23570.47,625913
2026-02-11 11:00:00,23570.47,23587.79,23530.43,23537.36,757501
2026-02-11 11:05:00,23538.52,23546.98,23511.57,23515.8,457276
2026-02-11 11:10:00,23516.18,23585.87,23512.72,23583.95,554199
2026-02-11 11:15:00,23582.79,23585.48,23549.29,23574.32,442002
2026-02-11 11:20:00,23574.32,23597.8,23564.7,23589.56,362612
2026-02-11 11:25:00,23589.34,23595.11,23521.96,23521.96,571933
2026-02-11 11:30:00,23521.96,23554.3,23505.41,23531.2,509106
2026-02-11 11:35:00,23530.82,23552.38,23508.87,23551.99,238049
2026-02-11 11:40:00,23551.99,23580.48,23543.14,23555.84,293640
2026-02-11 11:45:00,23555.46,23567.01,23523.89,23533.12,312136
2026-02-11 11:50:00,23531.97,23548.53,23522.34,23536.71,220483
2026-02-11 11:55:00,23535.82,23541.21,23508.1,23511.18,393977
2026-02-11 12:00:00,23510.41,23513.49,23474.8,23482.5,624186
2026-02-11 12:05:00,23482.3,23535.05,23482.3,23534.47,313325
2026-02-11 12:10:00,23534.66,23550.07,23520.03,23539.28,302743
2026-02-11 12:15:00,23541.59,23570.47,23526.97,23546.79,307215
2026-02-11 12:20:00,23546.79,23578.56,23530.04,23578.56,319724
2026-02-11 12:25:00,23579.33,23618.21,23578.55,23610.9,12357109
2026-02-11 12:30:00,23611.28,23614.94,23595.11,23600.89,0
2026-02-11 12:35:00,23600.89,23604.35,23587.03,23592.8,321153
2026-02-11 12:40:00,23593.18,23632.07,23592.8,23624.37,314445
2026-02-11 12:45:00,23624.76,23628.99,23605.89,23623.47,282934
2026-02-11 12:50:00,23623.98,23643.23,23613.44,23625.91,347726
2026-02-11 12:55:00,23626.29,23626.68,23579.71,23588.08,311528
2026-02-11 13:00:00,23588.18,23599.73,23567.01,23581.64,278126
2026-02-11 13:05:00,23581.25,23583.9,23556.61,23556.99,341768
2026-02-11 13:10:00,23556.61,23556.61,23533.9,23539.28,345298
2026-02-11 13:15:00,23538.9,23580.86,23529.66,23564.7,546192
2026-02-11 13:20:00,23565.08,23581.25,23551.99,23572.36,162284
2026-02-11 13:25:00,23570.85,23603.0,23562.58,23599.54,282091
2026-02-11 13:30:00,23599.73,23609.35,23582.79,23585.48,266974
2026-02-11 13:35:00,23585.49,23607.43,23579.33,23603.2,211106
2026-02-11 13:40:00,23603.2,23603.2,23580.09,23593.57,14493229
2026-02-11 13:45:00,23593.76,23619.75,23590.88,23619.75,402128
2026-02-11 13:50:00,23619.75,23628.6,23579.71,23624.37,0
2026-02-11 13:55:00,23625.14,23632.84,23616.28,23622.64,231495
2026-02-11 14:00:00,23622.45,23625.14,23601.27,23612.43,301790
2026-02-11 14:05:00,23612.43,23616.67,23582.79,23603.2,341671
2026-02-11 14:10:00,23603.97,23645.16,23598.19,23636.69,338983
2026-02-11 14:15:00,23636.3,23647.85,23636.3,23642.85,338319
2026-02-11 14:20:00,23642.47,23664.41,23641.31,23663.26,252580
2026-02-11 14:25:00,23663.64,23676.73,23657.48,23665.57,297257
2026-02-11 14:30:00,23665.95,23667.68,23646.7,23661.72,393113
2026-02-11 14:35:00,23661.72,23672.88,23655.75,23655.75,197272
2026-02-11 14:40:00,23655.17,23661.33,23647.09,23659.41,231344
2026-02-11 14:45:00,23659.79,23661.33,23603.97,23639.0,476544
2026-02-11 14:50:00,23639.0,23646.32,23630.16,23637.46,260357
2026-02-11 14:55:00,23637.46,23640.92,23622.45,23629.89,211153
2026-02-11 15:00:00,23628.99,23637.84,23620.91,23635.53,207627
2026-02-11 15:05:00,23635.15,23640.16,23621.67,23624.95,231841
2026-02-11 15:10:00,23623.98,23632.84,23617.83,23627.07,184981
2026-02-11 15:15:00,23627.84,23641.5,23624.18,23629.38,209846
2026-02-11 15:20:00,23628.99,23630.91,23608.55,23618.98,220804
2026-02-11 15:25:00,23618.98,23622.06,23606.28,23606.28,290317
2026-02-11 15:30:00,23606.28,23612.43,23594.72,23600.69,422443
2026-02-11 15:35:00,23600.89,23626.68,23597.42,23626.68,288901
2026-02-11 15:40:00,23626.68,23639.0,23621.1,23625.53,326703
2026-02-11 15:45:00,23625.53,23640.92,23623.6,23636.5,258585
2026-02-11 15:50:00,23636.3,23640.54,23611.66,23630.91,710300
2026-02-11 15:55:00,23630.91,23631.3,23597.42,23599.73,1114804
2026-02-11 16:00:00,23600.12,23612.44,23185.47,23601.66,0
2026-02-11 16:05:00,23607.04,23627.06,23599.73,23600.88,0
2026-02-11 16:10:00,23600.88,23612.05,23592.01,23598.58,0
2026-02-11 16:15:00,23598.19,23618.6,23597.42,23609.36,0
2026-02-11 16:20:00,23604.74,23609.36,23596.26,23600.12,0
2026-02-11 16:25:00,23600.5,23608.59,23600.5,23607.82,0
2026-02-11 16:30:00,23607.82,23616.28,23607.82,23609.74,0
2026-02-11 16:35:00,23610.12,23611.28,23603.96,23607.85,0
2026-02-11 16:40:00,23608.2,23608.2,23600.88,23601.08,0
2026-02-11 16:45:00,23602.04,23611.28,23599.73,23611.28,0
2026-02-11 16:50:00,23611.66,23612.05,23606.31,23610.12,0
2026-02-11 16:55:00,23608.59,23612.82,23600.5,23600.5,0
2026-02-11 17:00:00,23601.66,23608.2,23599.34,23608.2,0
2026-02-11 17:05:00,23607.04,23612.05,23599.34,23608.2,0
2026-02-11 17:10:00,23607.43,23612.05,23603.58,23607.04,0
2026-02-11 17:15:00,23605.31,23612.05,23602.81,23608.78,0
2026-02-11 17:20:00,23608.97,23611.28,23603.2,23608.2,0
2026-02-11 17:25:00,23607.62,23611.28,23604.15,23606.66,0
2026-02-11 17:30:00,23607.62,23613.98,23606.28,23610.22,0
2026-02-11 17:35:00,23610.9,23613.59,23608.2,23610.12,0
2026-02-11 17:40:00,23611.72,23615.9,23608.59,23615.9,0
2026-02-11 17:45:00,23615.9,23617.82,23610.51,23617.37,0
2026-02-11 17:50:00,23614.78,23616.25,23610.51,23612.44,0
2026-02-11 17:55:00,23612.44,23615.9,23610.51,23611.86,0
2026-02-11 18:00:00,23611.28,23613.96,23591.64,23603.96,0
2026-02-11 18:05:00,23601.27,23601.27,23581.25,23586.29,0
2026-02-11 18:10:00,23587.41,23590.52,23576.24,23579.71,0
2026-02-11 18:15:00,23578.17,23593.96,23577.4,23583.18,0
2026-02-11 18:20:00,23584.51,23591.26,23581.25,23584.68,0
2026-02-11 18:25:00,23582.79,23582.79,23563.54,23567.39,0
2026-02-11 18:30:00,23565.08,23566.24,23543.5,23550.45,0
2026-02-11 18:35:00,23546.22,23558.39,23535.82,23556.61,0
2026-02-11 18:40:00,23559.75,23564.7,23554.69,23562.38,0
2026-02-11 18:45:00,23564.12,23572.01,23560.46,23560.46,0
2026-02-11 18:50:00,23560.08,23563.92,23553.91,23562.38,0
2026-02-11 18:55:00,23561.04,23564.7,23554.3,23561.62,0
2026-02-12 04:00:00,23670.18,23679.04,23663.64,23674.04,0
2026-02-12 04:05:00,23673.26,23673.65,23662.87,23672.5,0
2026-02-12 04:10:00,23674.04,23683.28,23670.96,23677.12,0
2026-02-12 04:15:00,23679.42,23683.28,23672.5,23673.65,0
2026-02-12 04:20:00,23672.88,23678.66,23670.96,23670.96,0
2026-02-12 04:25:00,23674.8,23679.04,23671.72,23671.72,0
2026-02-12 04:30:00,23669.8,23674.42,23664.02,23668.26,0
2026-02-12 04:35:00,23670.18,23679.81,23669.03,23669.03,0
2026-02-12 04:40:00,23672.5,23672.5,23665.95,23665.95,0
2026-02-12 04:45:00,23666.72,23666.72,23654.4,23660.56,0
2026-02-12 04:50:00,23663.26,23674.42,23663.26,23674.42,0
2026-02-12 04:55:00,23671.72,23678.27,23669.41,23678.27,0
2026-02-12 05:00:00,23674.42,23692.9,23674.42,23690.2,0
2026-02-12 05:05:00,23687.9,23689.82,23683.28,23683.28,0
2026-02-12 05:10:00,23683.66,23684.04,23664.8,23665.56,0
2026-02-12 05:15:00,23666.34,23670.96,23662.1,23669.8,0
2026-02-12 05:20:00,23665.95,23665.95,23658.25,23658.25,0
2026-02-12 05:25:00,23663.64,23665.95,23659.02,23663.64,0
2026-02-12 05:30:00,23667.1,23667.49,23664.02,23664.02,0
2026-02-12 05:35:00,23666.34,23667.1,23661.33,23667.1,0
2026-02-12 05:40:00,23667.1,23669.8,23665.95,23665.95,0
2026-02-12 05:45:00,23665.95,23667.49,23662.87,23662.87,0
2026-02-12 05:50:00,23664.8,23668.64,23664.8,23668.64,0
2026-02-12 05:55:00,23667.1,23669.8,23667.1,23667.49,0
2026-02-12 06:00:00,23672.11,23677.88,23662.1,23664.41,0
2026-02-12 06:05:00,23668.64,23672.5,23663.26,23671.72,0
2026-02-12 06:10:00,23671.72,23679.81,23669.03,23678.66,0
2026-02-12 06:15:00,23676.34,23683.28,23676.34,23682.89,0
2026-02-12 06:20:00,23682.89,23687.51,23676.34,23679.81,0
2026-02-12 06:25:00,23680.96,23690.59,23678.66,23690.59,0
2026-02-12 06:30:00,23687.12,23690.98,23678.27,23679.81,0
2026-02-12 06:35:00,23674.04,23675.96,23669.03,23669.03,0
2026-02-12 06:40:00,23667.88,23667.88,23665.56,23665.56,0
2026-02-12 06:45:00,23665.56,23677.5,23665.56,23677.5,0
2026-02-12 06:50:00,23680.58,23685.2,23674.42,23685.2,0
2026-02-12 06:55:00,23680.96,23689.05,23679.04,23689.05,0
2026-02-12 07:00:00,23684.43,23687.12,23669.8,23671.72,0
2026-02-12 07:05:00,23673.65,23675.96,23667.88,23675.96,0
2026-02-12 07:10:00,23673.26,23677.5,23664.02,23677.5,0
2026-02-12 07:15:00,23669.8,23677.88,23669.8,23676.34,0
2026-02-12 07:20:00,23676.73,23681.74,23674.42,23681.74,0
2026-02-12 07:25:00,23682.5,23686.36,23680.58,23686.36,0
2026-02-12 07:30:00,23684.82,23697.9,23684.43,23689.44,0
2026-02-12 07:35:00,23690.59,23698.68,23689.82,23696.36,0
2026-02-12 07:40:00,23694.44,23702.87,23685.2,23685.2,0
2026-02-12 07:45:00,23685.2,23689.05,23681.35,23689.05,0
2026-02-12 07:50:00,23689.82,23692.13,23673.26,23678.66,0
2026-02-12 07:55:00,23678.27,23682.12,23675.96,23679.81,0
2026-02-12 08:00:00,23673.6,23703.3,23619.66,23665.56,0
2026-02-12 08:05:00,23604.74,23669.8,23604.74,23666.34,0
2026-02-12 08:10:00,23667.25,23669.03,23650.94,23651.51,0
2026-02-12 08:15:00,23650.94,23657.1,23643.62,23655.55,0
2026-02-12 08:20:00,23655.74,23656.71,23649.07,23652.09,0
2026-02-12 08:25:00,23650.55,23662.1,23649.01,23660.95,0
2026-02-12 08:30:00,23662.87,23691.74,23657.1,23688.2,0
2026-02-12 08:35:00,23687.9,23708.68,23622.41,23702.72,0
2026-02-12 08:40:00,23703.68,23735.25,23703.1,23728.51,0
2026-02-12 08:45:00,23728.13,23730.24,23604.74,23713.69,0
2026-02-12 08:50:00,23712.54,23714.84,23699.45,23711.0,0
2026-02-12 08:55:00,23711.65,23725.62,23710.22,23712.54,0
2026-02-12 09:00:00,23712.15,23716.38,23692.9,23695.6,0
2026-02-12 09:05:00,23695.98,23703.3,23692.52,23702.72,0
2026-02-12 09:10:00,23702.91,23704.84,23684.7,23685.55,0
2026-02-12 09:15:00,23685.59,23693.86,23682.89,23690.59,0
2026-02-12 09:20:00,23689.44,23700.22,23687.9,23696.17,0
2026-02-12 09:25:00,23694.44,23695.6,23668.22,23668.22,0
2026-02-12 09:30:00,23666.07,23695.59,23642.08,23676.73,1377976
2026-02-12 09:35:00,23676.34,23708.68,23654.78,23679.04,922256
2026-02-12 09:40:00,23679.04,23705.6,23627.84,23631.3,989146
2026-02-12 09:45:00,23632.07,23645.16,23567.78,23578.17,1067644
2026-02-12 09:50:00,23578.55,23614.74,23563.92,23598.96,847872
2026-02-12 09:55:00,23598.96,23599.34,23518.11,23538.9,4802855
2026-02-12 10:00:00,23538.9,23578.94,23511.95,23531.01,0
2026-02-12 10:05:00,23531.59,23569.32,23503.09,23525.04,631695
2026-02-12 10:10:00,23525.04,23562.77,23511.57,23562.0,519905
2026-02-12 10:15:00,23559.69,23573.55,23533.12,23533.12,571797
2026-02-12 10:20:00,23533.51,23586.64,23525.81,23554.68,500175
2026-02-12 10:25:00,23554.88,23575.09,23541.21,23561.23,444083
2026-02-12 10:30:00,23561.23,23580.48,23509.26,23510.03,546736
2026-02-12 10:35:00,23510.03,23519.65,23461.13,23468.83,627080
2026-02-12 10:40:00,23469.22,23476.2,23420.32,23424.55,7763960
2026-02-12 10:45:00,23424.17,23449.97,23418.01,23435.0,0
2026-02-12 10:50:00,23435.34,23457.28,23392.6,23392.6,584796
2026-02-12 10:55:00,23393.37,23402.22,23351.41,23354.48,911916
2026-02-12 11:00:00,23355.26,23373.73,23333.7,23344.09,1142499
2026-02-12 11:05:00,23343.71,23350.25,23292.5,23309.44,1179038
2026-02-12 11:10:00,23309.83,23316.37,23278.64,23289.03,838627
2026-02-12 11:15:00,23288.27,23297.89,23238.87,23259.39,1085829
2026-02-12 11:20:00,23259.78,23265.16,23216.27,23235.91,1167099
2026-02-12 11:25:00,23235.14,23238.98,23169.3,23174.69,1033210
2026-02-12 11:30:00,23174.88,23222.43,23163.53,23200.87,1366820
2026-02-12 11:35:00,23201.26,23263.24,23194.33,23250.73,1196030
2026-02-12 11:40:00,23250.92,23270.55,23219.73,23228.97,1185545
2026-02-12 11:45:00,23229.74,23253.61,23198.95,23225.9,806627
2026-02-12 11:50:00,23224.74,23241.29,23199.33,23212.03,550040
2026-02-12 11:55:00,23212.8,23234.75,23204.34,23232.44,459207
2026-02-12 12:00:00,23231.28,23248.22,23189.71,23234.36,574508
2026-02-12 12:05:00,23234.36,23254.77,23199.72,23244.6,467968
2026-02-12 12:10:00,23244.38,23245.15,23196.83,23212.61,474885
2026-02-12 12:15:00,23212.03,23223.97,23190.09,23190.47,360152
2026-02-12 12:20:00,23190.09,23253.23,23190.09,23249.77,591912
2026-02-12 12:25:00,23247.46,23274.02,23213.19,23226.28,771284
2026-02-12 12:30:00,23223.59,23254.0,23216.66,23250.53,367737
2026-02-12 12:35:00,23247.46,23289.42,23247.46,23252.08,448340
2026-02-12 12:40:00,23252.38,23265.16,23238.98,23250.15,338681
2026-02-12 12:45:00,23250.92,23265.28,23222.82,23240.91,393723
2026-02-12 12:50:00,23240.53,23262.09,23202.03,23204.34,304959
2026-02-12 12:55:00,23203.95,23218.58,23180.47,23181.62,434250
2026-02-12 13:00:00,23181.62,23205.88,23159.29,23185.09,501820
2026-02-12 13:05:00,23186.24,23233.59,23182.39,23208.96,411522
2026-02-12 13:10:00,23210.88,23223.97,23195.48,23209.72,336885
2026-02-12 13:15:00,23209.34,23210.5,23161.22,23168.15,350598
2026-02-12 13:20:00,23168.91,23215.89,23168.53,23207.8,383662
2026-02-12 13:25:00,23207.41,23212.23,23163.53,23196.64,557390
2026-02-12 13:30:00,23197.79,23210.88,23181.23,23197.02,326207
2026-02-12 13:35:00,23196.64,23239.76,23190.86,23232.44,443112
2026-02-12 13:40:00,23233.21,23261.62,23220.51,23259.01,314420
2026-02-12 13:45:00,23258.62,23264.4,23237.06,23237.06,268212
2026-02-12 13:50:00,23235.91,23278.26,23228.59,23269.4,306805
2026-02-12 13:55:00,23269.02,23277.48,23241.68,23256.12,521815
2026-02-12 14:00:00,23255.92,23272.09,23234.75,23243.99,328796
2026-02-12 14:05:00,23244.38,23262.09,23240.14,23240.91,278028
2026-02-12 14:10:00,23240.14,23245.15,23200.48,23221.28,419943
2026-02-12 14:15:00,23221.28,23262.47,23220.51,23257.08,439677
2026-02-12 14:20:00,23257.85,23277.1,23250.15,23265.55,269389
2026-02-12 14:25:00,23264.78,23270.55,23219.35,23225.12,414485
2026-02-12 14:30:00,23223.2,23265.55,23223.2,23246.3,374079
2026-02-12 14:35:00,23246.68,23274.41,23240.53,23273.25,355441
2026-02-12 14:40:00,23272.09,23285.57,23253.61,23265.16,429536
2026-02-12 14:45:00,23264.78,23285.57,23264.78,23281.34,360765
2026-02-12 14:50:00,23280.95,23291.07,23257.47,23262.47,422517
2026-02-12 14:55:00,23262.47,23278.64,23235.52,23249.38,540568
2026-02-12 15:00:00,23249.38,23262.09,23232.44,23250.53,23118084
2026-02-12 15:05:00,23250.92,23255.92,23216.66,23219.54,0
2026-02-12 15:10:00,23219.73,23227.05,23197.21,23223.59,460837
2026-02-12 15:15:00,23223.59,23225.9,23194.71,23195.48,333356
2026-02-12 15:20:00,23194.71,23196.25,23171.22,23175.84,24099429
2026-02-12 15:25:00,23175.46,23178.92,23154.28,23161.02,0
2026-02-12 15:30:00,23160.83,23177.56,23141.58,23161.22,686616
2026-02-12 15:35:00,23161.98,23177.0,23158.52,23168.15,408676
2026-02-12 15:40:00,23168.15,23188.36,23153.13,23159.67,506983
2026-02-12 15:45:00,23160.06,23164.29,23126.95,23136.58,827839
2026-02-12 15:50:00,23136.19,23143.12,23083.44,23142.54,1476216
2026-02-12 15:55:00,23141.97,23143.51,23105.39,23121.56,2438636
2026-02-12 16:00:00,23123.1,23144.28,23106.54,23142.56,0
2026-02-12 16:05:00,23141.58,23155.83,23124.64,23148.91,0
2026-02-12 16:10:00,23150.05,23161.98,23124.64,23160.25,0
2026-02-12 16:15:00,23159.68,23168.91,23124.64,23164.87,0
2026-02-12 16:20:00,23164.68,23167.38,23161.22,23165.84,0
2026-02-12 16:25:00,23165.84,23177.41,23162.95,23177.41,0
2026-02-12 16:30:00,23177.0,23186.24,23124.64,23184.12,0
2026-02-12 16:35:00,23184.67,23188.16,23178.54,23179.31,0
2026-02-12 16:40:00,23179.31,23185.09,23176.61,23179.89,0
2026-02-12 16:45:00,23180.85,23185.08,23174.3,23185.08,0
2026-02-12 16:50:00,23184.7,23193.17,23183.93,23185.46,0
2026-02-12 16:55:00,23186.43,23188.55,23176.04,23180.85,0
2026-02-12 17:00:00,23184.7,23184.7,23124.64,23177.0,0
2026-02-12 17:05:00,23177.26,23178.92,23176.62,23177.96,0
2026-02-12 17:10:00,23177.59,23178.92,23124.64,23178.92,0
2026-02-12 17:15:00,23178.92,23181.24,23177.0,23181.24,0
2026-02-12 17:20:00,23180.08,23188.55,23179.31,23188.16,0
2026-02-12 17:25:00,23187.36,23189.32,23185.09,23187.59,0
2026-02-12 17:30:00,23188.52,23192.02,23185.09,23190.67,0
2026-02-12 17:35:00,23192.4,23194.32,23188.94,23193.17,0
2026-02-12 17:40:00,23194.32,23197.79,23186.62,23197.02,0
2026-02-12 17:45:00,23197.02,23197.02,23188.55,23195.29,0
2026-02-12 17:50:00,23195.1,23196.25,23193.94,23195.48,0
2026-02-12 17:55:00,23195.5,23197.79,23192.78,23196.25,0
2026-02-12 18:00:00,23197.02,23197.79,23168.91,23173.15,0
2026-02-12 18:05:00,23173.15,23197.4,23156.98,23195.48,0
2026-02-12 18:10:00,23196.64,23202.02,23188.85,23189.9,0
2026-02-12 18:15:00,23191.24,23206.3,23186.24,23189.61,0
2026-02-12 18:20:00,23188.94,23189.74,23177.77,23185.47,0
2026-02-12 18:25:00,23184.66,23196.83,23184.66,23196.64,0
2026-02-12 18:30:00,23195.91,23201.26,23137.54,23158.92,0
2026-02-12 18:35:00,23160.25,23172.38,23116.16,23121.48,0
2026-02-12 18:40:00,23121.95,23148.12,23108.09,23148.12,0
2026-02-12 18:45:00,23146.91,23168.53,23138.5,23164.7,0
2026-02-12 18:50:00,23167.76,23184.09,23165.84,23180.85,0
2026-02-12 18:55:00,23182.78,23188.94,23177.77,23180.66,0
2026-02-13 04:00:00,23145.43,23145.43,23105.78,23109.62,0
2026-02-13 04:05:00,23118.1,23138.88,23110.4,23132.34,0
2026-02-13 04:10:00,23129.26,23147.74,23128.88,23128.88,0
2026-02-13 04:15:00,23129.26,23156.21,23129.26,23153.13,0
2026-02-13 04:20:00,23156.6,23171.61,23153.9,23167.76,0
2026-02-13 04:25:00,23167.38,23174.69,23162.37,23162.37,0
2026-02-13 04:30:00,23161.6,23170.84,23156.21,23168.91,0
2026-02-13 04:35:00,23164.68,23171.61,23162.37,23166.6,0
2026-02-13 04:40:00,23167.38,23172.38,23156.21,23156.21,0
2026-02-13 04:45:00,23160.06,23175.08,23160.06,23167.76,0
2026-02-13 04:50:00,23171.61,23172.76,23150.82,23150.82,0
2026-02-13 04:55:00,23148.51,23151.98,23137.34,23139.27,0
2026-02-13 05:00:00,23142.35,23155.05,23142.35,23150.82,0
2026-02-13 05:05:00,23153.9,23155.05,23133.5,23133.5,0
2026-02-13 05:10:00,23140.04,23157.75,23140.04,23153.13,0
2026-02-13 05:15:00,23157.75,23158.14,23149.28,23156.98,0
2026-02-13 05:20:00,23161.6,23167.76,23161.6,23164.68,0
2026-02-13 05:25:00,23161.98,23166.99,23153.9,23156.21,0
2026-02-13 05:30:00,23159.68,23159.68,23141.58,23141.58,0
2026-02-13 05:35:00,23140.04,23143.5,23128.88,23138.5,0
2026-02-13 05:40:00,23127.34,23143.89,23125.41,23135.04,0
2026-02-13 05:45:00,23132.34,23138.12,23124.26,23129.26,0
2026-02-13 05:50:00,23122.72,23127.72,23106.16,23121.56,0
2026-02-13 05:55:00,23120.79,23120.79,23101.54,23103.08,0
2026-02-13 06:00:00,23103.08,23103.08,23082.68,23082.68,0
2026-02-13 06:05:00,23081.14,23089.22,23065.35,23065.35,0
2026-02-13 06:10:00,23064.2,23065.74,23051.1,23051.1,0
2026-02-13 06:15:00,23046.1,23070.36,23036.09,23069.97,0
2026-02-13 06:20:00,23069.97,23069.97,23032.62,23036.09,0
2026-02-13 06:25:00,23033.01,23059.58,23031.86,23042.25,0
2026-02-13 06:30:00,23039.94,23053.41,23007.98,23053.41,0
2026-02-13 06:35:00,23056.11,23074.59,23053.41,23061.5,0
2026-02-13 06:40:00,23063.04,23071.9,23048.41,23048.41,0
2026-02-13 06:45:00,23049.56,23062.66,23038.78,23056.11,0
2026-02-13 06:50:00,23055.72,23083.45,23046.48,23083.45,0
2026-02-13 06:55:00,23088.45,23093.84,23082.29,23093.84,0
2026-02-13 07:00:00,23095.0,23115.78,23080.75,23081.14,0
2026-02-13 07:05:00,23081.14,23081.14,23061.88,23061.88,0
2026-02-13 07:10:00,23061.5,23077.67,23054.96,23061.12,0
2026-02-13 07:15:00,23062.27,23078.82,23050.34,23071.12,0
2026-02-13 07:20:00,23066.12,23091.53,23066.12,23081.52,0
2026-02-13 07:25:00,23081.9,23098.84,23079.6,23083.45,0
2026-02-13 07:30:00,23080.36,23101.92,23080.36,23095.0,0
2026-02-13 07:35:00,23096.92,23097.3,23081.52,23090.76,0
2026-02-13 07:40:00,23091.53,23099.62,23090.38,23098.84,0
2026-02-13 07:45:00,23098.08,23098.08,23072.28,23073.82,0
2026-02-13 07:50:00,23079.21,23100.0,23069.2,23095.38,0
2026-02-13 07:55:00,23100.0,23107.7,23046.87,23069.59,0
2026-02-13 08:00:00,23070.74,23175.11,23007.09,23089.54,0
2026-02-13 08:05:00,23124.64,23124.64,23026.85,23027.24,0
2026-02-13 08:10:00,23025.31,23038.4,23007.6,23014.51,0
2026-02-13 08:15:00,23013.76,23049.56,23000.67,23043.02,0
2026-02-13 08:20:00,23045.33,23074.2,23027.24,23060.34,0
2026-02-13 08:25:00,23061.5,23092.3,23060.34,23069.2,0
2026-02-13 08:30:00,23080.75,23188.55,23080.75,23152.74,0
2026-02-13 08:35:00,23152.74,23152.74,23110.4,23140.99,0
2026-02-13 08:40:00,23140.37,23169.3,23125.02,23145.43,0
2026-02-13 08:45:00,23144.31,23158.94,23105.0,23157.75,0
2026-02-13 08:50:00,23157.36,23161.6,23134.65,23159.1,0
2026-02-13 08:55:00,23160.83,23180.09,23130.8,23153.13,0
2026-02-13 09:00:00,23150.05,23187.87,23150.05,23158.52,0
2026-02-13 09:05:00,23158.14,23158.14,23096.15,23097.69,0
2026-02-13 09:10:00,23098.46,23126.17,23093.84,23119.63,0
2026-02-13 09:15:00,23117.32,23127.72,23103.08,23109.24,0
2026-02-13 09:20:00,23106.93,23115.02,23091.14,23098.46,0
2026-02-13 09:25:00,23098.84,23120.02,23095.38,23115.4,0
2026-02-13 09:30:00,23108.66,23169.3,23068.43,23094.22,3141379
2026-02-13 09:35:00,23094.99,23110.78,23047.64,23051.08,858875
2026-02-13 09:40:00,23050.34,23099.19,22962.17,23089.22,1362940
2026-02-13 09:45:00,23089.99,23213.96,23083.45,23146.59,1585105
2026-02-13 09:50:00,23146.97,23148.9,23064.2,23104.62,958325
2026-02-13 09:55:00,23103.85,23170.07,23058.03,23074.59,649888
2026-02-13 10:00:00,23069.97,23147.74,23068.04,23121.95,519934
2026-02-13 10:05:00,23120.41,23174.69,23079.21,23170.46,465943
2026-02-13 10:10:00,23172.38,23198.95,23125.03,23130.03,476236
2026-02-13 10:15:00,23132.72,23165.45,23091.15,23123.87,474933
2026-02-13 10:20:00,23125.6,23178.16,23098.17,23145.43,404921
2026-02-13 10:25:00,23147.35,23233.59,23142.73,23213.58,491655
2026-02-13 10:30:00,23213.19,23288.65,23212.03,23269.02,588804
2026-02-13 10:35:00,23268.63,23285.96,23192.78,23195.09,518137
2026-02-13 10:40:00,23193.17,23205.49,23138.11,23143.51,502392
2026-02-13 10:45:00,23144.66,23165.45,23093.84,23108.76,406939
2026-02-13 10:50:00,23110.4,23186.62,23103.47,23183.54,446036
2026-02-13 10:55:00,23185.47,23210.88,23162.37,23178.16,336956
2026-02-13 11:00:00,23178.16,23209.72,23170.84,23202.41,263620
2026-02-13 11:05:00,23202.03,23249.33,23197.02,23238.98,434629
2026-02-13 11:10:00,23240.14,23240.14,23168.53,23204.72,356496
2026-02-13 11:15:00,23204.34,23230.9,23179.31,23180.47,393024
2026-02-13 11:20:00,23181.23,23195.86,23133.49,23160.06,394632
2026-02-13 11:25:00,23159.67,23225.51,23153.52,23215.88,379266
2026-02-13 11:30:00,23214.73,23235.91,23177.0,23218.2,416017
2026-02-13 11:35:00,23218.2,23247.84,23198.95,23247.46,334715
2026-02-13 11:40:00,23247.84,23253.23,23218.97,23250.92,308175
2026-02-13 11:45:00,23250.53,23271.33,23236.67,23241.68,332594
2026-02-13 11:50:00,23242.45,23265.93,23230.13,23265.93,282754
2026-02-13 11:55:00,23265.93,23292.5,23254.77,23255.54,390876
2026-02-13 12:00:00,23254.39,23283.26,23245.53,23272.67,282738
2026-02-13 12:05:00,23272.86,23289.8,23266.71,23271.71,276551
2026-02-13 12:10:00,23271.71,23314.83,23271.71,23308.67,304744
2026-02-13 12:15:00,23308.67,23311.94,23267.67,23280.18,406371
2026-02-13 12:20:00,23281.72,23324.84,23276.91,23319.26,348164
2026-02-13 12:25:00,23319.07,23321.76,23297.89,23306.36,303907
2026-02-13 12:30:00,23307.13,23340.24,23300.59,23328.3,331996
2026-02-13 12:35:00,23329.46,23336.39,23315.6,23334.85,221983
2026-02-13 12:40:00,23334.47,23347.55,23320.41,23322.15,234415
2026-02-13 12:45:00,23321.76,23337.16,23308.67,23334.08,259026
2026-02-13 12:50:00,23334.08,23334.08,23304.82,23312.33,270717
2026-02-13 12:55:00,23311.75,23317.14,23290.58,23296.35,385428
2026-02-13 13:00:00,23297.12,23311.36,23269.78,23276.72,385559
2026-02-13 13:05:00,23278.26,23296.35,23261.32,23287.49,389611
2026-02-13 13:10:00,23286.72,23318.68,23286.72,23300.97,372957
2026-02-13 13:15:00,23300.97,23324.07,23291.34,23305.59,371305
2026-02-13 13:20:00,23304.05,23345.63,23302.51,23330.23,209868
2026-02-13 13:25:00,23330.04,23343.7,23297.89,23311.36,400046
2026-02-13 13:30:00,23312.14,23338.32,23300.97,23333.5,263838
2026-02-13 13:35:00,23335.23,23349.09,23315.25,23336.01,251508
2026-02-13 13:40:00,23336.2,23339.09,23299.82,23306.36,276617
2026-02-13 13:45:00,23306.74,23338.7,23305.21,23317.91,230365
2026-02-13 13:50:00,23317.91,23318.29,23282.88,23302.51,298647
2026-02-13 13:55:00,23302.12,23310.59,23286.53,23298.66,241119
2026-02-13 14:00:00,23297.51,23307.9,23280.57,23281.72,263207
2026-02-13 14:05:00,23284.8,23313.29,23282.49,23309.05,262588
2026-02-13 14:10:00,23308.67,23321.38,23289.42,23304.44,253745
2026-02-13 14:15:00,23304.82,23313.48,23288.65,23309.05,225749
2026-02-13 14:20:00,23308.67,23323.68,23299.82,23319.45,196826
2026-02-13 14:25:00,23319.45,23323.3,23271.76,23283.26,22108615
2026-02-13 14:30:00,23282.88,23304.05,23277.87,23297.51,0
2026-02-13 14:35:00,23298.66,23305.97,23265.55,23278.45,191540
2026-02-13 14:40:00,23279.23,23289.8,23249.38,23267.47,310009
2026-02-13 14:45:00,23267.47,23292.89,23260.04,23275.56,206329
2026-02-13 14:50:00,23276.72,23280.95,23248.99,23259.78,286942
2026-02-13 14:55:00,23259.01,23269.4,23212.8,23216.27,380606
2026-02-13 15:00:00,23216.27,23248.61,23215.5,23243.6,419656
2026-02-13 15:05:00,23243.99,23250.92,23220.89,23239.37,315601
2026-02-13 15:10:00,23240.14,23240.14,23189.71,23189.71,307832
2026-02-13 15:15:00,23188.55,23216.66,23180.85,23213.58,374338
2026-02-13 15:20:00,23210.88,23214.73,23177.77,23178.54,418690
2026-02-13 15:25:00,23178.16,23185.85,23124.26,23134.65,639247
2026-02-13 15:30:00,23134.27,23154.28,23110.01,23113.09,680585
2026-02-13 15:35:00,23112.32,23134.6,23103.47,23120.41,533427
2026-02-13 15:40:00,23120.79,23141.97,23105.78,23120.02,573468
2026-02-13 15:45:00,23119.64,23163.91,23116.17,23155.44,668705
2026-02-13 15:50:00,23153.9,23172.38,23120.79,23164.68,822822
2026-02-13 15:55:00,23165.07,23176.81,23139.66,23170.07,1329437
2026-02-13 16:00:00,23170.07,23192.02,23153.13,23155.82,0
2026-02-13 16:05:00,23153.71,23173.92,23144.66,23153.32,0
2026-02-13 16:10:00,23173.92,23173.92,23146.97,23166.03,0
2026-02-13 16:15:00,23166.6,23173.92,23157.12,23158.14,0
2026-02-13 16:20:00,23173.92,23173.92,23145.43,23148.12,0
2026-02-13 16:25:00,23148.54,23153.13,23145.04,23150.05,0
2026-02-13 16:30:00,23150.82,23173.92,23149.28,23155.94,0
2026-02-13 16:35:00,23154.89,23163.14,23152.55,23158.9,0
2026-02-13 16:40:00,23159.24,23159.66,23148.9,23150.82,0
2026-02-13 16:45:00,23153.52,23155.05,23147.74,23150.05,0
2026-02-13 16:50:00,23150.82,23173.92,23141.64,23147.81,0
2026-02-13 16:55:00,23146.2,23173.92,23141.2,23151.2,0
2026-02-13 17:00:00,23148.95,23173.92,23141.04,23147.32,0
2026-02-13 17:05:00,23147.32,23151.38,23144.75,23151.29,0
2026-02-13 17:10:00,23150.05,23152.36,23147.36,23148.51,0
2026-02-13 17:15:00,23148.51,23152.36,23147.55,23149.28,0
2026-02-13 17:20:00,23149.47,23150.82,23144.28,23150.82,0
2026-02-13 17:25:00,23147.67,23150.44,23145.82,23147.74,0
2026-02-13 17:30:00,23146.59,23150.05,23146.59,23149.09,0
2026-02-13 17:35:00,23149.09,23150.05,23148.12,23149.66,0
2026-02-13 17:40:00,23148.9,23149.66,23146.2,23147.16,0
2026-02-13 17:45:00,23147.33,23150.05,23146.59,23150.05,0
2026-02-13 17:50:00,23150.05,23151.2,23146.2,23150.82,0
2026-02-13 17:55:00,23151.2,23155.44,23150.05,23153.9,0
2026-02-13 18:00:00,23150.44,23157.36,23150.44,23154.09,0
2026-02-13 18:05:00,23154.09,23156.98,23151.2,23151.98,0
2026-02-13 18:10:00,23151.2,23153.9,23148.12,23151.98,0
2026-02-13 18:15:00,23150.44,23150.44,23144.28,23146.55,0
2026-02-13 18:20:00,23148.12,23148.12,23145.43,23146.2,0
2026-02-13 18:25:00,23146.19,23146.2,23139.66,23140.42,0
2026-02-13 18:30:00,23140.04,23145.82,23140.04,23142.35,0
2026-02-13 18:35:00,23142.93,23144.28,23141.2,23142.35,0
2026-02-13 18:40:00,23141.2,23141.2,23138.89,23139.27,0
2026-02-13 18:45:00,23138.57,23140.04,23138.5,23140.04,0
2026-02-13 18:50:00,23139.99,23141.2,23134.65,23140.81,0
2026-02-13 18:55:00,23140.04,23140.42,23134.75,23140.42,0
2026-02-17 04:00:00,23022.62,23056.88,23022.62,23056.5,0
2026-02-17 04:05:00,23056.5,23056.5,23039.17,23040.32,0
2026-02-17 04:10:00,23038.02,23041.1,23023.0,23025.7,0
2026-02-17 04:15:00,23023.38,23034.55,23021.84,23034.55,0
2026-02-17 04:20:00,23044.18,23045.72,23030.32,23039.55,0
2026-02-17 04:25:00,23045.72,23050.34,23041.1,23050.34,0
2026-02-17 04:30:00,23047.64,23061.5,23047.64,23052.26,0
2026-02-17 04:35:00,23059.96,23070.36,23059.96,23066.5,0
2026-02-17 04:40:00,23061.88,23062.66,23057.65,23059.58,0
2026-02-17 04:45:00,23062.66,23064.58,23051.1,23059.96,0
2026-02-17 04:50:00,23056.88,23062.66,23056.88,23062.66,0
2026-02-17 04:55:00,23071.9,23071.9,23062.27,23063.81,0
2026-02-17 05:00:00,23067.28,23074.59,23064.58,23064.58,0
2026-02-17 05:05:00,23066.12,23066.12,23052.64,23053.41,0
2026-02-17 05:10:00,23053.8,23053.8,23037.24,23038.02,0
2026-02-17 05:15:00,23041.1,23041.48,23027.24,23036.86,0
2026-02-17 05:20:00,23041.48,23044.18,23036.48,23040.32,0
2026-02-17 05:25:00,23038.02,23040.32,23036.48,23040.32,0
2026-02-17 05:30:00,23040.32,23040.32,23016.46,23025.7,0
2026-02-17 05:35:00,23019.92,23021.46,23008.37,23008.37,0
2026-02-17 05:40:00,23008.37,23010.68,22986.81,22989.89,0
2026-02-17 05:45:00,22988.35,23005.68,22987.96,22993.74,0
2026-02-17 05:50:00,22989.12,22992.2,22976.03,22991.82,0
2026-02-17 05:55:00,22994.12,22996.44,22984.5,22989.89,0
2026-02-17 06:00:00,22997.2,23004.52,22996.44,22999.9,0
2026-02-17 06:05:00,22991.43,22991.43,22975.26,22981.42,0
2026-02-17 06:10:00,22978.72,22990.28,22972.18,22985.66,0
2026-02-17 06:15:00,22983.34,22983.34,22974.88,22976.8,0
2026-02-17 06:20:00,22973.72,22985.66,22964.1,22964.1,0
2026-02-17 06:25:00,22969.1,23001.05,22960.24,23001.05,0
2026-02-17 06:30:00,23002.6,23011.45,22995.28,22995.28,0
2026-02-17 06:35:00,22993.36,23006.83,22984.5,23004.9,0
2026-02-17 06:40:00,23002.6,23007.6,22991.43,22993.74,0
2026-02-17 06:45:00,22992.59,23001.82,22990.28,23001.82,0
2026-02-17 06:50:00,23001.82,23011.06,22997.2,23005.68,0
2026-02-17 06:55:00,23005.68,23022.62,23001.82,23003.75,0
2026-02-17 07:00:00,23002.6,23009.52,22992.2,23006.83,0
2026-02-17 07:05:00,23004.52,23045.33,23003.75,23043.4,0
2026-02-17 07:10:00,23044.18,23046.1,23026.08,23033.78,0
2026-02-17 07:15:00,23031.09,23036.48,23022.62,23022.62,0
2026-02-17 07:20:00,23022.62,23022.62,23002.6,23007.6,0
2026-02-17 07:25:00,23007.98,23019.15,23001.82,23001.82,0
2026-02-17 07:30:00,23001.82,23002.21,22984.5,22998.74,0
2026-02-17 07:35:00,22997.98,23001.05,22992.2,22996.44,0
2026-02-17 07:40:00,22987.2,22991.82,22982.96,22987.58,0
2026-02-17 07:45:00,22992.2,22992.2,22965.25,22974.84,0
2026-02-17 07:50:00,22969.48,22982.58,22963.32,22981.42,0
2026-02-17 07:55:00,22979.88,22986.85,22971.41,22971.8,0
2026-02-17 08:00:00,23007.98,23191.28,22947.54,22953.32,0
2026-02-17 08:05:00,22952.51,23173.92,22933.3,22939.49,0
2026-02-17 08:10:00,22938.3,22942.54,22909.39,22936.76,0
2026-02-17 08:15:00,22938.3,22949.85,22922.52,22941.0,0
2026-02-17 08:20:00,22944.88,22996.44,22940.03,22993.71,0
2026-02-17 08:25:00,22994.51,23003.75,22981.04,22988.35,0
2026-02-17 08:30:00,22992.2,22992.2,22962.17,22967.18,0
2026-02-17 08:35:00,22966.76,22980.65,22965.25,22977.52,0
2026-02-17 08:40:00,22974.49,22988.35,22974.1,22982.96,0
2026-02-17 08:45:00,22984.12,23173.92,22965.2,22965.2,0
2026-02-17 08:50:00,22965.64,23079.21,22963.57,23044.56,0
2026-02-17 08:55:00,23044.56,23061.88,22994.51,22996.05,0
2026-02-17 09:00:00,22996.05,23032.62,22996.05,23026.08,0
2026-02-17 09:05:00,23028.55,23043.09,23023.77,23036.48,0
2026-02-17 09:10:00,23036.48,23049.56,23021.84,23030.89,0
2026-02-17 09:15:00,23032.22,23039.36,23025.7,23035.7,0
2026-02-17 09:20:00,23035.32,23047.06,23023.77,23025.5,0
2026-02-17 09:25:00,23024.92,23036.48,23009.91,23034.16,0
2026-02-17 09:30:00,23038.02,23132.72,22989.51,23130.41,2082633
2026-02-17 09:35:00,23130.41,23184.32,23116.55,23167.76,946342
2026-02-17 09:40:00,23166.22,23177.77,23063.04,23076.9,708638
2026-02-17 09:45:00,23078.44,23086.14,23002.21,23039.94,896263
2026-02-17 09:50:00,23038.78,23053.03,22912.89,22919.05,1042412
2026-02-17 09:55:00,22919.82,22933.29,22867.84,22875.16,776776
2026-02-17 10:00:00,22875.16,22951.01,22857.45,22940.22,793269
2026-02-17 10:05:00,22939.84,22956.4,22898.26,22900.18,607145
2026-02-17 10:10:00,22902.11,22930.98,22869.0,22889.41,611177
2026-02-17 10:15:00,22889.02,23021.08,22887.09,23015.22,861415
2026-02-17 10:20:00,23014.91,23019.92,22919.43,22930.98,594749
2026-02-17 10:25:00,22933.29,22948.7,22896.94,22915.2,542012
2026-02-17 10:30:00,22914.04,22928.67,22843.59,22856.29,705551
2026-02-17 10:35:00,22857.84,22897.88,22848.98,22851.29,619161
2026-02-17 10:40:00,22850.52,22901.72,22849.37,22900.57,515627
2026-02-17 10:45:00,22901.34,22970.45,22893.64,22955.93,624169
2026-02-17 10:50:00,22954.47,22982.58,22925.98,22959.86,723965
2026-02-17 10:55:00,22959.86,22986.81,22942.15,22984.11,633166
2026-02-17 11:00:00,22982.96,23044.56,22976.99,23030.7,731776
2026-02-17 11:05:00,23031.47,23106.54,23027.23,23101.54,782493
2026-02-17 11:10:00,23101.16,23156.59,23099.61,23144.66,738904
2026-02-17 11:15:00,23143.89,23160.83,23118.86,23151.21,589947
2026-02-17 11:20:00,23150.05,23165.07,23128.88,23155.05,561457
2026-02-17 11:25:00,23155.05,23159.67,23096.7,23102.31,644405
2026-02-17 11:30:00,23101.16,23106.54,23069.97,23100.0,606321
2026-02-17 11:35:00,23100.39,23150.05,23091.53,23132.72,517407
2026-02-17 11:40:00,23132.34,23143.12,23106.93,23109.05,473493
2026-02-17 11:45:00,23108.09,23127.72,23096.53,23102.7,404372
2026-02-17 11:50:00,23103.47,23133.49,23101.16,23132.72,359833
2026-02-17 11:55:00,23133.49,23157.36,23110.78,23131.96,369378
2026-02-17 12:00:00,23131.18,23136.96,23090.38,23116.55,432173
2026-02-17 12:05:00,23115.78,23135.03,23102.54,23103.47,304502
2026-02-17 12:10:00,23103.08,23113.47,23063.23,23078.44,441678
2026-02-17 12:15:00,23079.02,23097.5,23066.0,23086.14,326258
2026-02-17 12:20:00,23089.6,23094.22,23048.03,23076.9,387538
2026-02-17 12:25:00,23078.83,23127.72,23073.05,23127.34,344568
2026-02-17 12:30:00,23127.72,23131.96,23064.97,23095.38,440029
2026-02-17 12:35:00,23096.15,23111.55,23084.22,23094.22,270178
2026-02-17 12:40:00,23093.84,23094.42,23027.62,23028.78,327098
2026-02-17 12:45:00,23029.16,23059.58,23007.6,23043.41,446083
2026-02-17 12:50:00,23043.41,23063.04,22991.82,23003.75,428576
2026-02-17 12:55:00,23003.36,23081.52,22997.21,23074.32,470606
2026-02-17 13:00:00,23074.59,23081.14,23043.79,23060.73,366867
2026-02-17 13:05:00,23061.5,23064.2,23033.4,23047.26,431940
2026-02-17 13:10:00,23048.79,23073.82,23029.16,23051.88,423999
2026-02-17 13:15:00,23050.85,23064.97,23031.47,23051.1,336531
2026-02-17 13:20:00,23051.1,23155.63,23044.17,23137.34,707386
2026-02-17 13:25:00,23137.73,23148.9,23109.62,23139.85,429690
2026-02-17 13:30:00,23140.81,23170.46,23123.1,23159.29,385490
2026-02-17 13:35:00,23159.29,23187.4,23136.19,23187.2,513432
2026-02-17 13:40:00,23186.24,23218.97,23183.93,23193.17,513868
2026-02-17 13:45:00,23193.36,23205.1,23181.55,23197.02,469967
2026-02-17 13:50:00,23196.64,23223.97,23188.93,23222.24,354652
2026-02-17 13:55:00,23222.82,23237.45,23201.26,23211.27,351433
2026-02-17 14:00:00,23211.27,23227.43,23202.22,23220.89,491787
2026-02-17 14:05:00,23220.89,23228.21,23205.1,23213.0,323718
2026-02-17 14:10:00,23213.19,23218.58,23193.94,23217.16,304415
2026-02-17 14:15:00,23216.66,23225.7,23203.95,23211.27,236793
2026-02-17 14:20:00,23211.84,23231.28,23204.34,23226.01,216497
2026-02-17 14:25:00,23227.43,23228.2,23199.33,23203.57,285614
2026-02-17 14:30:00,23203.18,23234.56,23196.06,23234.36,239576
2026-02-17 14:35:00,23234.67,23249.19,23223.97,23235.14,354446
2026-02-17 14:40:00,23235.91,23252.08,23231.28,23237.83,258049
2026-02-17 14:45:00,23237.06,23239.55,23219.73,23223.58,325541
2026-02-17 14:50:00,23224.35,23224.35,23188.74,23201.26,337113
2026-02-17 14:55:00,23202.03,23207.41,23176.81,23183.93,385197
2026-02-17 15:00:00,23183.54,23208.57,23179.7,23192.21,364991
2026-02-17 15:05:00,23192.02,23195.48,23172.77,23177.77,227866
2026-02-17 15:10:00,23178.92,23183.54,23165.26,23181.23,423398
2026-02-17 15:15:00,23181.04,23187.01,23158.91,23159.87,549985
2026-02-17 15:20:00,23160.06,23174.3,23141.58,23147.35,356913
2026-02-17 15:25:00,23146.59,23159.67,23138.11,23144.72,399895
2026-02-17 15:30:00,23144.66,23146.97,23116.17,23128.88,533711
2026-02-17 15:35:00,23128.88,23138.46,23109.62,23116.94,509278
2026-02-17 15:40:00,23116.55,23165.45,23115.02,23153.13,549668
2026-02-17 15:45:00,23153.13,23156.59,23130.03,23138.11,340223
2026-02-17 15:50:00,23138.5,23156.59,23114.63,23128.49,843894
2026-02-17 15:55:00,23128.49,23151.97,23113.09,23145.82,1174052
2026-02-17 16:00:00,23149.66,23156.98,23137.34,23150.82,0
2026-02-17 16:05:00,23148.9,23164.71,23139.68,23143.89,0
2026-02-17 16:10:00,23142.35,23151.2,23140.81,23147.37,0
2026-02-17 16:15:00,23148.32,23186.62,23148.32,23162.76,0
2026-02-17 16:20:00,23162.76,23171.03,23157.75,23158.43,0
2026-02-17 16:25:00,23158.71,23163.91,23155.63,23157.05,0
2026-02-17 16:30:00,23157.17,23158.33,23132.31,23134.26,0
2026-02-17 16:35:00,23133.46,23140.04,23120.02,23137.92,0
2026-02-17 16:40:00,23138.31,23141.96,23129.26,23137.92,0
2026-02-17 16:45:00,23136.19,23142.54,21591.54,23141.2,0
2026-02-17 16:50:00,23134.65,23138.12,23129.26,23131.38,0
2026-02-17 16:55:00,23131.96,23145.43,23130.8,23138.5,0
2026-02-17 17:00:00,23150.05,23150.05,21613.58,23142.58,0
2026-02-17 17:05:00,23143.89,23150.05,23140.04,23142.74,0
2026-02-17 17:10:00,23144.23,23150.05,23141.18,23148.9,0
2026-02-17 17:15:00,23145.09,23150.04,23140.81,23140.81,0
2026-02-17 17:20:00,23144.28,23148.51,23140.82,23144.47,0
2026-02-17 17:25:00,23144.47,23148.51,23140.81,23142.74,0
2026-02-17 17:30:00,23140.81,23148.12,23138.5,23142.35,0
2026-02-17 17:35:00,23142.35,23147.36,23142.35,23145.82,0
2026-02-17 17:40:00,23145.82,23150.05,23144.28,23149.09,0
2026-02-17 17:45:00,23148.12,23150.05,23142.74,23144.66,0
2026-02-17 17:50:00,23144.66,23146.59,23138.88,23142.54,0
2026-02-17 17:55:00,23138.88,23146.2,23135.04,23142.74,0
2026-02-17 18:00:00,23142.74,23150.05,23117.36,23128.88,0
2026-02-17 18:05:00,23127.34,23138.5,21591.54,23114.44,0
2026-02-17 18:10:00,23114.75,23118.29,23104.24,23108.47,0
2026-02-17 18:15:00,23111.2,23131.57,21850.26,23125.99,0
2026-02-17 18:20:00,23125.05,23133.11,23122.72,23124.83,0
2026-02-17 18:25:00,23126.18,23131.17,23117.32,23117.32,0
2026-02-17 18:30:00,23123.87,23126.24,22965.65,23101.16,0
2026-02-17 18:35:00,23100.77,23103.85,23091.14,23097.3,0
2026-02-17 18:40:00,23098.08,23110.01,23098.08,23100.95,0
2026-02-17 18:45:00,23100.96,23100.96,23080.75,23087.3,0
2026-02-17 18:50:00,23086.63,23101.09,23084.98,23097.85,0
2026-02-17 18:55:00,23096.92,23103.85,23084.6,23086.14,0
2026-02-18 04:00:00,23267.48,23277.1,23267.09,23272.1,0
2026-02-18 04:05:00,23274.4,23276.72,23265.94,23276.33,0
2026-02-18 04:10:00,23277.48,23288.26,23275.95,23279.8,0
2026-02-18 04:15:00,23282.49,23287.88,23272.48,23276.72,0
2026-02-18 04:20:00,23272.48,23281.34,23271.71,23281.34,0
2026-02-18 04:25:00,23282.88,23288.65,23280.95,23286.34,0
2026-02-18 04:30:00,23284.41,23296.35,23284.41,23295.96,0
2026-02-18 04:35:00,23295.96,23303.28,23294.04,23301.74,0
2026-02-18 04:40:00,23299.04,23304.05,23299.04,23299.43,0
2026-02-18 04:45:00,23299.43,23299.43,23287.5,23287.5,0
2026-02-18 04:50:00,23288.26,23294.04,23283.26,23289.04,0
2026-02-18 04:55:00,23284.03,23284.8,23273.25,23274.79,0
2026-02-18 05:00:00,23275.56,23296.35,23274.4,23295.2,0
2026-02-18 05:05:00,23299.04,23299.82,23287.11,23292.12,0
2026-02-18 05:10:00,23290.19,23302.12,23290.19,23297.5,0
2026-02-18 05:15:00,23297.5,23300.2,23290.96,23292.5,0
2026-02-18 05:20:00,23292.12,23295.96,23290.58,23292.88,0
2026-02-18 05:25:00,23292.5,23300.2,23289.42,23299.04,0
2026-02-18 05:30:00,23297.89,23299.04,23292.12,23295.96,0
2026-02-18 05:35:00,23295.2,23302.9,23292.88,23295.2,0
2026-02-18 05:40:00,23288.65,23292.12,23283.26,23289.04,0
2026-02-18 05:45:00,23292.5,23294.04,23289.04,23291.34,0
2026-02-18 05:50:00,23292.12,23292.12,23280.56,23285.57,0
2026-02-18 05:55:00,23287.5,23287.5,23279.41,23283.26,0
2026-02-18 06:00:00,23288.26,23289.8,23275.56,23277.87,0
2026-02-18 06:05:00,23280.56,23282.1,23272.48,23274.79,0
2026-02-18 06:10:00,23274.02,23274.02,23262.86,23266.32,0
2026-02-18 06:15:00,23270.55,23272.48,23267.48,23271.32,0
2026-02-18 06:20:00,23275.56,23288.26,23274.4,23287.11,0
2026-02-18 06:25:00,23282.88,23282.88,23270.55,23271.32,0
2026-02-18 06:30:00,23271.32,23280.18,23256.7,23259.78,0
2026-02-18 06:35:00,23257.85,23265.55,23256.31,23261.7,0
2026-02-18 06:40:00,23260.93,23262.86,23256.31,23259.0,0
2026-02-18 06:45:00,23263.62,23268.63,23262.86,23268.63,0
2026-02-18 06:50:00,23265.94,23270.94,23257.85,23262.86,0
2026-02-18 06:55:00,23261.32,23261.7,23259.39,23261.7,0
2026-02-18 07:00:00,23263.62,23299.04,23257.08,23291.34,0
2026-02-18 07:05:00,23293.66,23316.37,23289.8,23299.43,0
2026-02-18 07:10:00,23300.2,23319.06,23299.04,23319.06,0
2026-02-18 07:15:00,23317.91,23322.14,23307.52,23312.52,0
2026-02-18 07:20:00,23306.74,23312.9,23295.2,23296.35,0
2026-02-18 07:25:00,23297.12,23297.12,23265.55,23266.7,0
2026-02-18 07:30:00,23265.94,23266.7,23212.8,23217.81,0
2026-02-18 07:35:00,23219.35,23242.45,23219.35,23242.45,0
2026-02-18 07:40:00,23243.22,23254.38,23238.6,23253.62,0
2026-02-18 07:45:00,23250.15,23255.16,23233.21,23245.14,0
2026-02-18 07:50:00,23246.3,23256.31,23243.99,23249.0,0
2026-02-18 07:55:00,23245.53,23264.4,23242.45,23256.31,0
2026-02-18 08:00:00,23272.43,23322.14,23167.38,23241.3,0
2026-02-18 08:05:00,23238.98,23256.7,23150.05,23250.54,0
2026-02-18 08:10:00,23252.08,23264.4,23252.08,23254.38,0
2026-02-18 08:15:00,23254.38,23261.12,23241.3,23243.6,0
2026-02-18 08:20:00,23241.31,23253.04,23234.36,23246.3,0
2026-02-18 08:25:00,23249.0,23264.43,23249.0,23258.62,0
2026-02-18 08:30:00,23261.7,23284.8,23247.08,23254.38,0
2026-02-18 08:35:00,23251.88,23259.78,23239.76,23239.76,0
2026-02-18 08:40:00,23238.6,23240.49,23204.34,23218.92,0
2026-02-18 08:45:00,23219.35,23221.28,23173.92,23195.86,0
2026-02-18 08:50:00,23200.48,23206.64,23193.55,23193.94,0
2026-02-18 08:55:00,23193.17,23204.34,23188.9,23198.95,0
2026-02-18 09:00:00,23198.56,23206.21,23181.99,23204.34,0
2026-02-18 09:05:00,23205.88,23210.5,23200.52,23207.41,0
2026-02-18 09:10:00,23206.64,23210.11,23194.71,23203.08,0
2026-02-18 09:15:00,23203.56,23216.66,23195.1,23206.26,0
2026-02-18 09:20:00,23207.8,23210.12,23202.02,23202.8,0
2026-02-18 09:25:00,23203.18,23205.88,23179.31,23182.78,0
2026-02-18 09:30:00,23181.23,23204.34,23127.72,23143.89,2173491
2026-02-18 09:35:00,23144.28,23208.57,23131.57,23176.23,865255
2026-02-18 09:40:00,23176.61,23236.48,23161.6,23219.73,1029134
2026-02-18 09:45:00,23217.81,23246.3,23166.6,23174.3,737661
2026-02-18 09:50:00,23174.69,23259.78,23172.19,23252.46,672185
2026-02-18 09:55:00,23252.77,23319.07,23250.46,23302.12,865390
2026-02-18 10:00:00,23302.12,23373.93,23299.43,23371.56,7229752
2026-02-18 10:05:00,23373.35,23402.99,23360.26,23376.82,0
2026-02-18 10:10:00,23376.04,23399.72,23354.68,23396.45,814736
2026-02-18 10:15:00,23396.84,23425.71,23390.29,23406.84,828118
2026-02-18 10:20:00,23406.08,23422.24,23396.84,23402.22,8289400
2026-02-18 10:25:00,23402.22,23422.24,23391.45,23410.7,0
2026-02-18 10:30:00,23410.31,23412.23,23377.2,23378.74,453577
2026-02-18 10:35:00,23378.35,23413.39,23377.2,23411.08,388750
2026-02-18 10:40:00,23411.47,23432.64,23402.99,23418.01,442238
2026-02-18 10:45:00,23418.4,23437.65,23407.61,23425.32,408310
2026-02-18 10:50:00,23426.09,23435.71,23405.88,23435.34,395127
2026-02-18 10:55:00,23435.14,23449.2,23431.48,23437.84,421931
2026-02-18 11:00:00,23438.03,23451.51,23433.79,23449.97,376425
2026-02-18 11:05:00,23449.97,23464.98,23433.79,23438.03,408511
2026-02-18 11:10:00,23438.41,23450.93,23437.65,23449.2,409193
2026-02-18 11:15:00,23449.2,23459.21,23435.34,23438.41,310640
2026-02-18 11:20:00,23437.26,23448.04,23429.56,23447.66,346206
2026-02-18 11:25:00,23447.66,23453.04,23437.45,23444.19,264844
2026-02-18 11:30:00,23444.19,23465.75,23437.65,23453.62,373906
2026-02-18 11:35:00,23453.82,23463.05,23448.81,23459.21,261715
2026-02-18 11:40:00,23459.01,23463.05,23449.2,23454.2,267525
2026-02-18 11:45:00,23454.59,23459.97,23438.41,23439.38,315400
2026-02-18 11:50:00,23439.57,23446.11,23419.16,23425.71,298145
2026-02-18 11:55:00,23425.52,23433.41,23411.47,23414.93,412547
2026-02-18 12:00:00,23414.93,23446.5,23412.23,23445.73,287457
2026-02-18 12:05:00,23446.89,23476.18,23445.15,23456.51,447908
2026-02-18 12:10:00,23456.51,23459.59,23425.71,23435.34,262627
2026-02-18 12:15:00,23435.34,23462.67,23431.87,23459.59,246565
2026-02-18 12:20:00,23458.43,23463.44,23453.82,23456.32,353447
2026-02-18 12:25:00,23456.12,23456.12,23438.03,23441.49,181904
2026-02-18 12:30:00,23441.07,23452.66,23427.83,23431.1,230119
2026-02-18 12:35:00,23431.1,23441.88,23428.41,23438.61,191094
2026-02-18 12:40:00,23438.41,23438.41,23422.24,23431.1,162637
2026-02-18 12:45:00,23431.48,23444.96,23427.64,23438.8,211098
2026-02-18 12:50:00,23438.41,23459.84,23438.41,23458.24,264542
2026-02-18 12:55:00,23457.66,23463.44,23443.03,23448.42,202517
2026-02-18 13:00:00,23448.04,23475.76,23446.89,23459.97,181383
2026-02-18 13:05:00,23459.59,23461.13,23440.34,23443.8,164615
2026-02-18 13:10:00,23444.19,23449.2,23431.68,23435.91,185440
2026-02-18 13:15:00,23435.72,23443.42,23432.26,23433.03,149014
2026-02-18 13:20:00,23433.41,23436.88,23421.86,23423.78,216564
2026-02-18 13:25:00,23424.17,23429.95,23405.3,23416.47,696754
2026-02-18 13:30:00,23416.85,23424.94,23401.07,23412.62,265744
2026-02-18 13:35:00,23412.62,23428.02,23409.54,23414.74,244288
2026-02-18 13:40:00,23414.68,23416.47,23367.0,23386.05,502754
2026-02-18 13:45:00,23385.28,23402.61,23379.9,23385.28,321242
2026-02-18 13:50:00,23385.28,23388.36,23341.01,23378.35,496892
2026-02-18 13:55:00,23378.35,23389.52,23372.58,23383.94,226149
2026-02-18 14:00:00,23380.66,23391.45,23364.11,23385.67,304516
2026-02-18 14:05:00,23386.95,23389.33,23369.5,23369.89,353106
2026-02-18 14:10:00,23371.81,23385.67,23363.53,23366.03,253094
2026-02-18 14:15:00,23366.42,23371.42,23352.95,23358.48,313131
2026-02-18 14:20:00,23358.34,23379.9,23355.64,23368.6,328479
2026-02-18 14:25:00,23369.11,23376.43,23345.24,23350.64,372206
2026-02-18 14:30:00,23350.64,23357.95,23316.76,23325.16,616828
2026-02-18 14:35:00,23325.61,23327.15,23278.64,23292.69,796937
2026-02-18 14:40:00,23292.5,23309.44,23280.57,23290.19,456723
2026-02-18 14:45:00,23290.96,23313.29,23284.8,23290.77,415883
2026-02-18 14:50:00,23290.58,23292.89,23267.86,23271.71,452180
2026-02-18 14:55:00,23271.71,23275.56,23231.09,23250.15,656958
2026-02-18 15:00:00,23250.53,23285.57,23246.68,23268.05,605911
2026-02-18 15:05:00,23267.86,23274.02,23253.23,23254.96,327677
2026-02-18 15:10:00,23256.31,23259.78,23234.36,23245.15,424036
2026-02-18 15:15:00,23244.76,23255.92,23225.12,23244.76,496298
2026-02-18 15:20:00,23245.15,23255.54,23231.28,23255.16,368874
2026-02-18 15:25:00,23254.0,23259.01,23241.68,23243.7,327419
2026-02-18 15:30:00,23243.6,23282.1,23239.37,23277.48,453666
2026-02-18 15:35:00,23276.72,23299.43,23272.1,23296.73,359383
2026-02-18 15:40:00,23296.73,23314.06,23287.88,23305.21,569031
2026-02-18 15:45:00,23305.59,23337.93,23299.43,23329.08,662264
2026-02-18 15:50:00,23329.46,23356.99,23319.84,23347.94,656516
2026-02-18 15:55:00,23348.71,23354.48,23312.52,23318.29,1377407
2026-02-18 16:00:00,23319.06,23326.76,23309.04,23309.82,0
2026-02-18 16:05:00,23309.44,23309.82,23297.12,23300.2,0
2026-02-18 16:10:00,23299.82,23322.91,23298.66,23308.28,0
2026-02-18 16:15:00,23305.98,23322.91,23294.42,23297.82,0
2026-02-18 16:20:00,23297.89,23300.97,23294.81,23298.66,0
2026-02-18 16:25:00,23299.24,23304.05,23295.2,23303.28,0
2026-02-18 16:30:00,23302.51,23305.2,23301.36,23305.2,0
2026-02-18 16:35:00,23304.82,23310.6,23303.87,23308.86,0
2026-02-18 16:40:00,23308.28,23310.6,23306.36,23307.52,0
2026-02-18 16:45:00,23307.9,23313.47,23305.2,23305.59,0
2026-02-18 16:50:00,23304.38,23304.38,23292.25,23292.25,0
2026-02-18 16:55:00,23293.46,23322.91,23292.92,23305.98,0
2026-02-18 17:00:00,23303.09,23322.91,23292.49,23300.2,0
2026-02-18 17:05:00,23299.82,23322.91,23295.58,23297.89,0
2026-02-18 17:10:00,23300.2,23309.82,23298.28,23303.28,0
2026-02-18 17:15:00,23303.18,23322.91,23296.74,23298.66,0
2026-02-18 17:20:00,23298.28,23310.98,23298.28,23304.82,0
2026-02-18 17:25:00,23305.59,23305.59,21701.27,23302.7,0
2026-02-18 17:30:00,23304.82,23309.63,21701.27,23308.67,0
2026-02-18 17:35:00,23308.67,23311.36,23308.67,23310.98,0
2026-02-18 17:40:00,23310.91,23315.6,23309.82,23311.79,0
2026-02-18 17:45:00,23311.75,23317.91,23311.75,23317.14,0
2026-02-18 17:50:00,23317.91,23319.84,23309.82,23313.68,0
2026-02-18 17:55:00,23317.14,23319.06,23309.82,23316.37,0
2026-02-18 18:00:00,23310.98,23337.35,23308.99,23333.7,0
2026-02-18 18:05:00,23333.34,23345.27,23333.34,23345.27,0
2026-02-18 18:10:00,23345.63,23354.1,23344.09,23352.95,0
2026-02-18 18:15:00,23350.64,23353.52,23336.0,23336.0,0
2026-02-18 18:20:00,23335.62,23340.05,23332.16,23332.92,0
2026-02-18 18:25:00,23332.16,23343.13,23330.81,23343.13,0
2026-02-18 18:30:00,23342.23,23348.74,23338.81,23338.81,0
2026-02-18 18:35:00,23337.16,23339.56,23331.96,23336.39,0
2026-02-18 18:40:00,23335.27,23335.87,23330.96,23331.04,0
2026-02-18 18:45:00,23332.73,23346.07,23331.84,23336.54,0
2026-02-18 18:50:00,23335.24,23339.46,23330.62,23337.31,0
2026-02-18 18:55:00,23338.32,23339.86,23326.76,23329.08,0
2026-02-19 04:00:00,23322.91,23337.54,23311.75,23311.75,0
2026-02-19 04:05:00,23311.36,23331.0,23310.98,23330.62,0
2026-02-19 04:10:00,23335.24,23335.24,23327.54,23332.54,0
2026-02-19 04:15:00,23332.54,23332.54,23310.21,23313.68,0
2026-02-19 04:20:00,23317.14,23335.62,23315.22,23332.54,0
2026-02-19 04:25:00,23331.38,23331.38,23297.5,23302.12,0
2026-02-19 04:30:00,23305.2,23311.75,23295.2,23303.66,0
2026-02-19 04:35:00,23302.51,23302.51,23273.25,23279.41,0
2026-02-19 04:40:00,23280.18,23285.96,23264.4,23267.86,0
2026-02-19 04:45:00,23270.55,23270.55,23227.05,23229.36,0
2026-02-19 04:50:00,23237.06,23260.54,23231.28,23259.78,0
2026-02-19 04:55:00,23267.09,23270.17,23258.24,23261.32,0
2026-02-19 05:00:00,23259.39,23272.1,23232.44,23242.45,0
2026-02-19 05:05:00,23240.14,23248.22,23230.52,23239.76,0
2026-02-19 05:10:00,23238.6,23238.6,23209.72,23214.34,0
2026-02-19 05:15:00,23220.12,23236.68,23218.2,23234.75,0
2026-02-19 05:20:00,23234.75,23234.75,23207.8,23213.58,0
2026-02-19 05:25:00,23215.5,23227.05,23215.12,23215.12,0
2026-02-19 05:30:00,23218.58,23227.05,23201.64,23226.28,0
2026-02-19 05:35:00,23227.05,23229.36,23200.1,23215.5,0
2026-02-19 05:40:00,23215.88,23233.6,23215.5,23232.44,0
2026-02-19 05:45:00,23226.66,23242.84,23223.59,23233.98,0
2026-02-19 05:50:00,23228.98,23230.9,23215.5,23219.74,0
2026-02-19 05:55:00,23217.04,23225.12,23213.19,23225.12,0
2026-02-19 06:00:00,23223.97,23223.97,23212.04,23220.89,0
2026-02-19 06:05:00,23215.5,23237.06,23215.5,23236.68,0
2026-02-19 06:10:00,23236.68,23248.61,23236.68,23239.76,0
2026-02-19 06:15:00,23243.99,23244.76,23230.9,23232.82,0
2026-02-19 06:20:00,23232.82,23244.76,23232.82,23244.38,0
2026-02-19 06:25:00,23247.07,23253.62,23243.22,23243.22,0
2026-02-19 06:30:00,23247.07,23254.77,23246.3,23246.3,0
2026-02-19 06:35:00,23244.38,23245.14,23233.98,23235.14,0
2026-02-19 06:40:00,23240.52,23247.84,23238.98,23238.98,0
2026-02-19 06:45:00,23242.84,23242.84,23233.6,23234.75,0
2026-02-19 06:50:00,23234.75,23242.45,23216.66,23240.91,0
2026-02-19 06:55:00,23236.29,23250.15,23236.29,23247.84,0
2026-02-19 07:00:00,23250.15,23250.15,23190.48,23211.65,0
2026-02-19 07:05:00,23217.81,23232.44,23217.04,23230.13,0
2026-02-19 07:10:00,23230.52,23238.98,23227.05,23227.05,0
2026-02-19 07:15:00,23232.82,23236.29,23219.35,23235.52,0
2026-02-19 07:20:00,23233.6,23245.14,23231.67,23245.14,0
2026-02-19 07:25:00,23246.3,23264.78,23246.3,23250.15,0
2026-02-19 07:30:00,23245.14,23249.38,23241.68,23249.38,0
2026-02-19 07:35:00,23245.14,23254.0,23237.83,23254.0,0
2026-02-19 07:40:00,23253.23,23264.4,23252.46,23263.24,0
2026-02-19 07:45:00,23263.24,23264.4,23255.19,23260.54,0
2026-02-19 07:50:00,23256.35,23258.24,23243.6,23245.14,0
2026-02-19 07:55:00,23242.45,23245.53,23239.76,23242.45,0
2026-02-19 08:00:00,23249.76,23408.77,23190.5,23232.05,0
2026-02-19 08:05:00,23322.91,23322.91,23217.81,23220.79,0
2026-02-19 08:10:00,23220.98,23230.13,23218.2,23222.82,0
2026-02-19 08:15:00,23223.39,23226.66,23205.09,23213.1,0
2026-02-19 08:20:00,23215.5,23217.81,23190.48,23191.96,0
2026-02-19 08:25:00,23190.12,23209.72,23186.61,23201.64,0
2026-02-19 08:30:00,23207.8,23217.04,23172.76,23214.34,0
2026-02-19 08:35:00,23214.46,23251.3,23008.76,23234.94,0
2026-02-19 08:40:00,23235.52,23240.91,23223.2,23224.36,0
2026-02-19 08:45:00,23219.35,23322.91,23210.5,23227.82,0
2026-02-19 08:50:00,23227.44,23250.92,23225.12,23246.68,0
2026-02-19 08:55:00,23244.38,23247.46,23224.42,23226.28,0
2026-02-19 09:00:00,23227.82,23235.9,23207.8,23208.9,0
2026-02-19 09:05:00,23209.34,23214.73,23202.74,23205.88,0
2026-02-19 09:10:00,23207.03,23224.39,23202.8,23222.04,0
2026-02-19 09:15:00,23221.96,23241.3,23217.04,23239.93,0
2026-02-19 09:20:00,23240.12,23244.37,23235.9,23240.14,0
2026-02-19 09:25:00,23240.14,23241.68,23205.1,23208.57,0
2026-02-19 09:30:00,23208.18,23252.46,23190.86,23209.34,1540722
2026-02-19 09:35:00,23207.8,23211.27,23142.35,23189.71,996309
2026-02-19 09:40:00,23190.09,23229.36,23151.78,23218.2,829207
2026-02-19 09:45:00,23218.97,23223.97,23154.67,23200.1,748650
2026-02-19 09:50:00,23202.79,23258.62,23200.29,23233.98,754418
2026-02-19 09:55:00,23233.59,23287.88,23232.05,23250.93,652788
2026-02-19 10:00:00,23251.69,23316.37,23221.28,23291.15,726017
2026-02-19 10:05:00,23293.27,23297.89,23257.85,23263.82,513943
2026-02-19 10:10:00,23264.01,23282.68,23235.14,23247.46,431421
2026-02-19 10:15:00,23247.46,23297.51,23245.91,23270.36,492588
2026-02-19 10:20:00,23270.39,23287.49,23229.17,23283.26,451961
2026-02-19 10:25:00,23282.88,23283.26,23228.21,23231.28,423728
2026-02-19 10:30:00,23230.52,23306.74,23222.82,23304.43,544429
2026-02-19 10:35:00,23304.43,23309.82,23274.02,23287.88,443573
2026-02-19 10:40:00,23287.88,23302.12,23277.87,23286.72,286465
2026-02-19 10:45:00,23287.11,23298.28,23273.25,23286.72,307189
2026-02-19 10:50:00,23287.88,23287.88,23234.36,23244.76,482835
2026-02-19 10:55:00,23244.38,23294.42,23243.22,23290.29,347776
2026-02-19 11:00:00,23291.34,23299.82,23257.08,23261.7,391427
2026-02-19 11:05:00,23262.09,23267.86,23224.74,23263.82,440020
2026-02-19 11:10:00,23264.4,23281.34,23244.76,23274.79,366998
2026-02-19 11:15:00,23275.17,23316.37,23271.33,23308.67,379283
2026-02-19 11:20:00,23309.44,23323.88,23304.43,23311.36,344789
2026-02-19 11:25:00,23312.14,23316.37,23244.38,23244.38,477610
2026-02-19 11:30:00,23244.76,23287.49,23244.76,23284.8,409083
2026-02-19 11:35:00,23284.8,23285.96,23250.15,23262.09,307635
2026-02-19 11:40:00,23261.7,23266.71,23213.19,23216.66,348773
2026-02-19 11:45:00,23215.89,23235.52,23193.17,23204.34,478526
2026-02-19 11:50:00,23203.95,23242.84,23177.96,23240.53,604808
2026-02-19 11:55:00,23240.53,23242.84,23210.16,23216.66,341211
2026-02-19 12:00:00,23217.04,23222.43,23188.93,23197.79,281187
2026-02-19 12:05:00,23197.41,23225.51,23185.85,23203.95,413964
2026-02-19 12:10:00,23203.18,23223.59,23198.17,23218.39,328774
2026-02-19 12:15:00,23218.58,23245.53,23201.64,23242.07,324234
2026-02-19 12:20:00,23242.45,23272.86,23233.59,23258.43,288164
2026-02-19 12:25:00,23256.7,23261.32,23221.66,23232.05,305087
2026-02-19 12:30:00,23232.05,23242.07,23219.73,23226.66,4754670
2026-02-19 12:35:00,23225.12,23237.45,23209.72,23221.66,676162
2026-02-19 12:40:00,23221.28,23236.67,23213.19,23214.73,237691
2026-02-19 12:45:00,23214.73,23216.66,23160.45,23173.15,538831
2026-02-19 12:50:00,23173.92,23197.41,23148.9,23168.91,505924
2026-02-19 12:55:00,23168.53,23184.89,23143.89,23157.36,450890
2026-02-19 13:00:00,23158.14,23170.26,23145.82,23150.05,311936
2026-02-19 13:05:00,23150.43,23180.66,23150.18,23179.7,262175
2026-02-19 13:10:00,23177.0,23212.42,23167.76,23205.88,356064
2026-02-19 13:15:00,23205.1,23206.65,23148.12,23150.82,372213
2026-02-19 13:20:00,23150.05,23162.37,23129.26,23156.21,464125
2026-02-19 13:25:00,23155.05,23178.16,23145.82,23165.64,600637
2026-02-19 13:30:00,23165.07,23179.5,23147.45,23154.28,347891
2026-02-19 13:35:00,23155.05,23166.6,23144.66,23163.53,293211
2026-02-19 13:40:00,23163.53,23168.53,23148.12,23161.98,321413
2026-02-19 13:45:00,23161.22,23198.56,23160.45,23192.02,361730
2026-02-19 13:50:00,23192.02,23197.02,23175.84,23188.93,200990
2026-02-19 13:55:00,23188.74,23221.28,23183.54,23215.5,15952062
2026-02-19 14:00:00,23213.96,23216.66,23194.81,23202.79,0
2026-02-19 14:05:00,23202.41,23218.97,23199.72,23213.77,179124
2026-02-19 14:10:00,23214.73,23215.5,23188.93,23198.17,508869
2026-02-19 14:15:00,23198.17,23213.19,23196.06,23211.27,144595
2026-02-19 14:20:00,23210.88,23221.28,23202.41,23217.81,162254
2026-02-19 14:25:00,23217.81,23220.7,23170.46,23184.32,294918
2026-02-19 14:30:00,23183.93,23199.33,23180.47,23190.47,291912
2026-02-19 14:35:00,23190.09,23192.02,23138.69,23139.66,377314
2026-02-19 14:40:00,23138.89,23163.53,23134.65,23151.78,416737
2026-02-19 14:45:00,23151.78,23162.37,23131.57,23145.04,308449
2026-02-19 14:50:00,23145.43,23166.03,23141.58,23154.09,281540
2026-02-19 14:55:00,23154.3,23169.3,23151.98,23160.06,294950
2026-02-19 15:00:00,23158.91,23195.44,23158.91,23186.62,324180
2026-02-19 15:05:00,23185.09,23187.01,23165.84,23168.91,249093
2026-02-19 15:10:00,23169.69,23182.78,23166.6,23171.61,231859
2026-02-19 15:15:00,23171.99,23179.31,23155.05,23179.31,373089
2026-02-19 15:20:00,23179.31,23185.09,23163.53,23165.45,286539
2026-02-19 15:25:00,23165.45,23169.88,23158.14,23164.68,192352
2026-02-19 15:30:00,23163.91,23192.02,23159.67,23182.39,333592
2026-02-19 15:35:00,23182.48,23188.16,23174.69,23178.16,191038
2026-02-19 15:40:00,23177.96,23188.74,23170.06,23183.54,251849
2026-02-19 15:45:00,23183.93,23210.88,23180.47,23207.03,729718
2026-02-19 15:50:00,23205.88,23214.54,23192.4,23210.49,405980
2026-02-19 15:55:00,23210.11,23236.29,23206.65,23233.98,1493885
2026-02-19 16:00:00,23235.14,23242.45,23227.05,23235.71,0
2026-02-19 16:05:00,23236.47,23240.52,23232.05,23232.05,0
2026-02-19 16:10:00,23232.05,23237.06,23034.16,23225.12,0
2026-02-19 16:15:00,23223.97,23233.6,23223.2,23225.12,0
2026-02-19 16:20:00,23223.97,23240.14,23198.56,23222.04,0
2026-02-19 16:25:00,23222.04,23229.52,23220.12,23222.01,0
2026-02-19 16:30:00,23221.47,23233.6,23210.11,23211.07,0
2026-02-19 16:35:00,23211.27,23214.92,23210.5,23212.76,0
2026-02-19 16:40:00,23213.19,23215.88,23203.56,23203.95,0
2026-02-19 16:45:00,23203.56,23233.6,23203.56,23208.18,0
2026-02-19 16:50:00,23208.57,23212.42,23205.1,23206.26,0
2026-02-19 16:55:00,23208.57,23213.58,21810.94,23212.04,0
2026-02-19 17:00:00,23210.11,23233.6,23207.8,23213.38,0
2026-02-19 17:05:00,23212.66,23233.6,23211.26,23211.83,0
2026-02-19 17:10:00,23212.61,23214.34,23212.61,23214.34,0
2026-02-19 17:15:00,23214.34,23215.5,23213.58,23215.46,0
2026-02-19 17:20:00,23215.42,23233.6,23213.96,23215.5,0
2026-02-19 17:25:00,23214.54,23215.5,23213.58,23215.12,0
2026-02-19 17:30:00,23215.12,23215.5,23212.42,23215.48,0
2026-02-19 17:35:00,23215.5,23215.5,23211.65,23213.96,0
2026-02-19 17:40:00,23212.42,23215.5,23212.42,23215.44,0
2026-02-19 17:45:00,23215.43,23215.5,23205.88,23208.76,0
2026-02-19 17:50:00,23207.41,23214.73,23206.64,23212.8,0
2026-02-19 17:55:00,23211.48,23214.73,23200.29,23209.72,0
2026-02-19 18:00:00,23208.96,23215.5,23200.48,23213.19,0
2026-02-19 18:05:00,23214.34,23220.31,23213.58,23219.35,0
2026-02-19 18:10:00,23221.66,23221.66,23206.26,23216.85,0
2026-02-19 18:15:00,23219.16,23231.28,23219.16,23225.9,0
2026-02-19 18:20:00,23226.28,23229.36,23223.97,23225.9,0
2026-02-19 18:25:00,23228.59,23236.68,23228.2,23230.13,0
2026-02-19 18:30:00,23230.41,23244.77,23229.74,23244.76,0
2026-02-19 18:35:00,23245.08,23256.7,23244.38,23247.79,0
2026-02-19 18:40:00,23247.07,23248.22,23242.45,23242.45,0
2026-02-19 18:45:00,23243.6,23253.23,23242.84,23248.42,0
2026-02-19 18:50:00,23246.68,23247.84,23237.45,23240.91,0
2026-02-19 18:55:00,23239.37,23247.65,23239.37,23246.89,0
2026-02-20 04:00:00,23310.6,23320.22,23305.59,23318.68,0
2026-02-20 04:05:00,23317.91,23332.16,23317.91,23324.84,0
2026-02-20 04:10:00,23326.76,23332.54,23320.22,23332.16,0
2026-02-20 04:15:00,23332.54,23352.95,23331.0,23348.71,0
2026-02-20 04:20:00,23348.71,23353.72,23345.63,23347.55,0
2026-02-20 04:25:00,23349.48,23351.4,23342.16,23347.17,0
2026-02-20 04:30:00,23345.24,23349.86,23337.54,23342.16,0
2026-02-20 04:35:00,23339.86,23339.86,23327.15,23327.92,0
2026-02-20 04:40:00,23329.46,23331.38,23323.68,23331.0,0
2026-02-20 04:45:00,23331.38,23332.54,23314.83,23317.14,0
2026-02-20 04:50:00,23316.76,23319.84,23311.36,23318.68,0
2026-02-20 04:55:00,23315.22,23316.76,23307.9,23311.75,0
2026-02-20 05:00:00,23311.75,23311.75,23299.82,23305.98,0
2026-02-20 05:05:00,23305.2,23316.76,23304.82,23315.6,0
2026-02-20 05:10:00,23315.6,23315.6,23309.44,23313.29,0
2026-02-20 05:15:00,23315.98,23319.84,23311.75,23319.06,0
2026-02-20 05:20:00,23313.68,23313.68,23295.58,23298.28,0
2026-02-20 05:25:00,23300.97,23305.2,23299.04,23304.82,0
2026-02-20 05:30:00,23301.74,23301.74,23294.04,23299.04,0
2026-02-20 05:35:00,23300.2,23310.98,23300.2,23306.74,0
2026-02-20 05:40:00,23304.44,23304.44,23294.42,23302.12,0
2026-02-20 05:45:00,23301.74,23309.44,23299.82,23309.05,0
2026-02-20 05:50:00,23305.98,23308.67,23296.35,23296.35,0
2026-02-20 05:55:00,23299.82,23302.9,23278.64,23279.8,0
2026-02-20 06:00:00,23277.87,23277.87,23228.2,23231.28,0
2026-02-20 06:05:00,23234.75,23250.92,23232.44,23249.0,0
2026-02-20 06:10:00,23252.08,23254.77,23249.38,23250.15,0
2026-02-20 06:15:00,23246.3,23257.85,23245.14,23245.14,0
2026-02-20 06:20:00,23242.45,23250.15,23237.45,23248.61,0
2026-02-20 06:25:00,23254.0,23264.01,23254.0,23259.39,0
2026-02-20 06:30:00,23259.0,23262.86,23254.77,23262.86,0
2026-02-20 06:35:00,23265.16,23267.09,23246.3,23251.3,0
2026-02-20 06:40:00,23250.92,23250.92,23232.05,23241.68,0
2026-02-20 06:45:00,23240.52,23242.45,23221.28,23222.04,0
2026-02-20 06:50:00,23220.12,23227.82,23214.73,23218.96,0
2026-02-20 06:55:00,23216.66,23217.81,23197.4,23213.19,0
2026-02-20 07:00:00,23213.19,23213.96,23192.02,23208.96,0
2026-02-20 07:05:00,23214.73,23217.04,23209.72,23212.42,0
2026-02-20 07:10:00,23212.42,23223.97,23210.88,23223.97,0
2026-02-20 07:15:00,23228.2,23229.4,23195.86,23195.86,0
2026-02-20 07:20:00,23196.25,23203.95,23185.86,23203.95,0
2026-02-20 07:25:00,23199.72,23205.49,23192.02,23192.02,0
2026-02-20 07:30:00,23191.63,23196.25,23177.38,23193.17,0
2026-02-20 07:35:00,23191.63,23200.1,23183.54,23186.24,0
2026-02-20 07:40:00,23193.55,23193.94,23182.39,23190.09,0
2026-02-20 07:45:00,23187.78,23193.55,23178.92,23193.55,0
2026-02-20 07:50:00,23193.55,23212.8,23193.55,23197.79,0
2026-02-20 07:55:00,23195.86,23212.8,23195.86,23212.8,0
2026-02-20 08:00:00,23311.7,23354.49,23177.02,23211.65,0
2026-02-20 08:05:00,23210.11,23233.6,23200.1,23210.11,0
2026-02-20 08:10:00,23210.69,23210.69,23200.87,23206.64,0
2026-02-20 08:15:00,23209.76,23251.0,23208.18,23232.09,0
2026-02-20 08:20:00,23232.09,23234.36,23213.19,23213.38,0
2026-02-20 08:25:00,23213.58,23244.42,23207.99,23243.03,0
2026-02-20 08:30:00,23237.99,23239.37,23146.2,23163.52,0
2026-02-20 08:35:00,23162.37,23179.7,23147.36,23153.52,0
2026-02-20 08:40:00,23153.9,23153.9,23114.24,23131.18,0
2026-02-20 08:45:00,23133.11,23233.6,23112.32,23120.02,0
2026-02-20 08:50:00,23122.33,23145.82,23122.33,23133.5,0
2026-02-20 08:55:00,23134.9,23157.96,23131.96,23154.73,0
2026-02-20 09:00:00,23154.46,23168.15,23148.12,23154.28,0
2026-02-20 09:05:00,23156.21,23159.1,23142.74,23143.86,0
2026-02-20 09:10:00,23143.5,23143.89,23116.22,23125.02,0
2026-02-20 09:15:00,23124.26,23126.56,23098.84,23103.08,0
2026-02-20 09:20:00,23103.85,23110.07,23088.45,23104.24,0
2026-02-20 09:25:00,23105.39,23123.1,23093.84,23104.62,0
2026-02-20 09:30:00,23104.23,23201.64,23070.35,23186.24,2218972
2026-02-20 09:35:00,23188.16,23267.47,23177.77,23228.97,909507
2026-02-20 09:40:00,23227.43,23320.91,23224.35,23295.58,548822
2026-02-20 09:45:00,23298.28,23328.69,23268.63,23273.64,541935
2026-02-20 09:50:00,23276.72,23279.41,23232.05,23251.69,547839
2026-02-20 09:55:00,23255.92,23283.26,23233.21,23275.94,498614
2026-02-20 10:00:00,23275.95,23444.96,23264.2,23345.05,1245645
2026-02-20 10:05:00,23349.48,23352.56,23237.45,23350.44,888377
2026-02-20 10:10:00,23350.64,23398.38,23299.82,23302.51,734177
2026-02-20 10:15:00,23302.85,23368.34,23240.53,23336.78,748918
2026-02-20 10:20:00,23337.16,23399.15,23332.54,23375.27,512701
2026-02-20 10:25:00,23376.82,23404.15,23327.92,23344.47,613755
2026-02-20 10:30:00,23346.02,23365.27,23284.41,23312.91,699720
2026-02-20 10:35:00,23314.06,23384.52,23299.04,23374.89,464919
2026-02-20 10:40:00,23376.82,23431.48,23325.22,23425.33,725664
2026-02-20 10:45:00,23425.71,23460.74,23393.76,23440.34,613653
2026-02-20 10:50:00,23441.49,23483.27,23421.09,23474.99,525137
2026-02-20 10:55:00,23475.76,23486.54,23458.82,23479.61,386828
2026-02-20 11:00:00,23478.07,23498.47,23463.83,23483.08,408295
2026-02-20 11:05:00,23482.69,23485.77,23461.13,23467.67,387977
2026-02-20 11:10:00,23469.22,23479.61,23434.95,23439.57,423861
2026-02-20 11:15:00,23441.49,23448.81,23388.36,23405.88,488340
2026-02-20 11:20:00,23409.16,23409.16,23366.42,23379.51,577369
2026-02-20 11:25:00,23379.51,23385.67,23346.88,23349.48,2846576
2026-02-20 11:30:00,23349.09,23412.23,23339.85,23406.46,412118
2026-02-20 11:35:00,23408.0,23438.41,23383.74,23437.65,357072
2026-02-20 11:40:00,23438.8,23470.5,23424.17,23455.74,344829
2026-02-20 11:45:00,23455.35,23486.92,23452.28,23485.0,360744
2026-02-20 11:50:00,23485.19,23489.49,23460.74,23482.3,362127
2026-02-20 11:55:00,23481.92,23485.96,23453.04,23460.36,346829
2026-02-20 12:00:00,23460.36,23470.37,23429.95,23431.48,375358
2026-02-20 12:05:00,23432.26,23436.1,23396.53,23399.72,343921
2026-02-20 12:10:00,23400.3,23400.3,23351.79,23353.46,544979
2026-02-20 12:15:00,23353.33,23353.33,23294.42,23301.22,656200
2026-02-20 12:20:00,23300.2,23314.45,23261.7,23263.62,588666
2026-02-20 12:25:00,23263.62,23302.12,23257.08,23301.74,536695
2026-02-20 12:30:00,23302.51,23344.09,23294.81,23326.19,395212
2026-02-20 12:35:00,23327.53,23339.28,23288.65,23334.47,506873
2026-02-20 12:40:00,23334.55,23342.93,23304.82,23334.89,372497
2026-02-20 12:45:00,23336.01,23376.82,23320.22,23372.2,758698
2026-02-20 12:50:00,23371.81,23405.69,23354.48,23393.68,466403
2026-02-20 12:55:00,23394.14,23409.16,23339.09,23401.07,476780
2026-02-20 13:00:00,23400.68,23411.08,23371.42,23373.74,421541
2026-02-20 13:05:00,23375.2,23408.0,23371.04,23391.08,245532
2026-02-20 13:10:00,23391.83,23391.83,23361.03,23371.42,243337
2026-02-20 13:15:00,23370.66,23370.66,23335.62,23348.52,277384
2026-02-20 13:20:00,23349.09,23365.65,23302.9,23353.72,433600
2026-02-20 13:25:00,23356.41,23357.95,23316.37,23335.23,281547
2026-02-20 13:30:00,23337.54,23428.79,23304.43,23394.53,523837
2026-02-20 13:35:00,23394.91,23420.71,23336.39,23391.83,654406
2026-02-20 13:40:00,23392.6,23439.18,23390.67,23433.41,300327
2026-02-20 13:45:00,23433.03,23481.15,23432.64,23446.5,442880
2026-02-20 13:50:00,23446.89,23469.22,23413.78,23462.19,445359
2026-02-20 13:55:00,23463.05,23472.1,23448.42,23457.66,264214
2026-02-20 14:00:00,23460.74,23477.68,23456.12,23463.83,323442
2026-02-20 14:05:00,23463.44,23465.29,23437.26,23443.42,417060
2026-02-20 14:10:00,23443.9,23451.51,23423.02,23426.48,468622
2026-02-20 14:15:00,23426.86,23431.68,23417.62,23425.33,235630
2026-02-20 14:20:00,23426.09,23447.46,23417.62,23435.72,227388
2026-02-20 14:25:00,23434.95,23436.88,23404.34,23418.47,237177
2026-02-20 14:30:00,23418.78,23440.34,23418.01,23425.71,245017
2026-02-20 14:35:00,23426.48,23429.95,23408.77,23414.93,222661
2026-02-20 14:40:00,23415.7,23423.78,23400.68,23404.15,214086
2026-02-20 14:45:00,23405.3,23410.31,23395.29,23404.92,175801
2026-02-20 14:50:00,23404.53,23428.02,23399.53,23404.92,249761
2026-02-20 14:55:00,23404.54,23413.01,23385.28,23388.75,246217
2026-02-20 15:00:00,23389.33,23416.47,23383.36,23409.92,352392
2026-02-20 15:05:00,23409.54,23439.96,23408.39,23429.17,375274
2026-02-20 15:10:00,23430.02,23436.1,23421.86,23431.18,155588
2026-02-20 15:15:00,23430.33,23433.03,23408.0,23410.31,227050
2026-02-20 15:20:00,23411.08,23412.23,23391.83,23395.68,303815
2026-02-20 15:25:00,23395.29,23399.91,23381.82,23387.59,30265128
2026-02-20 15:30:00,23388.36,23404.73,23384.9,23392.22,0
2026-02-20 15:35:00,23392.98,23410.97,23389.91,23409.16,209376
2026-02-20 15:40:00,23408.0,23424.55,23407.42,23424.55,252151
2026-02-20 15:45:00,23424.17,23428.79,23410.31,23410.7,358278
2026-02-20 15:50:00,23410.7,23427.25,23401.83,23419.55,530312
2026-02-20 15:55:00,23419.55,23441.49,23411.08,23441.49,991012
2026-02-20 16:00:00,23439.96,23450.35,23429.95,23448.04,0
2026-02-20 16:05:00,23446.88,23452.28,23439.57,23444.96,0
2026-02-20 16:10:00,23443.42,23445.73,23435.72,23442.53,0
2026-02-20 16:15:00,23441.88,23441.88,23431.1,23434.56,0
2026-02-20 16:20:00,23435.3,23437.64,23431.48,23434.18,0
2026-02-20 16:25:00,23433.53,23434.95,23431.89,23433.02,0
2026-02-20 16:30:00,23432.26,23437.64,23431.87,23437.26,0
2026-02-20 16:35:00,23437.13,23439.18,23435.34,23438.41,0
2026-02-20 16:40:00,23438.8,23443.04,23437.64,23439.18,0
2026-02-20 16:45:00,23439.18,23442.26,23438.03,23439.92,0
2026-02-20 16:50:00,23439.2,23443.04,23435.34,23443.04,0
2026-02-20 16:55:00,23443.04,23444.77,23434.37,23438.8,0
2026-02-20 17:00:00,23440.72,23442.65,23438.8,23439.64,0
2026-02-20 17:05:00,23440.92,23440.92,23437.07,23439.86,0
2026-02-20 17:10:00,23439.58,23439.58,23431.84,23431.87,0
2026-02-20 17:15:00,23432.64,23433.8,23427.64,23430.33,0
2026-02-20 17:20:00,23430.72,23433.41,23425.71,23428.02,0
2026-02-20 17:25:00,23428.02,23431.87,23425.71,23430.33,0
2026-02-20 17:30:00,23430.72,23433.6,23430.72,23431.87,0
2026-02-20 17:35:00,23432.83,23438.41,23430.72,23433.8,0
2026-02-20 17:40:00,23430.72,23436.88,23430.72,23435.72,0
2026-02-20 17:45:00,23436.1,23436.83,23433.02,23434.56,0
2026-02-20 17:50:00,23433.8,23434.53,23430.52,23430.52,0
2026-02-20 17:55:00,23431.46,23434.56,23430.52,23434.56,0
2026-02-20 18:00:00,23434.56,23434.56,23431.94,23433.22,0
2026-02-20 18:05:00,23433.22,23434.56,23429.56,23432.45,0
2026-02-20 18:10:00,23431.92,23434.31,23431.48,23433.02,0
2026-02-20 18:15:00,23432.83,23434.18,23431.48,23434.18,0
2026-02-20 18:20:00,23432.79,23434.18,23431.1,23431.1,0
2026-02-20 18:25:00,23431.48,23434.18,23431.1,23434.13,0
2026-02-20 18:30:00,23432.25,23442.26,23432.25,23439.22,0
2026-02-20 18:35:00,23439.57,23442.26,23439.18,23439.2,0
2026-02-20 18:40:00,23439.18,23442.26,23439.18,23440.15,0
2026-02-20 18:45:00,23439.57,23441.11,23435.34,23438.41,0
2026-02-20 18:50:00,23438.03,23442.65,23436.1,23441.5,0
2026-02-20 18:55:00,23440.72,23445.73,23438.8,23445.63,0
2026-02-23 04:00:00,23304.82,23335.62,23304.82,23335.62,0
2026-02-23 04:05:00,23334.46,23346.4,23333.7,23346.4,0
2026-02-23 04:10:00,23348.32,23368.73,23347.55,23365.26,0
2026-02-23 04:15:00,23366.8,23366.8,23350.64,23350.64,0
2026-02-23 04:20:00,23351.02,23359.1,23346.4,23353.72,0
2026-02-23 04:25:00,23354.1,23366.04,23352.56,23366.04,0
2026-02-23 04:30:00,23365.65,23370.27,23347.94,23348.71,0
2026-02-23 04:35:00,23351.4,23371.81,23350.25,23366.8,0
2026-02-23 04:40:00,23366.8,23375.28,23366.8,23368.73,0
2026-02-23 04:45:00,23368.73,23371.81,23361.8,23361.8,0
2026-02-23 04:50:00,23358.34,23364.5,23358.34,23361.41,0
2026-02-23 04:55:00,23361.03,23361.03,23356.02,23356.02,0
2026-02-23 05:00:00,23357.56,23364.88,23352.95,23352.95,0
2026-02-23 05:05:00,23355.64,23364.88,23355.26,23362.96,0
2026-02-23 05:10:00,23364.11,23374.89,23362.18,23364.11,0
2026-02-23 05:15:00,23359.88,23360.26,23354.48,23355.64,0
2026-02-23 05:20:00,23351.4,23353.72,23349.1,23353.72,0
2026-02-23 05:25:00,23354.1,23354.1,23322.91,23343.7,0
2026-02-23 05:30:00,23344.48,23346.78,23334.46,23343.7,0
2026-02-23 05:35:00,23346.02,23347.55,23339.09,23346.4,0
2026-02-23 05:40:00,23349.86,23355.64,23349.86,23352.95,0
2026-02-23 05:45:00,23346.78,23347.94,23341.01,23341.78,0
2026-02-23 05:50:00,23344.48,23347.55,23342.55,23344.86,0
2026-02-23 05:55:00,23341.78,23343.7,23339.09,23343.7,0
2026-02-23 06:00:00,23346.02,23346.02,23338.32,23340.24,0
2026-02-23 06:05:00,23337.16,23339.86,23332.92,23337.93,0
2026-02-23 06:10:00,23342.16,23350.64,23340.24,23350.64,0
2026-02-23 06:15:00,23354.1,23358.72,23353.33,23355.64,0
2026-02-23 06:20:00,23350.64,23351.02,23343.7,23345.24,0
2026-02-23 06:25:00,23342.94,23342.94,23339.47,23339.86,0
2026-02-23 06:30:00,23340.62,23341.4,23332.16,23334.85,0
2026-02-23 06:35:00,23331.77,23334.85,23324.46,23327.92,0
2026-02-23 06:40:00,23327.92,23328.69,23322.91,23323.68,0
2026-02-23 06:45:00,23326.0,23326.38,23301.36,23301.36,0
2026-02-23 06:50:00,23302.12,23304.05,23295.2,23295.58,0
2026-02-23 06:55:00,23293.27,23308.67,23286.72,23306.36,0
2026-02-23 07:00:00,23305.59,23316.37,23291.73,23307.9,0
2026-02-23 07:05:00,23307.13,23315.98,23306.74,23310.98,0
2026-02-23 07:10:00,23306.74,23306.74,23297.12,23297.89,0
2026-02-23 07:15:00,23296.35,23296.35,23283.64,23290.19,0
2026-02-23 07:20:00,23289.04,23294.42,23284.8,23290.58,0
2026-02-23 07:25:00,23287.5,23287.88,23280.95,23284.03,0
2026-02-23 07:30:00,23279.8,23283.26,23265.51,23276.33,0
2026-02-23 07:35:00,23276.72,23293.27,23272.86,23288.65,0
2026-02-23 07:40:00,23289.04,23300.2,23280.95,23300.2,0
2026-02-23 07:45:00,23298.28,23302.47,23279.41,23279.41,0
2026-02-23 07:50:00,23279.41,23289.04,23277.48,23288.26,0
2026-02-23 07:55:00,23284.41,23284.41,23273.25,23279.02,0
2026-02-23 08:00:00,23309.78,23374.16,23194.32,23241.3,0
2026-02-23 08:05:00,23277.1,23439.18,23203.18,23306.36,0
2026-02-23 08:10:00,23305.98,23308.28,23293.27,23296.74,0
2026-02-23 08:15:00,23295.96,23308.67,23290.19,23291.92,0
2026-02-23 08:20:00,23294.42,23311.75,23294.42,23302.12,0
2026-02-23 08:25:00,23305.2,23312.45,23297.5,23303.28,0
2026-02-23 08:30:00,23303.66,23317.14,23293.66,23293.66,0
2026-02-23 08:35:00,23294.81,23313.29,23289.23,23311.36,0
2026-02-23 08:40:00,23312.52,23325.22,23311.75,23324.63,0
2026-02-23 08:45:00,23325.03,23439.18,23313.68,23316.37,0
2026-02-23 08:50:00,23319.06,23325.05,23310.57,23320.99,0
2026-02-23 08:55:00,23320.41,23320.99,23304.44,23312.14,0
2026-02-23 09:00:00,23312.15,23321.57,23309.85,23315.22,0
2026-02-23 09:05:00,23315.22,23323.68,23313.48,23313.48,0
2026-02-23 09:10:00,23313.68,23336.78,23310.6,23336.0,0
2026-02-23 09:15:00,23336.39,23336.39,23318.68,23319.06,0
2026-02-23 09:20:00,23319.26,23329.84,23314.64,23328.69,0
2026-02-23 09:25:00,23328.69,23355.66,23324.46,23354.1,0
2026-02-23 09:30:00,23355.14,23408.39,23344.09,23372.97,1695352
2026-02-23 09:35:00,23375.28,23397.22,23338.32,23367.58,664156
2026-02-23 09:40:00,23367.96,23367.96,23260.16,23260.54,849910
2026-02-23 09:45:00,23260.93,23299.82,23238.22,23270.94,810523
2026-02-23 09:50:00,23268.63,23338.28,23267.47,23300.97,781214
2026-02-23 09:55:00,23299.43,23318.68,23279.36,23290.96,4674050
2026-02-23 10:00:00,23289.8,23326.19,23245.15,23247.46,0
2026-02-23 10:05:00,23247.46,23270.75,23224.16,23238.45,785890
2026-02-23 10:10:00,23239.76,23279.79,23239.37,23255.92,609655
2026-02-23 10:15:00,23255.16,23279.79,23240.14,23278.26,421786
2026-02-23 10:20:00,23278.19,23306.36,23259.01,23276.33,516368
2026-02-23 10:25:00,23275.56,23282.1,23247.46,23253.23,343666
2026-02-23 10:30:00,23252.84,23279.6,23232.83,23233.59,621288
2026-02-23 10:35:00,23233.98,23252.84,23215.31,23227.05,546563
2026-02-23 10:40:00,23227.43,23236.67,23202.41,23213.19,7905231
2026-02-23 10:45:00,23212.8,23233.98,23198.17,23208.05,0
2026-02-23 10:50:00,23209.34,23222.43,23160.83,23162.95,581570
2026-02-23 10:55:00,23162.76,23167.76,23128.88,23133.11,690786
2026-02-23 11:00:00,23133.11,23144.66,23081.91,23100.39,769987
2026-02-23 11:05:00,23101.16,23103.85,23066.12,23078.44,660767
2026-02-23 11:10:00,23078.44,23099.61,23063.42,23076.9,722884
2026-02-23 11:15:00,23076.9,23115.02,23063.42,23112.71,10916807
2026-02-23 11:20:00,23112.32,23131.76,23103.18,23116.55,1420174
2026-02-23 11:25:00,23114.24,23166.6,23113.86,23164.29,842269
2026-02-23 11:30:00,23163.91,23175.08,23145.82,23153.13,0
2026-02-23 11:35:00,23153.13,23168.15,23139.27,23147.74,415814
2026-02-23 11:40:00,23146.97,23168.91,23143.51,23152.74,336372
2026-02-23 11:45:00,23152.74,23157.75,23123.87,23138.5,12441055
2026-02-23 11:50:00,23138.89,23156.98,23129.26,23138.11,0
2026-02-23 11:55:00,23138.5,23144.28,23118.09,23125.41,253658
2026-02-23 12:00:00,23125.41,23146.2,23119.25,23133.88,321598
2026-02-23 12:05:00,23133.11,23151.21,23125.41,23131.57,12844005
2026-02-23 12:10:00,23130.8,23140.81,23116.55,23123.48,0
2026-02-23 12:15:00,23123.48,23146.59,23122.72,23128.49,1877633
2026-02-23 12:20:00,23128.49,23149.66,23125.41,23138.5,190023
2026-02-23 12:25:00,23138.5,23148.51,23130.8,23132.34,194380
2026-02-23 12:30:00,23132.34,23135.42,23111.38,23114.24,13587115
2026-02-23 12:35:00,23114.24,23114.63,23074.97,23075.94,0
2026-02-23 12:40:00,23075.36,23118.09,23072.28,23093.84,527640
2026-02-23 12:45:00,23094.22,23110.4,23087.29,23094.42,365868
2026-02-23 12:50:00,23094.03,23137.92,23093.46,23129.65,14518925
2026-02-23 12:55:00,23130.03,23144.28,23122.33,23134.07,0
2026-02-23 13:00:00,23133.49,23151.21,23128.88,23144.28,14737417
2026-02-23 13:05:00,23143.89,23165.07,23141.2,23161.6,391438
2026-02-23 13:10:00,23161.6,23175.46,23149.42,23170.84,0
2026-02-23 13:15:00,23171.22,23184.32,23167.38,23172.38,323641
2026-02-23 13:20:00,23172.43,23203.95,23167.38,23200.29,361959
2026-02-23 13:25:00,23200.48,23202.79,23188.55,23194.52,367858
2026-02-23 13:30:00,23194.33,23195.09,23178.16,23189.71,274324
2026-02-23 13:35:00,23190.09,23203.18,23185.09,23187.01,252345
2026-02-23 13:40:00,23187.4,23192.4,23163.91,23171.22,283730
2026-02-23 13:45:00,23170.46,23186.24,23162.76,23177.39,248517
2026-02-23 13:50:00,23178.16,23180.47,23143.55,23144.66,233407
2026-02-23 13:55:00,23143.89,23148.32,23111.55,23118.09,339073
2026-02-23 14:00:00,23118.09,23134.46,23113.09,23121.17,456624
2026-02-23 14:05:00,23121.17,23143.89,23119.64,23132.34,1034999
2026-02-23 14:10:00,23132.72,23143.51,23123.48,23133.36,209168
2026-02-23 14:15:00,23131.96,23141.97,23118.09,23123.87,17524308
2026-02-23 14:20:00,23123.87,23129.65,23118.48,23123.87,0
2026-02-23 14:25:00,23124.64,23131.18,23101.54,23106.54,17667552
2026-02-23 14:30:00,23106.16,23120.79,23103.85,23106.54,0
2026-02-23 14:35:00,23106.16,23109.24,23096.15,23101.54,329298
2026-02-23 14:40:00,23102.31,23102.7,23077.67,23090.76,385241
2026-02-23 14:45:00,23090.76,23104.23,23085.37,23101.16,421424
2026-02-23 14:50:00,23100.77,23105.39,23086.14,23089.6,265553
2026-02-23 14:55:00,23089.22,23107.68,23078.05,23084.35,312429
2026-02-23 15:00:00,23084.6,23097.69,23080.75,23092.3,338026
2026-02-23 15:05:00,23092.68,23097.3,23077.67,23084.02,278736
2026-02-23 15:10:00,23083.45,23086.14,23073.43,23078.83,451593
2026-02-23 15:15:00,23078.83,23099.23,23078.25,23088.45,291559
2026-02-23 15:20:00,23087.68,23092.68,23078.44,23092.68,228124
2026-02-23 15:25:00,23092.3,23106.16,23088.85,23098.84,281426
2026-02-23 15:30:00,23098.84,23140.42,23097.3,23136.0,741479
2026-02-23 15:35:00,23135.8,23135.8,23110.75,23118.09,330796
2026-02-23 15:40:00,23117.71,23124.26,23102.7,23120.6,358414
2026-02-23 15:45:00,23120.79,23133.88,23109.62,23131.57,407632
2026-02-23 15:50:00,23132.34,23147.74,23106.54,23108.47,810994
2026-02-23 15:55:00,23108.47,23158.95,23102.31,23154.67,1270841
2026-02-23 16:00:00,23154.28,23167.0,23145.43,23163.91,0
2026-02-23 16:05:00,23163.55,23167.38,23157.39,23164.72,0
2026-02-23 16:10:00,23165.06,23171.98,23154.28,23167.76,0
2026-02-23 16:15:00,23166.22,23166.99,23154.28,23160.83,0
2026-02-23 16:20:00,23160.45,23168.53,23160.45,23163.91,0
2026-02-23 16:25:00,23164.68,23166.6,23162.76,23164.68,0
2026-02-23 16:30:00,23166.22,23175.1,23164.68,23170.84,0
2026-02-23 16:35:00,23172.0,23172.0,23164.68,23164.68,0
2026-02-23 16:40:00,23165.45,23169.88,23154.28,23169.88,0
2026-02-23 16:45:00,23169.68,23170.84,23163.52,23164.68,0
2026-02-23 16:50:00,23168.52,23172.38,23154.28,23172.38,0
2026-02-23 16:55:00,23173.15,23181.12,23169.11,23172.0,0
2026-02-23 17:00:00,23169.88,23171.22,23154.28,23168.91,0
2026-02-23 17:05:00,23172.96,23175.08,23169.3,23172.57,0
2026-02-23 17:10:00,23173.54,23178.92,23154.28,23177.31,0
2026-02-23 17:15:00,23177.0,23178.54,23172.38,23175.08,0
2026-02-23 17:20:00,23177.77,23177.77,23172.38,23176.16,0
2026-02-23 17:25:00,23174.69,23177.0,23173.21,23176.58,0
2026-02-23 17:30:00,23174.69,23177.0,23171.43,23173.15,0
2026-02-23 17:35:00,23173.15,23177.0,23170.84,23176.23,0
2026-02-23 17:40:00,23173.92,23180.86,23172.13,23176.04,0
2026-02-23 17:45:00,23176.04,23180.08,23171.61,23171.61,0
2026-02-23 17:50:00,23177.0,23180.08,23171.61,23179.7,0
2026-02-23 17:55:00,23180.08,23181.01,21850.26,23176.62,0
2026-02-23 18:00:00,23177.0,23185.09,23167.69,23168.91,0
2026-02-23 18:05:00,23168.38,23198.18,23157.75,23191.44,0
2026-02-23 18:10:00,23189.9,23197.08,23180.66,23180.66,0
2026-02-23 18:15:00,23181.24,23188.12,23173.09,23175.46,0
2026-02-23 18:20:00,23177.7,23181.62,23171.22,23180.46,0
2026-02-23 18:25:00,23176.62,23190.86,23173.92,23190.86,0
2026-02-23 18:30:00,23189.72,23207.41,23188.55,23199.72,0
2026-02-23 18:35:00,23200.48,23204.72,23196.64,23200.87,0
2026-02-23 18:40:00,23201.64,23203.95,23189.13,23194.32,0
2026-02-23 18:45:00,23195.1,23199.52,23184.7,23186.62,0
2026-02-23 18:50:00,23184.88,23192.78,23178.54,23191.24,0
2026-02-23 18:55:00,23190.41,23190.41,23171.6,23173.92,0
2026-02-24 04:00:00,23179.7,23200.87,23179.31,23195.1,0
2026-02-24 04:05:00,23195.1,23203.95,23187.4,23203.56,0
2026-02-24 04:10:00,23199.72,23222.43,23198.95,23222.43,0
2026-02-24 04:15:00,23223.59,23226.28,23213.96,23213.96,0
2026-02-24 04:20:00,23214.73,23216.27,23207.8,23211.26,0
2026-02-24 04:25:00,23210.5,23217.04,23208.57,23208.57,0
2026-02-24 04:30:00,23208.57,23208.57,23194.71,23195.48,0
2026-02-24 04:35:00,23192.02,23200.48,23182.39,23198.18,0
2026-02-24 04:40:00,23207.8,23213.58,23206.26,23210.5,0
2026-02-24 04:45:00,23215.88,23222.82,23212.8,23222.04,0
2026-02-24 04:50:00,23223.2,23227.44,23219.74,23225.12,0
2026-02-24 04:55:00,23225.12,23231.28,23224.36,23230.52,0
2026-02-24 05:00:00,23230.52,23247.07,23230.52,23247.07,0
2026-02-24 05:05:00,23247.07,23247.46,23228.59,23233.21,0
2026-02-24 05:10:00,23230.52,23232.05,23226.66,23226.66,0
2026-02-24 05:15:00,23226.66,23226.66,23221.28,23226.66,0
2026-02-24 05:20:00,23231.28,23231.28,23225.12,23227.05,0
2026-02-24 05:25:00,23225.51,23227.44,23222.43,23223.2,0
2026-02-24 05:30:00,23228.2,23228.2,23217.42,23221.66,0
2026-02-24 05:35:00,23224.74,23230.13,23218.96,23220.12,0
2026-02-24 05:40:00,23220.5,23228.2,23214.34,23224.74,0
2026-02-24 05:45:00,23228.59,23228.59,23214.34,23217.42,0
2026-02-24 05:50:00,23219.35,23224.74,23214.73,23224.74,0
2026-02-24 05:55:00,23226.66,23226.66,23224.36,23224.74,0
2026-02-24 06:00:00,23228.59,23237.06,23221.66,23234.75,0
2026-02-24 06:05:00,23227.82,23232.44,23218.58,23218.58,0
2026-02-24 06:10:00,23216.27,23219.35,23211.65,23211.65,0
2026-02-24 06:15:00,23212.04,23216.66,23208.57,23212.8,0
2026-02-24 06:20:00,23212.42,23212.42,23203.95,23207.03,0
2026-02-24 06:25:00,23205.49,23211.26,23205.49,23207.8,0
2026-02-24 06:30:00,23211.65,23212.8,23204.72,23207.41,0
2026-02-24 06:35:00,23201.64,23207.41,23198.18,23202.02,0
2026-02-24 06:40:00,23197.02,23205.1,23197.02,23204.72,0
2026-02-24 06:45:00,23208.57,23215.88,23203.95,23203.95,0
2026-02-24 06:50:00,23203.18,23207.8,23200.1,23203.95,0
2026-02-24 06:55:00,23203.95,23218.96,23203.95,23217.81,0
2026-02-24 07:00:00,23216.66,23258.62,23215.5,23249.76,0
2026-02-24 07:05:00,23256.31,23282.1,23253.62,23255.54,0
2026-02-24 07:10:00,23255.16,23265.94,23246.3,23258.24,0
2026-02-24 07:15:00,23253.62,23254.0,23232.05,23235.14,0
2026-02-24 07:20:00,23235.14,23235.52,23220.5,23228.59,0
2026-02-24 07:25:00,23228.98,23238.22,23225.12,23228.98,0
2026-02-24 07:30:00,23224.74,23230.9,23215.5,23215.5,0
2026-02-24 07:35:00,23215.88,23216.27,23206.26,23206.26,0
2026-02-24 07:40:00,23206.26,23206.26,23188.55,23202.41,0
2026-02-24 07:45:00,23204.72,23204.72,23184.32,23188.94,0
2026-02-24 07:50:00,23188.94,23207.8,23184.7,23205.88,0
2026-02-24 07:55:00,23205.88,23207.8,23198.95,23202.02,0
2026-02-24 08:00:00,23237.45,23279.46,23152.36,23219.67,0
2026-02-24 08:05:00,23215.88,23222.43,23154.28,23221.66,0
2026-02-24 08:10:00,23220.89,23224.74,23171.65,23210.79,0
2026-02-24 08:15:00,23210.88,23231.28,23210.83,23225.92,0
2026-02-24 08:20:00,23229.36,23230.9,23214.34,23230.9,0
2026-02-24 08:25:00,23232.05,23242.03,23229.74,23238.22,0
2026-02-24 08:30:00,23241.3,23252.65,23232.44,23238.6,0
2026-02-24 08:35:00,23240.56,23243.6,23225.9,23226.68,0
2026-02-24 08:40:00,23227.24,23257.46,23222.43,23254.77,0
2026-02-24 08:45:00,23255.16,23269.02,23154.28,23259.0,0
2026-02-24 08:50:00,23257.85,23264.36,23251.69,23260.93,0
2026-02-24 08:55:00,23260.16,23271.71,23219.74,23259.75,0
2026-02-24 09:00:00,23259.41,23259.72,23244.76,23244.76,0
2026-02-24 09:05:00,23244.8,23250.92,23239.37,23242.45,0
2026-02-24 09:10:00,23242.06,23247.07,23228.59,23235.52,0
2026-02-24 09:15:00,23235.52,23236.68,23218.95,23219.77,0
2026-02-24 09:20:00,23219.37,23225.51,23212.02,23214.31,0
2026-02-24 09:25:00,23213.58,23217.42,23185.47,23188.55,0
2026-02-24 09:30:00,23179.12,23210.49,23103.47,23130.22,3383334
2026-02-24 09:35:00,23130.03,23202.03,23089.95,23192.02,0
2026-02-24 09:40:00,23190.09,23291.34,23189.71,23290.19,915496
2026-02-24 09:45:00,23290.58,23339.47,23285.96,23321.57,5721501
2026-02-24 09:50:00,23320.99,23325.61,23281.91,23293.66,0
2026-02-24 09:55:00,23292.89,23293.27,23244.38,23258.43,6472135
2026-02-24 10:00:00,23257.08,23259.39,23205.88,23225.12,0
2026-02-24 10:05:00,23224.16,23285.18,23222.04,23279.44,533811
2026-02-24 10:10:00,23280.18,23300.97,23237.06,23248.61,7710143
2026-02-24 10:15:00,23247.84,23283.26,23237.83,23274.53,0
2026-02-24 10:20:00,23273.64,23328.3,23269.4,23324.84,706721
2026-02-24 10:25:00,23325.99,23386.05,23314.45,23384.13,688518
2026-02-24 10:30:00,23383.36,23394.91,23371.04,23381.82,742983
2026-02-24 10:35:00,23382.59,23384.13,23360.65,23373.73,393191
2026-02-24 10:40:00,23372.97,23401.46,23368.34,23388.75,454878
2026-02-24 10:45:00,23389.14,23389.91,23369.11,23381.43,10411095
2026-02-24 10:50:00,23381.05,23381.05,23354.49,23357.95,468259
2026-02-24 10:55:00,23359.1,23367.96,23342.93,23351.21,456292
2026-02-24 11:00:00,23350.64,23396.49,23349.29,23390.67,0
2026-02-24 11:05:00,23390.67,23402.8,23375.28,23384.52,11515964
2026-02-24 11:10:00,23384.13,23416.09,23372.97,23403.77,0
2026-02-24 11:15:00,23402.99,23410.31,23385.28,23390.67,11981065
2026-02-24 11:20:00,23389.91,23393.76,23367.96,23382.59,0
2026-02-24 11:25:00,23381.82,23392.22,23378.66,23386.44,184036
2026-02-24 11:30:00,23385.67,23387.59,23344.47,23347.17,355869
2026-02-24 11:35:00,23346.78,23371.42,23345.24,23365.84,259601
2026-02-24 11:40:00,23363.34,23379.12,23352.56,23362.76,259013
2026-02-24 11:45:00,23362.57,23388.94,23360.64,23380.28,13563314
2026-02-24 11:50:00,23380.28,23404.53,23372.97,23399.15,490154
2026-02-24 11:55:00,23398.76,23409.86,23392.22,23399.15,485430
2026-02-24 12:00:00,23398.76,23409.92,23392.6,23401.07,0
2026-02-24 12:05:00,23401.84,23420.32,23401.84,23419.69,241381
2026-02-24 12:10:00,23419.93,23443.03,23418.4,23424.17,439306
2026-02-24 12:15:00,23424.17,23435.72,23413.01,23418.59,223504
2026-02-24 12:20:00,23418.78,23433.41,23416.09,23430.33,375798
2026-02-24 12:25:00,23430.72,23441.49,23425.71,23428.79,211046
2026-02-24 12:30:00,23428.41,23437.26,23420.32,23429.95,135526
2026-02-24 12:35:00,23429.95,23433.03,23422.05,23424.94,134048
2026-02-24 12:40:00,23425.33,23426.86,23409.16,23411.47,207941
2026-02-24 12:45:00,23410.7,23429.17,23402.99,23426.48,240788
2026-02-24 12:50:00,23426.86,23432.26,23417.62,23418.4,194297
2026-02-24 12:55:00,23417.62,23421.09,23411.47,23415.32,235388
2026-02-24 13:00:00,23414.93,23446.11,23413.01,23440.34,315938
2026-02-24 13:05:00,23439.57,23439.96,23419.93,23421.61,264881
2026-02-24 13:10:00,23421.47,23424.55,23409.54,23413.78,177106
2026-02-24 13:15:00,23413.2,23414.54,23402.99,23404.92,174591
2026-02-24 13:20:00,23404.15,23411.85,23395.69,23397.6,233641
2026-02-24 13:25:00,23397.61,23400.88,23387.07,23391.05,234808
2026-02-24 13:30:00,23391.06,23403.77,23384.13,23399.72,293550
2026-02-24 13:35:00,23399.91,23419.93,23392.98,23412.81,403676
2026-02-24 13:40:00,23412.62,23418.97,23404.53,23408.39,150055
2026-02-24 13:45:00,23409.16,23413.01,23393.21,23399.53,174608
2026-02-24 13:50:00,23399.53,23411.85,23397.6,23408.58,275899
2026-02-24 13:55:00,23409.16,23413.01,23400.3,23400.3,175850
2026-02-24 14:00:00,23399.53,23407.59,23395.29,23403.19,228083
2026-02-24 14:05:00,23402.61,23406.08,23391.88,23394.72,179316
2026-02-24 14:10:00,23395.29,23396.45,23380.86,23387.21,246832
2026-02-24 14:15:00,23386.44,23387.59,23362.18,23375.53,18677796
2026-02-24 14:20:00,23375.91,23380.09,23369.52,23374.51,0
2026-02-24 14:25:00,23373.73,23387.21,23368.73,23375.66,365519
2026-02-24 14:30:00,23375.28,23385.28,23372.97,23377.2,237441
2026-02-24 14:35:00,23377.2,23386.63,23375.66,23386.63,193201
2026-02-24 14:40:00,23386.44,23401.07,23384.13,23391.06,252950
2026-02-24 14:45:00,23391.45,23396.84,23386.05,23392.22,177459
2026-02-24 14:50:00,23392.6,23423.4,23387.21,23388.75,379116
2026-02-24 14:55:00,23388.75,23401.84,23386.83,23392.6,223029
2026-02-24 15:00:00,23393.18,23399.53,23385.28,23389.52,210165
2026-02-24 15:05:00,23390.29,23394.14,23377.01,23379.51,20758216
2026-02-24 15:10:00,23379.51,23384.13,23373.73,23376.82,0
2026-02-24 15:15:00,23376.43,23388.36,23369.5,23387.21,21286068
2026-02-24 15:20:00,23387.21,23396.07,23379.9,23382.97,0
2026-02-24 15:25:00,23382.59,23389.91,23371.42,23372.2,197295
2026-02-24 15:30:00,23372.2,23393.37,23368.34,23389.14,266288
2026-02-24 15:35:00,23389.14,23391.83,23377.59,23379.12,220460
2026-02-24 15:40:00,23379.12,23402.98,23377.2,23401.84,266875
2026-02-24 15:45:00,23401.46,23413.78,23399.72,23407.61,392919
2026-02-24 15:50:00,23408.0,23439.57,23406.46,23423.78,648086
2026-02-24 15:55:00,23423.4,23423.4,23394.53,23401.84,1042444
2026-02-24 16:00:00,23400.3,23405.69,23392.98,23394.72,0
2026-02-24 16:05:00,23394.52,23395.64,23377.59,23382.21,0
2026-02-24 16:10:00,23382.98,23403.0,23382.98,23391.45,0
2026-02-24 16:15:00,23391.45,23403.0,23387.4,23390.1,0
2026-02-24 16:20:00,23391.06,23399.15,23391.06,23397.99,0
2026-02-24 16:25:00,23397.99,23398.38,23394.14,23395.87,0
2026-02-24 16:30:00,23396.84,23401.07,23393.37,23393.76,0
2026-02-24 16:35:00,23393.76,23396.84,23392.22,23393.37,0
2026-02-24 16:40:00,23392.6,23394.13,23391.45,23391.83,0
2026-02-24 16:45:00,23390.68,23403.0,23389.33,23391.83,0
2026-02-24 16:50:00,23391.83,23391.83,23386.05,23389.9,0
2026-02-24 16:55:00,23391.45,23394.14,23388.75,23389.14,0
2026-02-24 17:00:00,23390.48,23396.06,23386.82,23388.75,0
2026-02-24 17:05:00,23391.83,23396.84,23388.75,23395.51,0
2026-02-24 17:10:00,23394.61,23394.91,23392.6,23394.72,0
2026-02-24 17:15:00,23394.89,23396.06,23392.98,23392.98,0
2026-02-24 17:20:00,23392.6,23403.0,23391.45,23403.0,0
2026-02-24 17:25:00,23391.45,23395.68,23391.45,23392.98,0
2026-02-24 17:30:00,23392.41,23392.6,23390.68,23392.22,0
2026-02-24 17:35:00,23390.68,23392.55,23390.68,23391.64,0
2026-02-24 17:40:00,23392.6,23392.6,23390.68,23392.6,0
2026-02-24 17:45:00,23391.25,23392.6,23390.68,23391.45,0
2026-02-24 17:50:00,23392.18,23395.18,23390.68,23390.79,0
2026-02-24 17:55:00,23393.38,23396.32,23390.68,23394.63,0
2026-02-24 18:00:00,23391.83,23394.04,23371.48,23373.35,0
2026-02-24 18:05:00,23373.16,23377.2,23369.88,23377.2,0
2026-02-24 18:10:00,23377.94,23396.06,23377.94,23394.64,0
2026-02-24 18:15:00,23393.37,23398.38,23385.28,23386.44,0
2026-02-24 18:20:00,23386.89,23390.68,23384.9,23390.68,0
2026-02-24 18:25:00,23390.29,23396.46,23389.52,23395.3,0
2026-02-24 18:30:00,23395.68,23403.06,23390.87,23403.06,0
2026-02-24 18:35:00,23399.92,23406.07,23396.45,23405.3,0
2026-02-24 18:40:00,23404.61,23408.19,23403.38,23405.31,0
2026-02-24 18:45:00,23402.8,23406.08,23400.3,23403.03,0
2026-02-24 18:50:00,23403.19,23405.42,23401.88,23402.41,0
2026-02-24 18:55:00,23403.76,23420.32,23402.79,23415.51,0
2026-02-25 04:00:00,23443.04,23446.12,23436.49,23436.49,0
2026-02-25 04:05:00,23436.88,23452.28,23430.33,23451.5,0
2026-02-25 04:10:00,23451.5,23456.9,23446.88,23447.66,0
2026-02-25 04:15:00,23446.12,23451.5,23442.26,23446.5,0
2026-02-25 04:20:00,23447.66,23452.66,23447.66,23450.35,0
2026-02-25 04:25:00,23447.66,23448.81,23438.8,23441.5,0
2026-02-25 04:30:00,23439.96,23444.58,23438.41,23441.11,0
2026-02-25 04:35:00,23443.04,23448.04,23438.8,23448.04,0
2026-02-25 04:40:00,23451.89,23452.28,23451.12,23451.12,0
2026-02-25 04:45:00,23453.43,23456.9,23447.27,23449.2,0
2026-02-25 04:50:00,23450.35,23450.35,23447.27,23448.81,0
2026-02-25 04:55:00,23453.82,23453.82,23452.66,23453.04,0
2026-02-25 05:00:00,23456.9,23456.9,23446.5,23446.5,0
2026-02-25 05:05:00,23444.19,23444.19,23440.34,23442.65,0
2026-02-25 05:10:00,23446.12,23446.12,23439.57,23441.11,0
2026-02-25 05:15:00,23444.58,23446.12,23438.8,23441.11,0
2026-02-25 05:20:00,23441.5,23450.35,23439.18,23446.5,0
2026-02-25 05:25:00,23446.12,23453.82,23444.96,23453.82,0
2026-02-25 05:30:00,23451.5,23452.28,23445.73,23445.73,0
2026-02-25 05:35:00,23449.96,23463.82,23449.96,23459.2,0
2026-02-25 05:40:00,23459.2,23464.6,23458.82,23459.59,0
2026-02-25 05:45:00,23453.04,23458.44,23453.04,23456.51,0
2026-02-25 05:50:00,23454.2,23454.2,23449.58,23449.58,0
2026-02-25 05:55:00,23444.19,23446.12,23441.5,23446.12,0
2026-02-25 06:00:00,23447.66,23448.81,23443.8,23444.96,0
2026-02-25 06:05:00,23444.96,23449.58,23441.11,23446.12,0
2026-02-25 06:10:00,23447.66,23452.66,23447.66,23452.28,0
2026-02-25 06:15:00,23451.5,23454.59,23447.27,23448.04,0
2026-02-25 06:20:00,23448.81,23456.12,23444.96,23452.66,0
2026-02-25 06:25:00,23453.82,23454.59,23452.66,23452.66,0
2026-02-25 06:30:00,23453.82,23469.6,23453.82,23469.6,0
2026-02-25 06:35:00,23468.06,23474.6,23463.82,23474.6,0
2026-02-25 06:40:00,23476.14,23479.22,23473.45,23477.3,0
2026-02-25 06:45:00,23478.46,23488.46,23477.68,23482.69,0
2026-02-25 06:50:00,23482.69,23488.85,23481.92,23487.7,0
2026-02-25 06:55:00,23487.7,23494.62,23487.7,23491.93,0
2026-02-25 07:00:00,23490.78,23499.24,23484.62,23488.85,0
2026-02-25 07:05:00,23486.54,23493.86,23486.54,23491.16,0
2026-02-25 07:10:00,23491.89,23491.93,23478.07,23481.92,0
2026-02-25 07:15:00,23481.15,23498.86,23481.15,23497.28,0
2026-02-25 07:20:00,23496.94,23515.41,23496.94,23514.64,0
2026-02-25 07:25:00,23510.02,23516.18,23502.32,23504.21,0
2026-02-25 07:30:00,23497.7,23509.64,23495.01,23506.18,0
2026-02-25 07:35:00,23505.4,23509.26,23501.94,23502.32,0
2026-02-25 07:40:00,23502.32,23503.48,23498.86,23501.55,0
2026-02-25 07:45:00,23498.86,23507.33,23498.86,23504.25,0
2026-02-25 07:50:00,23506.18,23514.64,23506.18,23508.87,0
2026-02-25 07:55:00,23512.34,23512.34,23500.78,23505.79,0
2026-02-25 08:00:00,23486.92,23515.8,23385.48,23507.14,0
2026-02-25 08:05:00,23507.68,23514.26,23403.0,23508.1,0
2026-02-25 08:10:00,23508.1,23518.11,23508.1,23516.57,0
2026-02-25 08:15:00,23515.03,23515.41,23506.18,23508.82,0
2026-02-25 08:20:00,23506.95,23507.72,23499.63,23507.68,0
2026-02-25 08:25:00,23507.72,23513.49,23429.95,23510.02,0
2026-02-25 08:30:00,23509.68,23509.99,23494.24,23500.4,0
2026-02-25 08:35:00,23499.76,23506.18,23498.48,23503.06,0
2026-02-25 08:40:00,23502.71,23511.39,23501.2,23502.71,0
2026-02-25 08:45:00,23501.55,23513.08,23403.0,23510.41,0
2026-02-25 08:50:00,23509.67,23513.49,23505.02,23511.95,0
2026-02-25 08:55:00,23511.95,23531.59,23511.59,23517.37,0
2026-02-25 09:00:00,23520.04,23530.43,23515.03,23517.35,0
2026-02-25 09:05:00,23517.72,23536.98,23513.49,23532.36,0
2026-02-25 09:10:00,23533.51,23542.75,23523.5,23523.5,0
2026-02-25 09:15:00,23522.34,23522.34,23499.24,23507.36,0
2026-02-25 09:20:00,23505.02,23519.67,23504.21,23519.23,0
2026-02-25 09:25:00,23521.96,23528.89,23511.99,23526.96,0
2026-02-25 09:30:00,23526.97,23603.58,23523.5,23583.6,1559957
2026-02-25 09:35:00,23583.17,23612.78,23578.94,23604.93,3389968
2026-02-25 09:40:00,23605.12,23635.73,23594.34,23629.38,0
2026-02-25 09:45:00,23629.38,23684.43,23628.6,23673.65,881808
2026-02-25 09:50:00,23674.03,23700.6,23670.57,23688.28,687249
2026-02-25 09:55:00,23688.66,23702.91,23661.72,23695.98,753044
2026-02-25 10:00:00,23695.59,23711.77,23687.9,23687.9,534293
2026-02-25 10:05:00,23688.28,23696.36,23664.03,23672.11,611131
2026-02-25 10:10:00,23672.11,23678.66,23659.02,23663.64,331509
2026-02-25 10:15:00,23663.26,23668.65,23642.85,23654.02,520437
2026-02-25 10:20:00,23653.63,23669.41,23641.7,23664.79,444205
2026-02-25 10:25:00,23664.79,23692.9,23660.75,23687.51,566735
2026-02-25 10:30:00,23687.51,23694.44,23651.13,23654.4,9335218
2026-02-25 10:35:00,23654.02,23660.17,23642.66,23653.24,788843
2026-02-25 10:40:00,23653.24,23669.61,23649.78,23654.78,0
2026-02-25 10:45:00,23654.78,23669.03,23653.63,23657.86,9966051
2026-02-25 10:50:00,23658.64,23660.75,23634.77,23641.31,0
2026-02-25 10:55:00,23640.54,23654.78,23623.98,23651.9,432125
2026-02-25 11:00:00,23652.09,23665.95,23642.08,23648.62,360927
2026-02-25 11:05:00,23648.62,23661.52,23641.7,23660.17,233402
2026-02-25 11:10:00,23660.56,23660.95,23645.93,23655.94,204879
2026-02-25 11:15:00,23655.55,23657.09,23640.92,23647.47,11496971
2026-02-25 11:20:00,23647.66,23659.79,23641.31,23652.47,395859
2026-02-25 11:25:00,23652.09,23660.95,23647.47,23657.09,0
2026-02-25 11:30:00,23656.71,23670.18,23655.55,23656.33,12367574
2026-02-25 11:35:00,23655.94,23669.99,23650.94,23668.84,444061
2026-02-25 11:40:00,23669.03,23682.12,23667.49,23675.96,436248
2026-02-25 11:45:00,23675.96,23685.59,23672.88,23678.66,0
2026-02-25 11:50:00,23678.27,23686.74,23674.42,23679.04,12823711
2026-02-25 11:55:00,23679.42,23679.42,23669.61,23672.49,0
2026-02-25 12:00:00,23672.49,23686.55,23670.18,23683.28,188650
2026-02-25 12:05:00,23683.66,23689.43,23667.68,23682.12,219693
2026-02-25 12:10:00,23681.73,23695.21,23678.27,23693.48,136269
2026-02-25 12:15:00,23693.28,23694.05,23686.35,23690.21,169282
2026-02-25 12:20:00,23690.4,23693.28,23685.2,23690.59,143998
2026-02-25 12:25:00,23690.59,23693.67,23674.8,23676.73,165767
2026-02-25 12:30:00,23676.15,23683.66,23670.96,23676.73,14041907
2026-02-25 12:35:00,23676.54,23689.05,23676.54,23685.59,0
2026-02-25 12:40:00,23685.59,23694.44,23683.66,23688.28,149322
2026-02-25 12:45:00,23688.47,23698.67,23685.59,23692.13,15171287
2026-02-25 12:50:00,23691.74,23704.45,23691.74,23700.98,0
2026-02-25 12:55:00,23701.37,23707.53,23696.75,23705.99,142932
2026-02-25 13:00:00,23706.22,23709.46,23699.06,23700.98,206131
2026-02-25 13:05:00,23701.37,23701.95,23695.59,23700.98,196737
2026-02-25 13:10:00,23700.6,23708.68,23698.67,23699.06,192917
2026-02-25 13:15:00,23698.79,23699.83,23690.97,23694.25,15807489
2026-02-25 13:20:00,23694.44,23697.52,23691.94,23692.9,0
2026-02-25 13:25:00,23692.52,23697.52,23691.74,23693.48,120665
2026-02-25 13:30:00,23693.67,23695.59,23689.06,23692.9,137779
2026-02-25 13:35:00,23693.28,23696.36,23690.01,23695.79,16148588
2026-02-25 13:40:00,23695.79,23707.91,23695.4,23704.64,0
2026-02-25 13:45:00,23704.64,23707.53,23702.14,23707.15,16451290
2026-02-25 13:50:00,23706.38,23709.07,23703.29,23707.91,0
2026-02-25 13:55:00,23708.11,23708.3,23702.72,23704.84,107449
2026-02-25 14:00:00,23704.45,23721.78,23703.87,23716.39,426950
2026-02-25 14:05:00,23716.39,23726.01,23713.69,23722.16,198136
2026-02-25 14:10:00,23721.78,23723.7,23714.84,23718.89,156809
2026-02-25 14:15:00,23718.7,23729.67,23717.15,23728.13,157132
2026-02-25 14:20:00,23728.32,23729.09,23718.7,23722.54,174859
2026-02-25 14:25:00,23722.54,23728.32,23720.23,23723.12,249397
2026-02-25 14:30:00,23722.93,23729.86,23722.54,23726.01,199392
2026-02-25 14:35:00,23726.01,23729.09,23723.32,23725.24,198455
2026-02-25 14:40:00,23724.85,23728.32,23718.31,23718.89,232195
2026-02-25 14:45:00,23719.47,23727.16,23717.55,23724.85,239517
2026-02-25 14:50:00,23724.85,23727.93,23721.01,23726.01,119488
2026-02-25 14:55:00,23726.01,23727.16,23720.43,23721.01,123699
2026-02-25 15:00:00,23721.01,23725.24,23717.92,23721.01,149635
2026-02-25 15:05:00,23721.01,23728.32,23718.31,23726.78,208396
2026-02-25 15:10:00,23726.97,23727.16,23720.62,23723.89,163343
2026-02-25 15:15:00,23723.89,23726.78,23720.62,23725.24,248141
2026-02-25 15:20:00,23725.24,23725.62,23713.5,23716.96,20019219
2026-02-25 15:25:00,23716.96,23726.78,23716.0,23720.04,0
2026-02-25 15:30:00,23720.23,23720.62,23706.57,23711.77,455845
2026-02-25 15:35:00,23711.34,23728.71,23709.07,23726.78,401866
2026-02-25 15:40:00,23726.4,23734.09,23723.89,23727.55,21299027
2026-02-25 15:45:00,23727.55,23739.87,23724.85,23734.29,0
2026-02-25 15:50:00,23733.33,23747.96,23722.93,23739.48,971333
2026-02-25 15:55:00,23739.87,23739.87,23726.01,23736.02,1899471
2026-02-25 16:00:00,23737.18,23744.49,23724.47,23737.18,0
2026-02-25 16:05:00,23735.31,23755.66,23735.27,23752.19,0
2026-02-25 16:10:00,23749.69,23751.38,23740.26,23742.95,0
2026-02-25 16:15:00,23740.66,23750.65,23734.48,23734.48,0
2026-02-25 16:20:00,23742.18,23744.88,23725.24,23733.9,0
2026-02-25 16:25:00,23737.18,23768.36,23725.62,23728.32,0
2026-02-25 16:30:00,23728.32,23831.5,23725.29,23819.57,0
2026-02-25 16:35:00,23818.41,23839.59,23799.93,23829.19,0
2026-02-25 16:40:00,23828.42,23830.73,23800.7,23808.21,0
2026-02-25 16:45:00,23807.24,23809.85,23784.57,23801.09,0
2026-02-25 16:50:00,23798.0,23812.6,23742.18,23811.06,0
2026-02-25 16:55:00,23809.55,23817.11,23801.09,23807.63,0
2026-02-25 17:00:00,23805.32,23808.4,23742.18,23798.0,0
2026-02-25 17:05:00,23796.08,23798.0,23784.14,23784.91,0
2026-02-25 17:10:00,23785.3,23785.3,23764.12,23767.2,0
2026-02-25 17:15:00,23770.28,23770.28,23748.72,23761.82,0
2026-02-25 17:20:00,23760.66,23779.52,23759.12,23761.24,0
2026-02-25 17:25:00,23762.97,23763.74,23737.56,23748.72,0
2026-02-25 17:30:00,23748.74,23754.5,23706.76,23750.26,0
2026-02-25 17:35:00,23742.56,23754.12,23708.3,23717.16,0
2026-02-25 17:40:00,23719.46,23727.94,23712.54,23716.0,0
2026-02-25 17:45:00,23716.0,23734.48,23387.72,23732.55,0
2026-02-25 17:50:00,23732.55,23733.32,23717.92,23722.93,0
2026-02-25 17:55:00,23720.62,23726.4,23702.52,23709.84,0
2026-02-25 18:00:00,23718.31,23766.05,23714.84,23729.86,0
2026-02-25 18:05:00,23721.78,23755.66,23718.3,23754.12,0
2026-02-25 18:10:00,23752.96,23754.48,23727.36,23731.78,0
2026-02-25 18:15:00,23731.0,23739.1,23723.32,23725.62,0
2026-02-25 18:20:00,23725.62,23727.55,23718.79,23719.85,0
2026-02-25 18:25:00,23717.92,23734.1,23714.43,23732.94,0
2026-02-25 18:30:00,23731.44,23736.02,23699.39,23704.45,0
2026-02-25 18:35:00,23701.04,23706.38,23677.5,23680.96,0
2026-02-25 18:40:00,23678.66,23678.66,23633.22,23658.64,0
2026-02-25 18:45:00,23664.0,23687.51,23656.71,23671.99,0
2026-02-25 18:50:00,23673.81,23678.36,23659.02,23664.99,0
2026-02-25 18:55:00,23664.8,23681.32,23664.02,23671.34,0
2026-02-26 04:00:00,23706.38,23714.08,23705.99,23708.68,0
2026-02-26 04:05:00,23707.14,23714.46,23704.45,23714.46,0
2026-02-26 04:10:00,23711.38,23727.94,23711.38,23727.55,0
2026-02-26 04:15:00,23728.32,23732.17,23723.7,23725.24,0
2026-02-26 04:20:00,23725.24,23729.86,23721.78,23721.78,0
2026-02-26 04:25:00,23722.93,23735.64,23722.93,23735.64,0
2026-02-26 04:30:00,23733.32,23741.41,23732.17,23734.48,0
2026-02-26 04:35:00,23737.95,23746.03,23737.95,23743.34,0
2026-02-26 04:40:00,23746.8,23751.8,23742.95,23751.8,0
2026-02-26 04:45:00,23747.96,23755.27,23747.96,23753.34,0
2026-02-26 04:50:00,23751.42,23751.42,23736.02,23736.79,0
2026-02-26 04:55:00,23736.79,23740.26,23733.32,23735.64,0
2026-02-26 05:00:00,23736.02,23739.1,23731.4,23737.56,0
2026-02-26 05:05:00,23736.02,23737.56,23732.17,23736.79,0
2026-02-26 05:10:00,23736.4,23742.56,23736.4,23741.41,0
2026-02-26 05:15:00,23739.48,23740.26,23730.63,23733.32,0
2026-02-26 05:20:00,23732.55,23735.64,23721.78,23722.16,0
2026-02-26 05:25:00,23726.01,23726.4,23720.62,23721.78,0
2026-02-26 05:30:00,23720.24,23726.4,23719.08,23726.01,0
2026-02-26 05:35:00,23721.0,23721.0,23712.15,23715.62,0
2026-02-26 05:40:00,23721.0,23726.01,23719.08,23726.01,0
2026-02-26 05:45:00,23723.32,23723.7,23719.46,23720.62,0
2026-02-26 05:50:00,23718.7,23718.7,23712.54,23716.77,0
2026-02-26 05:55:00,23711.0,23714.84,23706.38,23714.08,0
2026-02-26 06:00:00,23717.16,23717.54,23703.68,23711.76,0
2026-02-26 06:05:00,23714.08,23719.46,23711.38,23711.38,0
2026-02-26 06:10:00,23714.08,23716.38,23708.3,23712.54,0
2026-02-26 06:15:00,23710.22,23712.15,23709.07,23709.84,0
2026-02-26 06:20:00,23712.92,23716.77,23712.92,23716.0,0
2026-02-26 06:25:00,23722.54,23725.24,23719.85,23721.39,0
2026-02-26 06:30:00,23722.16,23726.01,23717.16,23719.08,0
2026-02-26 06:35:00,23719.46,23724.86,23719.46,23724.86,0
2026-02-26 06:40:00,23722.16,23722.16,23714.46,23714.46,0
2026-02-26 06:45:00,23714.46,23719.85,23709.84,23719.85,0
2026-02-26 06:50:00,23718.31,23721.78,23713.69,23717.54,0
2026-02-26 06:55:00,23717.54,23725.62,23717.54,23719.46,0
2026-02-26 07:00:00,23718.31,23731.4,23717.54,23731.4,0
2026-02-26 07:05:00,23727.94,23734.48,23724.86,23731.78,0
2026-02-26 07:10:00,23734.1,23734.1,23720.24,23721.78,0
2026-02-26 07:15:00,23721.39,23735.64,23721.39,23724.82,0
2026-02-26 07:20:00,23727.55,23738.72,23727.55,23738.72,0
2026-02-26 07:25:00,23738.33,23742.56,23733.29,23742.56,0
2026-02-26 07:30:00,23740.64,23742.95,23735.25,23739.87,0
2026-02-26 07:35:00,23737.95,23737.95,23727.9,23732.17,0
2026-02-26 07:40:00,23734.1,23745.26,23731.78,23743.72,0
2026-02-26 07:45:00,23739.48,23739.48,23732.94,23735.25,0
2026-02-26 07:50:00,23734.48,23738.33,23732.17,23732.94,0
2026-02-26 07:55:00,23732.94,23738.33,23727.94,23727.94,0
2026-02-26 08:00:00,23705.56,23756.37,23644.49,23719.27,0
2026-02-26 08:05:00,23718.73,23742.18,23718.73,23725.66,0
2026-02-26 08:10:00,23726.73,23734.5,23721.58,23732.87,0
2026-02-26 08:15:00,23731.98,23745.26,23728.37,23738.76,0
2026-02-26 08:20:00,23740.26,23746.15,23737.56,23740.26,0
2026-02-26 08:25:00,23741.22,23754.12,23739.1,23753.29,0
2026-02-26 08:30:00,23750.26,23756.04,23747.96,23753.73,0
2026-02-26 08:35:00,23752.58,23754.88,23742.95,23751.42,0
2026-02-26 08:40:00,23751.04,23754.12,23692.9,23741.8,0
2026-02-26 08:45:00,23741.41,23767.98,23740.26,23765.66,0
2026-02-26 08:50:00,23763.36,23763.43,23748.34,23750.67,0
2026-02-26 08:55:00,23752.95,23754.12,23736.79,23739.48,0
2026-02-26 09:00:00,23738.72,23752.19,23738.72,23744.49,0
2026-02-26 09:05:00,23743.14,23744.1,23729.48,23730.05,0
2026-02-26 09:10:00,23729.86,23735.23,23724.09,23732.17,0
2026-02-26 09:15:00,23734.1,23738.72,23723.32,23738.33,0
2026-02-26 09:20:00,23738.33,23738.33,23717.89,23725.62,0
2026-02-26 09:25:00,23723.7,23723.7,23696.75,23699.43,0
2026-02-26 09:30:00,23696.36,23697.91,23618.98,23633.99,2490902
2026-02-26 09:35:00,23633.99,23655.17,23590.1,23637.56,1624718
2026-02-26 09:40:00,23637.84,23654.4,23597.8,23627.93,962683
2026-02-26 09:45:00,23627.45,23627.45,23576.25,23595.88,875942
2026-02-26 09:50:00,23595.11,23617.05,23556.99,23582.41,845174
2026-02-26 09:55:00,23583.17,23606.28,23551.63,23561.23,1178293
2026-02-26 10:00:00,23561.23,23577.02,23504.64,23543.14,9015867
2026-02-26 10:05:00,23543.52,23546.98,23513.88,23517.34,0
2026-02-26 10:10:00,23517.72,23542.75,23441.49,23443.8,10729670
2026-02-26 10:15:00,23444.0,23444.0,23331.39,23338.7,0
2026-02-26 10:20:00,23338.32,23364.49,23288.27,23304.05,1595704
2026-02-26 10:25:00,23304.05,23355.26,23275.17,23319.45,1523795
2026-02-26 10:30:00,23319.84,23323.11,23253.23,23261.7,1483449
2026-02-26 10:35:00,23262.09,23359.1,23260.93,23358.34,1778190
2026-02-26 10:40:00,23358.34,23381.41,23343.32,23371.42,16790732
2026-02-26 10:45:00,23371.42,23405.69,23362.18,23395.29,0
2026-02-26 10:50:00,23395.29,23406.08,23367.19,23390.29,961096
2026-02-26 10:55:00,23390.67,23403.38,23363.72,23380.86,1523406
2026-02-26 11:00:00,23381.05,23405.3,23368.34,23403.38,18526188
2026-02-26 11:05:00,23402.22,23418.4,23378.74,23402.99,0
2026-02-26 11:10:00,23402.61,23428.38,23399.53,23423.78,750633
2026-02-26 11:15:00,23424.17,23444.96,23410.15,23413.39,571091
2026-02-26 11:20:00,23413.01,23436.88,23406.84,23426.48,19648910
2026-02-26 11:25:00,23427.25,23460.17,23426.86,23435.72,0
2026-02-26 11:30:00,23435.91,23445.34,23424.17,23441.11,807215
2026-02-26 11:35:00,23441.49,23443.81,23387.02,23396.84,20735417
2026-02-26 11:40:00,23396.84,23414.16,23377.97,23382.21,0
2026-02-26 11:45:00,23381.82,23400.68,23357.18,23398.76,523601
2026-02-26 11:50:00,23399.14,23408.0,23359.88,23360.26,916025
2026-02-26 11:55:00,23360.65,23364.88,23338.14,23346.78,436619
2026-02-26 12:00:00,23346.78,23379.9,23343.71,23376.96,454501
2026-02-26 12:05:00,23376.82,23389.33,23369.11,23370.66,430212
2026-02-26 12:10:00,23371.81,23384.13,23349.48,23350.44,399005
2026-02-26 12:15:00,23350.25,23359.88,23337.54,23349.48,22782986
2026-02-26 12:20:00,23349.48,23353.33,23339.09,23348.33,0
2026-02-26 12:25:00,23348.71,23356.79,23342.93,23351.02,501975
2026-02-26 12:30:00,23350.64,23387.98,23348.33,23373.73,425994
2026-02-26 12:35:00,23374.12,23374.12,23329.46,23339.09,575586
2026-02-26 12:40:00,23339.09,23346.4,23326.77,23328.69,23867090
2026-02-26 12:45:00,23328.69,23333.7,23302.9,23307.9,0
2026-02-26 12:50:00,23307.66,23337.54,23299.62,23336.01,421938
2026-02-26 12:55:00,23335.23,23335.23,23312.71,23320.22,269709
2026-02-26 13:00:00,23320.22,23324.07,23296.73,23302.9,24749850
2026-02-26 13:05:00,23303.28,23312.52,23274.79,23292.49,0
2026-02-26 13:10:00,23292.36,23307.9,23288.65,23294.62,410524
2026-02-26 13:15:00,23294.42,23315.6,23279.03,23314.06,338781
2026-02-26 13:20:00,23314.45,23317.91,23294.81,23317.53,322100
2026-02-26 13:25:00,23317.14,23320.6,23302.9,23306.36,293162
2026-02-26 13:30:00,23306.74,23362.57,23295.2,23357.18,600902
2026-02-26 13:35:00,23357.18,23386.83,23341.97,23378.74,491482
2026-02-26 13:40:00,23379.12,23392.98,23371.42,23380.47,426588
2026-02-26 13:45:00,23380.66,23409.16,23364.11,23379.9,2166932
2026-02-26 13:50:00,23379.9,23381.05,23359.88,23372.97,413988
2026-02-26 13:55:00,23372.97,23391.45,23368.34,23381.43,305906
2026-02-26 14:00:00,23382.21,23409.92,23369.89,23404.92,416671
2026-02-26 14:05:00,23405.69,23434.95,23402.61,23431.87,395107
2026-02-26 14:10:00,23433.03,23447.08,23425.71,23435.72,683983
2026-02-26 14:15:00,23435.72,23456.51,23434.95,23438.8,527297
2026-02-26 14:20:00,23439.96,23460.36,23434.95,23453.04,356831
2026-02-26 14:25:00,23453.14,23453.43,23417.62,23425.3,451707
2026-02-26 14:30:00,23425.13,23452.66,23417.05,23448.04,346276
2026-02-26 14:35:00,23448.42,23450.35,23433.79,23438.8,234560
2026-02-26 14:40:00,23439.18,23443.8,23432.26,23439.76,353678
2026-02-26 14:45:00,23439.76,23467.19,23439.57,23460.36,304187
2026-02-26 14:50:00,23459.21,23464.98,23446.11,23464.98,383225
2026-02-26 14:55:00,23464.98,23471.91,23436.15,23438.8,434622
2026-02-26 15:00:00,23438.03,23461.52,23429.95,23458.05,354573
2026-02-26 15:05:00,23458.05,23467.29,23424.55,23425.71,288734
2026-02-26 15:10:00,23426.09,23428.41,23413.78,23414.16,282143
2026-02-26 15:15:00,23413.01,23429.56,23404.92,23424.17,371621
2026-02-26 15:20:00,23424.55,23427.25,23402.99,23410.7,280016
2026-02-26 15:25:00,23411.47,23422.63,23404.15,23406.84,764240
2026-02-26 15:30:00,23406.65,23444.38,23405.3,23444.38,325693
2026-02-26 15:35:00,23443.8,23447.66,23432.6,23445.34,352813
2026-02-26 15:40:00,23444.77,23446.89,23428.02,23441.11,287034
2026-02-26 15:45:00,23440.72,23443.8,23423.02,23432.83,425468
2026-02-26 15:50:00,23432.64,23443.42,23417.62,23440.53,600422
2026-02-26 15:55:00,23440.72,23459.59,23433.41,23456.51,1041509
2026-02-26 16:00:00,23456.9,23463.05,23442.65,23456.12,0
2026-02-26 16:05:00,23455.41,23461.9,23433.8,23439.18,0
2026-02-26 16:10:00,23438.03,23455.74,23436.49,23445.34,0
2026-02-26 16:15:00,23446.52,23455.74,23440.76,23443.42,0
2026-02-26 16:20:00,23443.8,23449.96,23438.8,23441.88,0
2026-02-26 16:25:00,23441.69,23444.58,23438.41,23443.42,0
2026-02-26 16:30:00,23443.8,23446.88,23438.8,23439.57,0
2026-02-26 16:35:00,23438.8,23439.92,23425.32,23431.87,0
2026-02-26 16:40:00,23432.83,23435.34,23424.55,23426.1,0
2026-02-26 16:45:00,23425.71,23425.71,23414.93,23418.78,0
2026-02-26 16:50:00,23419.74,23455.74,23415.32,23416.09,0
2026-02-26 16:55:00,23416.47,23420.32,23402.22,23406.08,0
2026-02-26 17:00:00,23406.08,23455.74,23380.66,23384.52,0
2026-02-26 17:05:00,23388.75,23397.99,23369.5,23379.12,0
2026-02-26 17:10:00,23380.28,23386.82,23372.2,23381.24,0
2026-02-26 17:15:00,23381.24,23386.82,23376.43,23379.51,0
2026-02-26 17:20:00,23377.2,23388.75,23376.43,23388.75,0
2026-02-26 17:25:00,23388.75,23390.48,23378.22,23378.74,0
2026-02-26 17:30:00,23378.76,23379.9,23366.55,23371.81,0
2026-02-26 17:35:00,23368.92,23371.37,23354.1,23364.11,0
2026-02-26 17:40:00,23365.65,23366.42,23333.7,23340.62,0
2026-02-26 17:45:00,23340.25,23360.64,23330.95,23357.93,0
2026-02-26 17:50:00,23357.95,23361.8,23344.48,23353.72,0
2026-02-26 17:55:00,23355.83,23381.05,23350.25,23379.12,0
2026-02-26 18:00:00,23381.05,23405.32,23356.41,23359.68,0
2026-02-26 18:05:00,23361.49,23365.65,23338.69,23361.41,0
2026-02-26 18:10:00,23361.8,23396.06,23358.77,23396.06,0
2026-02-26 18:15:00,23393.8,23408.96,23389.52,23406.16,0
2026-02-26 18:20:00,23404.92,23410.7,23399.53,23402.96,0
2026-02-26 18:25:00,23400.3,23401.8,23388.75,23397.6,0
2026-02-26 18:30:00,23397.6,23397.81,23381.05,23386.44,0
2026-02-26 18:35:00,23385.67,23386.4,23367.0,23381.52,0
2026-02-26 18:40:00,23381.84,23381.84,23364.11,23369.91,0
2026-02-26 18:45:00,23369.5,23376.01,23356.8,23358.34,0
2026-02-26 18:50:00,23358.34,23374.12,23354.68,23373.74,0
2026-02-26 18:55:00,23374.12,23379.51,23365.65,23372.96,0
2026-02-26 19:00:00,23374.12,23375.66,23357.95,23360.64,0
2026-02-26 19:05:00,23361.8,23386.05,23361.03,23384.13,0
2026-02-26 19:10:00,23384.71,23392.6,23382.2,23388.36,0
2026-02-26 19:15:00,23388.42,23397.6,23384.9,23396.45,0
2026-02-26 19:20:00,23396.45,23401.46,23384.18,23388.36,0
2026-02-26 19:25:00,23388.75,23388.75,23372.2,23376.43,0
2026-02-26 19:30:00,23374.12,23379.12,23360.26,23368.15,0
2026-02-26 19:35:00,23366.8,23373.38,23349.81,23352.18,0
2026-02-26 19:40:00,23353.33,23357.18,23339.86,23341.78,0
2026-02-26 19:45:00,23341.01,23367.19,23336.74,23364.9,0
2026-02-26 19:50:00,23365.84,23374.12,23363.72,23366.23,0
2026-02-26 19:55:00,23366.41,23367.58,23360.64,23363.72,0
2026-02-27 04:00:00,23451.12,23453.82,23435.72,23438.41,0
2026-02-27 04:05:00,23447.27,23460.36,23447.27,23448.81,0
2026-02-27 04:10:00,23450.74,23469.22,23450.74,23460.36,0
2026-02-27 04:15:00,23463.82,23476.53,23463.82,23473.84,0
2026-02-27 04:20:00,23475.38,23478.46,23450.35,23458.44,0
2026-02-27 04:25:00,23454.97,23461.9,23450.74,23459.98,0
2026-02-27 04:30:00,23457.66,23458.82,23446.5,23446.5,0
2026-02-27 04:35:00,23448.81,23450.35,23425.71,23436.1,0
2026-02-27 04:40:00,23433.02,23436.1,23418.4,23418.4,0
2026-02-27 04:45:00,23417.62,23423.02,23411.85,23419.16,0
2026-02-27 04:50:00,23421.09,23430.33,23417.62,23418.4,0
2026-02-27 04:55:00,23421.09,23423.4,23416.86,23416.86,0
2026-02-27 05:00:00,23409.92,23409.92,23378.74,23381.82,0
2026-02-27 05:05:00,23381.05,23395.3,23379.51,23392.6,0
2026-02-27 05:10:00,23392.22,23392.22,23357.56,23371.42,0
2026-02-27 05:15:00,23379.12,23395.3,23379.12,23392.98,0
2026-02-27 05:20:00,23395.3,23400.3,23391.45,23397.22,0
2026-02-27 05:25:00,23400.68,23405.3,23396.06,23396.06,0
2026-02-27 05:30:00,23406.08,23427.25,23406.08,23423.02,0
2026-02-27 05:35:00,23420.32,23420.32,23405.69,23405.69,0
2026-02-27 05:40:00,23409.54,23420.7,23406.08,23420.7,0
